startup_id,startup_name,short_description,detailed_description,sector,sub_sectors,primary_technologies,secondary_technologies,years_of_operation,years_of_relevant_experience,team_size,team_capabilities,founder_experience_years,technical_team_percentage,annual_revenue,gross_margin_percentage,funding_stage,funding_amount,startup_stage,certifications,previous_government_projects,previous_enterprise_projects,successful_deployments,prototype_readiness,production_readiness,scalability_level,geographic_presence,headquarters_city,operating_states,preferred_deployment_locations,estimated_deployment_time_months,compliance_capability,support_capability,eligibility_status,capability_profile
773eea91-b7c9-43ca-9d88-ea91fc1fffe2,Trivedi Ltd,"Smart City startup focusing on Data Analytics, Edge Computing, Computer Vision","Trivedi Ltd specializes in Data Analytics, Edge Computing, Computer Vision combined with innovative software to solve smart city challenges.",Smart City,"['Defence', 'Disaster Management']","['Data Analytics', 'Edge Computing', 'Computer Vision']","['Cybersecurity', 'Drones']",12,7,123,Strong,19,41,10200000,25,Series B,2000000,Early Revenue,"['ISO 27001', 'None']",4,9,9,True,True,Low,National,Nashik,"['Gujarat', 'Delhi']",Pan India,3,Basic,24x7,Complete,highly_specialized
7ecaa4cc-d789-4c22-9962-ff06c3be3b3b,Dass Ltd,"Smart City startup focusing on Edge Computing, IoT, Computer Vision","We build Edge Computing, IoT, Computer Vision systems for smart city applications, delivering scalable solutions and intelligent integration.",Smart City,['Infrastructure'],"['Edge Computing', 'IoT', 'Computer Vision']",['Predictive Maintenance'],9,9,40,Average,23,73,49700000,50,Series C,11000000,MVP,['SOC 2'],3,16,1,True,True,Low,National,Delhi,"['Telangana', 'UP', 'West Bengal']",Pan India,6,Comprehensive,24x7,Complete,established_weak_relevance
690062e5-0fab-4748-a4e7-df8123c7c6ac,Kaul and Sons,"Agriculture startup focusing on Drones, Satellite Imaging, Computer Vision","An innovative startup leveraging Drones, Satellite Imaging, Computer Vision to revolutionize agriculture operations.",Agriculture,['Transportation'],"['Drones', 'Satellite Imaging', 'Computer Vision']",['Computer Vision'],10,8,93,Specialized,11,82,7800000,31,Bootstrapped,2000000,Prototype,"['SOC 2', 'None']",3,19,0,True,True,Medium,National,Kolkata,"['Tamil Nadu', 'West Bengal', 'Maharashtra']",Surat,5,Advanced,8x5,Incomplete,incomplete_eligibility
028aa565-0784-4a3c-88e2-550c05af0f04,Patla Ltd,"Healthcare startup focusing on Wearables, NLP","Patla Ltd specializes in Wearables, NLP combined with innovative software to solve healthcare challenges.",Healthcare,[],"['Wearables', 'NLP']",[],2,2,48,Average,18,65,49900000,61,Bootstrapped,10000000,MVP,"['ISO 27001', 'SOC 2']",3,7,4,True,True,Medium,Regional,Guwahati,"['Delhi', 'Telangana', 'Kerala', 'West Bengal']",Patna,4,Basic,24x7,Complete,early_stage_excellent_prototype
b763cf62-d912-4da5-8c19-4e29255d0fdc,Narayan-Kumer,"Logistics startup focusing on Predictive Analytics, Route Optimization","We provide end-to-end logistics services powered by Predictive Analytics, Route Optimization and a strong team of experts.",Logistics,['Disaster Management'],"['Predictive Analytics', 'Route Optimization']",['Satellite Imaging'],7,7,23,Specialized,22,48,2500000,46,Series C,0,Prototype,"['SOC 2', 'CMMI']",5,11,12,True,True,Medium,Local,Bhopal,['UP'],Noida,9,Advanced,8x5,Complete,excellent_tech_excellent_exp
8da016a1-93a1-4513-be08-698e1b1a59a4,Sankaran Ltd,"Public Safety startup focusing on Computer Vision, Biometrics","We provide end-to-end public safety services powered by Computer Vision, Biometrics and a strong team of experts.",Public Safety,"['Rural Development', 'Infrastructure']","['Computer Vision', 'Biometrics']","['IoT', 'Sensors']",6,6,7,Specialized,7,32,30800000,75,Bootstrapped,4000000,Early Revenue,"['CMMI', 'ISO 27001']",4,16,4,True,True,Medium,National,Jaipur,"['Kerala', 'Tamil Nadu']",Patna,9,Comprehensive,Community,Complete,strong_sector_weak_scale
512bc55a-44e1-4c4f-b373-40019e1ff53a,"Tara, Bera and Devan","Disaster Management startup focusing on Satellite Imaging, Predictive Analytics","We build Satellite Imaging, Predictive Analytics systems for disaster management applications, delivering scalable solutions and intelligent integration.",Disaster Management,"['Tourism', 'Water Management']","['Satellite Imaging', 'Predictive Analytics']","['Mobile Tech', 'IoT']",7,4,48,Specialized,22,40,29500000,39,Series C,20000000,Mature,"['SOC 2', 'None']",1,1,3,True,True,Low,Local,Kochi,"['Kerala', 'Telangana', 'Delhi']",Pan India,7,Comprehensive,Community,Incomplete,incomplete_eligibility
c48464e3-d8e9-4965-a5d6-90caa8431565,Banerjee-Kanda,"Disaster Management startup focusing on Predictive Analytics, Drones, IoT","We provide end-to-end disaster management services powered by Predictive Analytics, Drones, IoT and a strong team of experts.",Disaster Management,"['Healthcare', 'Cybersecurity']","['Predictive Analytics', 'Drones', 'IoT']","['Wearables', 'Blockchain']",7,5,39,Strong,14,47,18100000,43,Series C,9000000,MVP,"['None', 'CMMI']",1,15,10,True,True,Medium,Regional,Kolkata,"['Tamil Nadu', 'Maharashtra', 'UP']",Surat,7,Advanced,8x5,Complete,multi_sector
36d46684-6851-42dc-a9eb-13a9b3cc24d2,"Bandi, Malhotra and Tella","Water Management startup focusing on IoT, Predictive Analytics","Bandi, Malhotra and Tella specializes in IoT, Predictive Analytics combined with innovative software to solve water management challenges.",Water Management,[],"['IoT', 'Predictive Analytics']",[],15,14,6,Strong,24,77,13800000,44,Series C,7000000,MVP,['SOC 2'],5,7,1,True,True,Low,Regional,Jaipur,"['Maharashtra', 'Telangana', 'Karnataka', 'Tamil Nadu']",New Delhi,11,Advanced,24x7,Complete,multi_sector
2d2edeb2-aef4-4dc0-b040-898bdf321219,"Balasubramanian, Sharaf and Dixit","Transportation startup focusing on Route Optimization, Predictive Maintenance","We build Route Optimization, Predictive Maintenance systems for transportation applications, delivering scalable solutions and intelligent integration.",Transportation,['Waste Management'],"['Route Optimization', 'Predictive Maintenance']",['Sensors'],15,15,4,Strong,19,66,47900000,47,Series C,3000000,Early Revenue,"['CMMI', 'None']",4,16,15,True,True,Low,National,Kochi,"['Delhi', 'Maharashtra', 'Telangana']",New Delhi,11,Advanced,Community,Complete,established_weak_relevance
685c3ea2-6227-4c79-980b-d21838bc417e,Ray Inc,"Defence startup focusing on Cybersecurity, Robotics, AI","We provide end-to-end defence services powered by Cybersecurity, Robotics, AI and a strong team of experts.",Defence,[],"['Cybersecurity', 'Robotics', 'AI']",[],11,3,49,Specialized,12,41,16700000,21,Seed,15000000,Early Revenue,['ISO 27001'],2,12,7,True,True,Medium,Regional,Jaipur,"['Karnataka', 'Tamil Nadu', 'Gujarat']",Pan India,1,Comprehensive,8x5,Complete,multi_sector
7db80207-0f00-410d-8234-ce16e0d9b48e,Narang-Shetty,"Rural Development startup focusing on Data Analytics, Renewable Tech","We provide end-to-end rural development services powered by Data Analytics, Renewable Tech and a strong team of experts.",Rural Development,['Defence'],"['Data Analytics', 'Renewable Tech']",['Computer Vision'],15,15,7,Specialized,23,88,23200000,57,Series B,17000000,MVP,['ISO 27001'],4,14,11,True,True,Low,National,Hyderabad,['UP'],Pan India,10,Comprehensive,8x5,Complete,high_exp_weak_tech
fc4ccf17-7556-4af3-b86e-822937690624,Deshpande and Sons,"Defence startup focusing on Computer Vision, Drones","We build Computer Vision, Drones systems for defence applications, delivering scalable solutions and intelligent integration.",Defence,['Logistics'],"['Computer Vision', 'Drones']",['Predictive Analytics'],2,2,9,Specialized,16,73,21200000,68,Series A,0,Growth,"['ISO 27001', 'None']",1,18,2,True,False,Medium,National,Mumbai,['Maharashtra'],Pan India,5,Advanced,8x5,Complete,multi_sector
7d0ef47a-38ec-4f9e-b0b2-e15969ea994c,"Kumer, Goda and Bakshi","Cybersecurity startup focusing on Cryptography, Blockchain","We build Cryptography, Blockchain systems for cybersecurity applications, delivering scalable solutions and intelligent integration.",Cybersecurity,"['Governance', 'FinTech']","['Cryptography', 'Blockchain']",['Blockchain'],14,12,10,Strong,18,59,6500000,38,Series C,13000000,Mature,"['SOC 2', 'ISO 27001']",3,11,4,True,True,Medium,Local,Coimbatore,['Karnataka'],Surat,10,Basic,8x5,Complete,high_exp_weak_tech
3b9a0fe2-823f-4311-be23-653e11414b95,"Pandey, Bhardwaj and Kade",Transportation startup focusing on Route Optimization,"We build Route Optimization systems for transportation applications, delivering scalable solutions and intelligent integration.",Transportation,[],['Route Optimization'],[],8,0,12,Strong,24,48,27600000,37,Seed,18000000,Early Revenue,"['SOC 2', 'CMMI']",1,16,7,True,True,Medium,Regional,Chennai,['UP'],Pan India,11,Comprehensive,24x7,Complete,strong_sector_weak_scale
d86654e5-d54a-4877-b1b4-c60cd424781c,Patil Group,"Infrastructure startup focusing on Sensors, Computer Vision","An innovative startup leveraging Sensors, Computer Vision to revolutionize infrastructure operations.",Infrastructure,['Healthcare'],"['Sensors', 'Computer Vision']",['Data Analytics'],15,15,19,Specialized,17,81,43400000,38,Series B,1000000,Mature,"['CMMI', 'None']",4,4,12,True,True,Low,Regional,Noida,"['Maharashtra', 'West Bengal', 'Kerala']",Pan India,9,Comprehensive,8x5,Complete,high_exp_weak_tech
45765258-919a-49e0-843e-345a9c5d175d,Garg-Doctor,"Healthcare startup focusing on NLP, Medical AI, Wearables","Garg-Doctor specializes in NLP, Medical AI, Wearables combined with innovative software to solve healthcare challenges.",Healthcare,['Public Safety'],"['NLP', 'Medical AI', 'Wearables']",['IoT'],2,2,10,Strong,25,37,48900000,11,Series B,7000000,Mature,['CMMI'],1,17,10,False,False,Medium,National,Nagpur,"['Tamil Nadu', 'UP', 'Telangana']",Chandigarh,8,Basic,Community,Complete,early_stage_excellent_prototype
4d3a059b-6af0-4eac-9c0c-adb01b4cab1f,Iyengar LLC,"Disaster Management startup focusing on Drones, Predictive Analytics","An innovative startup leveraging Drones, Predictive Analytics to revolutionize disaster management operations.",Disaster Management,['Transportation'],"['Drones', 'Predictive Analytics']",['Route Optimization'],10,3,116,Strong,16,51,29600000,63,Seed,12000000,Mature,['CMMI'],4,20,10,True,True,Medium,Regional,Coimbatore,"['West Bengal', 'Telangana', 'Gujarat', 'UP']",Pan India,12,Comprehensive,24x7,Incomplete,incomplete_eligibility
be13d337-7940-4b08-a617-adc0393e6ad7,Gade LLC,Defence startup focusing on Computer Vision,An innovative startup leveraging Computer Vision to revolutionize defence operations.,Defence,"['Healthcare', 'Logistics']",['Computer Vision'],"['Route Optimization', 'Medical AI']",7,2,5,Strong,22,72,25800000,68,Series B,0,Prototype,"['ISO 27001', 'CMMI']",4,8,9,True,True,Low,National,Nashik,"['Telangana', 'Maharashtra', 'Karnataka', 'Tamil Nadu']",Pan India,4,Comprehensive,Community,Complete,strong_sector_weak_scale
709604dc-15ee-4462-808f-79a3128443bc,Yohannan LLC,"Environment startup focusing on Sensors, Data Analytics","We provide end-to-end environment services powered by Sensors, Data Analytics and a strong team of experts.",Environment,[],"['Sensors', 'Data Analytics']",[],3,0,126,Average,20,60,4700000,61,Bootstrapped,20000000,Prototype,['ISO 27001'],3,13,10,True,True,High,Local,Gurugram,"['West Bengal', 'Tamil Nadu']",Pan India,11,Advanced,Community,Complete,excellent_tech_low_exp
ff3f26f9-2e93-45fe-ab24-a914f35de6fc,Patla-Bal,"Tourism startup focusing on VR/AR, Recommendation Systems","An innovative startup leveraging VR/AR, Recommendation Systems to revolutionize tourism operations.",Tourism,"['Healthcare', 'Defence']","['VR/AR', 'Recommendation Systems']","['NLP', 'Drones']",13,13,8,Average,25,77,12300000,59,Seed,2000000,Mature,"['ISO 27001', 'CMMI']",3,7,2,True,True,Medium,National,Visakhapatnam,"['Gujarat', 'Karnataka', 'UP', 'Telangana']",Kochi,4,Advanced,Community,Incomplete,incomplete_eligibility
56443945-1e89-4a4a-b03e-070185b2526d,"Lalla, Chand and Peri","Public Safety startup focusing on Biometrics, Computer Vision, IoT","We build Biometrics, Computer Vision, IoT systems for public safety applications, delivering scalable solutions and intelligent integration.",Public Safety,['Defence'],"['Biometrics', 'Computer Vision', 'IoT']",['Drones'],14,13,27,Strong,18,58,18400000,23,Series A,8000000,Prototype,['ISO 27001'],1,13,14,True,True,High,National,Chandigarh,"['Maharashtra', 'Karnataka', 'West Bengal', 'Telangana']",Pan India,10,Comprehensive,24x7,Complete,high_exp_weak_tech
420e0ace-77ff-4ee3-bd04-110000bb1926,Singh-Hari,"Public Safety startup focusing on Biometrics, IoT","An innovative startup leveraging Biometrics, IoT to revolutionize public safety operations.",Public Safety,[],"['Biometrics', 'IoT']",[],14,14,196,Average,21,39,7100000,44,Bootstrapped,5000000,Growth,"['CMMI', 'SOC 2']",3,2,11,True,True,Medium,Local,Coimbatore,"['Delhi', 'West Bengal', 'Karnataka', 'Maharashtra']",Pan India,7,Advanced,Community,Complete,high_exp_weak_tech
40f73b6c-3b00-4e1f-9d3e-9354d4678b8c,Dhar Ltd,"Public Safety startup focusing on Biometrics, Predictive Analytics","Dhar Ltd specializes in Biometrics, Predictive Analytics combined with innovative software to solve public safety challenges.",Public Safety,['Rural Development'],"['Biometrics', 'Predictive Analytics']",['Mobile Tech'],13,12,5,Average,19,47,37600000,72,Series B,11000000,Prototype,['SOC 2'],5,17,0,True,True,High,Regional,Nashik,"['West Bengal', 'Tamil Nadu']",Pan India,7,Comprehensive,24x7,Complete,established_weak_relevance
e56cc909-a3be-43dc-9838-a2ae6d6e2f72,Kapadia-Varty,"Cybersecurity startup focusing on Network Security, Cryptography","We build Network Security, Cryptography systems for cybersecurity applications, delivering scalable solutions and intelligent integration.",Cybersecurity,"['Water Management', 'Renewable Energy']","['Network Security', 'Cryptography']","['Predictive Analytics', 'Machine Learning']",8,7,179,Strong,15,72,35900000,78,Series A,5000000,Mature,['CMMI'],2,13,3,True,True,Low,Local,Chennai,"['UP', 'Delhi']",Kochi,7,Advanced,Community,Complete,established_weak_relevance
5ee76dcc-fc40-4f60-9bb8-eac17b31dd52,Dar Inc,"Tourism startup focusing on VR/AR, NLP","We provide end-to-end tourism services powered by VR/AR, NLP and a strong team of experts.",Tourism,"['Logistics', 'Cybersecurity']","['VR/AR', 'NLP']","['AI', 'Route Optimization']",2,2,19,Average,17,36,40100000,36,Series B,14000000,Early Revenue,['None'],0,3,0,False,True,High,Local,Coimbatore,"['UP', 'Telangana']",Pan India,6,Comprehensive,24x7,Complete,early_stage_excellent_prototype
6cec8b0b-5d84-49dd-9a03-0c020ba4da03,Karnik Group,"Rural Development startup focusing on Mobile Tech, IoT","We provide end-to-end rural development services powered by Mobile Tech, IoT and a strong team of experts.",Rural Development,[],"['Mobile Tech', 'IoT']",[],11,10,57,Specialized,17,54,45200000,35,Bootstrapped,6000000,MVP,"['ISO 27001', 'None']",0,17,5,True,True,Medium,Regional,Noida,"['Maharashtra', 'Tamil Nadu', 'Gujarat', 'Delhi']",Chandigarh,10,Advanced,Community,Incomplete,incomplete_eligibility
a464f0eb-d426-4919-9c3d-9992443b2915,"Dara, Wadhwa and Parikh","Public Safety startup focusing on Biometrics, Predictive Analytics","An innovative startup leveraging Biometrics, Predictive Analytics to revolutionize public safety operations.",Public Safety,"['Education', 'FinTech']","['Biometrics', 'Predictive Analytics']","['VR/AR', 'Data Analytics']",15,2,4,Specialized,17,62,5900000,33,Series B,13000000,Mature,['CMMI'],3,5,15,True,True,High,National,Nashik,"['UP', 'Telangana']",Bhubaneswar,3,Basic,24x7,Complete,strong_tech_geo_mismatch
fc83ec7b-842c-4b02-809e-29cb5425485c,Bumb LLC,Rural Development startup focusing on Renewable Tech,We provide end-to-end rural development services powered by Renewable Tech and a strong team of experts.,Rural Development,"['Healthcare', 'FinTech']",['Renewable Tech'],"['AI', 'Computer Vision']",14,6,42,Strong,15,66,21200000,66,Bootstrapped,7000000,Early Revenue,['None'],1,17,9,True,True,Low,Regional,Patna,"['UP', 'Maharashtra', 'Tamil Nadu', 'Karnataka']",Chennai,9,Basic,Community,Complete,highly_specialized
c5abb94e-2140-44a8-bdaa-065d5e7252f8,Dasgupta-Varughese,Rural Development startup focusing on Mobile Tech,We provide end-to-end rural development services powered by Mobile Tech and a strong team of experts.,Rural Development,"['Transportation', 'Governance']",['Mobile Tech'],"['NLP', 'Computer Vision']",8,4,7,Strong,12,80,10700000,54,Seed,6000000,Prototype,"['None', 'CMMI']",4,5,10,True,True,High,Regional,Ahmedabad,"['UP', 'Maharashtra', 'West Bengal']",Visakhapatnam,1,Advanced,Community,Complete,strong_sector_weak_scale
81e7bd11-33f5-4d1d-9bc0-c4ba024af5e8,Sachdev-Gokhale,Cybersecurity startup focusing on AI,We provide end-to-end cybersecurity services powered by AI and a strong team of experts.,Cybersecurity,['Renewable Energy'],['AI'],['IoT'],13,13,86,Average,14,70,32100000,63,Bootstrapped,12000000,Mature,"['None', 'SOC 2']",3,10,0,True,True,High,Local,Coimbatore,"['Gujarat', 'Maharashtra', 'Kerala', 'Tamil Nadu']",Pan India,7,Basic,24x7,Complete,strong_tech_geo_mismatch
aaa9c0d5-c646-42cb-8935-0b1894254f83,Grewal-Upadhyay,"Environment startup focusing on Data Analytics, IoT","Grewal-Upadhyay specializes in Data Analytics, IoT combined with innovative software to solve environment challenges.",Environment,['Water Management'],"['Data Analytics', 'IoT']",['Machine Learning'],13,5,75,Average,20,30,800000,25,Series B,6000000,MVP,"['SOC 2', 'CMMI']",0,20,11,True,True,Medium,Local,Lucknow,"['Karnataka', 'Kerala']",Nagpur,12,Comprehensive,8x5,Complete,highly_specialized
463c74e7-1e7d-4bda-9c4f-89aa9357da3c,Muni Group,Governance startup focusing on OCR,Muni Group specializes in OCR combined with innovative software to solve governance challenges.,Governance,"['Agriculture', 'Education']",['OCR'],"['ML', 'NLP']",1,1,10,Average,3,44,44000000,64,Series B,2000000,Prototype,['None'],2,9,4,False,True,High,National,Delhi,['UP'],Pan India,10,Comprehensive,8x5,Complete,early_stage_excellent_prototype
aea38a59-a60f-4b5c-b078-3747bb94daed,"Seth, Gopal and Rout","Rural Development startup focusing on Mobile Tech, Renewable Tech, Data Analytics","Seth, Gopal and Rout specializes in Mobile Tech, Renewable Tech, Data Analytics combined with innovative software to solve rural development challenges.",Rural Development,['Transportation'],"['Mobile Tech', 'Renewable Tech', 'Data Analytics']",['IoT'],13,12,200,Average,23,35,16100000,27,Seed,17000000,Mature,"['ISO 27001', 'None']",2,6,6,True,True,High,Regional,Ahmedabad,['Delhi'],Bhubaneswar,2,Basic,24x7,Complete,established_weak_relevance
f1fd0f83-a5e3-4e33-8693-5a547a901e91,Taneja LLC,"Skill Development startup focusing on VR/AR, NLP, Machine Learning","We build VR/AR, NLP, Machine Learning systems for skill development applications, delivering scalable solutions and intelligent integration.",Skill Development,[],"['VR/AR', 'NLP', 'Machine Learning']",[],15,15,189,Average,18,32,800000,18,Bootstrapped,12000000,Mature,"['CMMI', 'SOC 2']",5,12,2,True,True,High,National,Kolkata,"['Tamil Nadu', 'Maharashtra']",Pan India,9,Basic,8x5,Complete,high_exp_weak_tech
a5bd67db-0b76-4156-9d41-a0f7bc0e51fa,Mutti-Rastogi,"Infrastructure startup focusing on Predictive Maintenance, IoT, Computer Vision","An innovative startup leveraging Predictive Maintenance, IoT, Computer Vision to revolutionize infrastructure operations.",Infrastructure,['Public Safety'],"['Predictive Maintenance', 'IoT', 'Computer Vision']",['IoT'],1,0,37,Specialized,24,72,31100000,17,Seed,3000000,Prototype,['ISO 27001'],1,15,11,False,True,Medium,Local,Coimbatore,"['Maharashtra', 'Karnataka', 'Telangana']",Indore,9,Basic,24x7,Incomplete,incomplete_eligibility
4b853776-1318-438e-a033-df8ee0cf47e1,Kuruvilla PLC,"Tourism startup focusing on Mobile Tech, VR/AR","Kuruvilla PLC specializes in Mobile Tech, VR/AR combined with innovative software to solve tourism challenges.",Tourism,"['Agriculture', 'Disaster Management']","['Mobile Tech', 'VR/AR']","['ML', 'Predictive Analytics']",1,0,196,Strong,16,53,2200000,11,Series B,4000000,MVP,['CMMI'],1,10,7,False,False,Medium,Local,Patna,"['Maharashtra', 'Karnataka', 'UP']",Pan India,7,Basic,24x7,Complete,excellent_tech_low_exp
a1392cef-d6fb-4dbd-976a-8482ea0cfbbc,"Dugal, Jayaraman and Kata",Water Management startup focusing on Machine Learning,An innovative startup leveraging Machine Learning to revolutionize water management operations.,Water Management,['Waste Management'],['Machine Learning'],['IoT'],6,1,127,Specialized,21,79,12400000,69,Seed,17000000,MVP,['ISO 27001'],3,0,7,True,True,High,Regional,Nagpur,['Gujarat'],Bengaluru,12,Comprehensive,24x7,Incomplete,incomplete_eligibility
a95657d3-b83f-49ec-8654-b89807406757,"Rai, Sundaram and Bath","Education startup focusing on VR/AR, Recommendation Systems, Machine Learning","We provide end-to-end education services powered by VR/AR, Recommendation Systems, Machine Learning and a strong team of experts.",Education,[],"['VR/AR', 'Recommendation Systems', 'Machine Learning']",[],1,0,6,Specialized,3,67,21100000,57,Bootstrapped,16000000,MVP,"['ISO 27001', 'None']",4,1,13,True,True,Medium,Regional,Jaipur,"['Gujarat', 'UP', 'Delhi', 'Telangana']",Pan India,4,Basic,Community,Complete,multi_sector
7b7a01c2-c042-40e6-83d8-a9dc3e4a0eba,Dani Ltd,Education startup focusing on VR/AR,We provide end-to-end education services powered by VR/AR and a strong team of experts.,Education,[],['VR/AR'],[],1,1,80,Average,4,35,23100000,49,Seed,9000000,Mature,['SOC 2'],2,4,2,True,False,Medium,National,Pune,"['Tamil Nadu', 'Telangana', 'Karnataka']",Bhopal,9,Comprehensive,Community,Complete,early_stage_excellent_prototype
24340f26-f483-4615-8314-7b86363470e1,Chauhan and Sons,"Renewable Energy startup focusing on Predictive Analytics, ML","An innovative startup leveraging Predictive Analytics, ML to revolutionize renewable energy operations.",Renewable Energy,[],"['Predictive Analytics', 'ML']",[],13,11,2,Strong,13,34,32200000,20,Seed,20000000,Growth,['ISO 27001'],2,3,1,True,True,Medium,Local,New Delhi,"['Kerala', 'West Bengal', 'Karnataka', 'Delhi']",Surat,3,Advanced,8x5,Complete,established_weak_relevance
6458c988-b970-477e-80e7-3ec32433531d,Sharma-Ratta,"Defence startup focusing on Drones, Computer Vision","We provide end-to-end defence services powered by Drones, Computer Vision and a strong team of experts.",Defence,['Environment'],"['Drones', 'Computer Vision']",['Data Analytics'],11,4,36,Strong,17,42,4400000,45,Series C,7000000,Mature,['CMMI'],5,11,15,True,True,High,Regional,Lucknow,"['Kerala', 'Tamil Nadu', 'Maharashtra']",Bengaluru,10,Basic,8x5,Complete,excellent_tech_excellent_exp
5c5c98a7-c5e0-4dfb-b8a6-5da469d51cd1,"Gaba, Mohanty and Sengupta","Environment startup focusing on IoT, Satellite Imaging","Gaba, Mohanty and Sengupta specializes in IoT, Satellite Imaging combined with innovative software to solve environment challenges.",Environment,[],"['IoT', 'Satellite Imaging']",[],4,1,25,Specialized,16,52,41700000,17,Seed,5000000,MVP,"['None', 'CMMI']",0,11,4,True,True,Medium,National,Ahmedabad,"['West Bengal', 'Karnataka']",Pan India,4,Comprehensive,8x5,Complete,multi_sector
2f2af417-ca60-4ed8-ab6c-ed5ca2d0fc0a,"Gole, Sandal and Ranganathan","Smart City startup focusing on IoT, Computer Vision","We build IoT, Computer Vision systems for smart city applications, delivering scalable solutions and intelligent integration.",Smart City,['Disaster Management'],"['IoT', 'Computer Vision']",['Drones'],12,2,7,Specialized,25,53,36000000,28,Bootstrapped,11000000,Growth,['None'],2,10,4,True,True,Low,National,Indore,"['Gujarat', 'Telangana', 'UP', 'Tamil Nadu']",Nashik,4,Comprehensive,Community,Incomplete,incomplete_eligibility
ad9aa8f5-a6db-4348-8732-5b07afabdd57,Gill-Chopra,"Defence startup focusing on Cybersecurity, Drones, Computer Vision","We build Cybersecurity, Drones, Computer Vision systems for defence applications, delivering scalable solutions and intelligent integration.",Defence,['Water Management'],"['Cybersecurity', 'Drones', 'Computer Vision']",['IoT'],12,9,8,Average,14,51,16200000,38,Bootstrapped,7000000,Early Revenue,"['SOC 2', 'None']",0,20,10,True,True,Medium,Local,Chennai,"['Delhi', 'Maharashtra']",Lucknow,2,Comprehensive,8x5,Incomplete,incomplete_eligibility
6875142e-f274-4956-8288-5689760d63da,"Wadhwa, Nigam and Yohannan","Healthcare startup focusing on Wearables, Computer Vision, NLP","Wadhwa, Nigam and Yohannan specializes in Wearables, Computer Vision, NLP combined with innovative software to solve healthcare challenges.",Healthcare,['Rural Development'],"['Wearables', 'Computer Vision', 'NLP']",['Renewable Tech'],15,12,7,Average,16,81,40300000,38,Bootstrapped,9000000,Prototype,"['None', 'ISO 27001']",0,10,5,True,True,Medium,Local,Coimbatore,['UP'],Mumbai,10,Comprehensive,24x7,Complete,highly_specialized
ff99f8bf-07a7-4343-882e-c0c6564d05ab,Bera-Jain,"Smart City startup focusing on Data Analytics, Computer Vision, Edge Computing","An innovative startup leveraging Data Analytics, Computer Vision, Edge Computing to revolutionize smart city operations.",Smart City,['Defence'],"['Data Analytics', 'Computer Vision', 'Edge Computing']",['Computer Vision'],6,1,191,Strong,9,33,13500000,46,Series B,18000000,Mature,"['SOC 2', 'ISO 27001']",2,0,13,True,True,Low,Regional,Surat,"['Delhi', 'Maharashtra', 'Karnataka', 'West Bengal']",New Delhi,2,Advanced,8x5,Complete,multi_sector
64dd18e3-27d4-4574-9c26-320b5723bdaf,Verma-Yohannan,"Water Management startup focusing on Sensors, IoT","We provide end-to-end water management services powered by Sensors, IoT and a strong team of experts.",Water Management,['Disaster Management'],"['Sensors', 'IoT']",['IoT'],3,2,33,Average,10,83,13400000,66,Series A,18000000,Prototype,['ISO 27001'],0,11,13,True,True,High,Local,Bhopal,"['UP', 'West Bengal', 'Tamil Nadu', 'Maharashtra']",Bhubaneswar,2,Advanced,Community,Complete,excellent_tech_excellent_exp
5a8716b3-a422-441a-a4cf-02bd95f833c4,Patla-Lad,"Healthcare startup focusing on NLP, Computer Vision, Medical AI","An innovative startup leveraging NLP, Computer Vision, Medical AI to revolutionize healthcare operations.",Healthcare,"['Tourism', 'Logistics']","['NLP', 'Computer Vision', 'Medical AI']","['IoT', 'Recommendation Systems']",3,1,18,Average,5,35,10300000,28,Series B,17000000,Growth,"['None', 'CMMI']",3,0,13,True,True,Medium,Local,Delhi,['Maharashtra'],Pan India,5,Comprehensive,24x7,Complete,excellent_tech_low_exp
246d0456-eda4-4456-a031-c9498ed52f17,"Kulkarni, Seshadri and Apte","Governance startup focusing on Blockchain, Data Analytics, NLP","We provide end-to-end governance services powered by Blockchain, Data Analytics, NLP and a strong team of experts.",Governance,['Public Safety'],"['Blockchain', 'Data Analytics', 'NLP']",['IoT'],13,11,4,Average,18,31,12100000,16,Series A,9000000,Early Revenue,"['CMMI', 'None']",5,3,7,True,True,Low,Regional,Coimbatore,"['Gujarat', 'Tamil Nadu', 'UP', 'Delhi']",Pan India,4,Advanced,8x5,Complete,established_weak_relevance
06b71e23-c76b-4c0a-b283-b05f3c8a076a,"Subramaniam, Randhawa and Basu","Governance startup focusing on NLP, OCR","Subramaniam, Randhawa and Basu specializes in NLP, OCR combined with innovative software to solve governance challenges.",Governance,"['Disaster Management', 'Logistics']","['NLP', 'OCR']","['Satellite Imaging', 'Blockchain']",12,8,184,Strong,15,32,8800000,34,Series B,1000000,Early Revenue,['None'],2,14,12,True,True,High,Local,Surat,['Delhi'],Lucknow,10,Advanced,8x5,Complete,excellent_tech_excellent_exp
c01bc46a-92f7-4721-ae16-716681759dfc,"Gill, Grewal and Nayak","Disaster Management startup focusing on Predictive Analytics, IoT","Gill, Grewal and Nayak specializes in Predictive Analytics, IoT combined with innovative software to solve disaster management challenges.",Disaster Management,"['Infrastructure', 'FinTech']","['Predictive Analytics', 'IoT']","['Predictive Maintenance', 'Data Analytics']",1,1,2,Average,21,56,33100000,38,Series C,0,Prototype,"['SOC 2', 'None']",1,19,0,True,False,High,Regional,Nashik,"['Kerala', 'UP', 'West Bengal']",Lucknow,5,Basic,24x7,Complete,strong_sector_weak_scale
ace05046-5f8e-469a-8250-4230ff1a69a3,Mitter-Toor,"Water Management startup focusing on IoT, Machine Learning, Predictive Analytics","Mitter-Toor specializes in IoT, Machine Learning, Predictive Analytics combined with innovative software to solve water management challenges.",Water Management,"['Logistics', 'Public Safety']","['IoT', 'Machine Learning', 'Predictive Analytics']","['Predictive Analytics', 'Blockchain']",2,2,14,Strong,18,78,13300000,48,Seed,1000000,Mature,"['None', 'CMMI']",1,0,15,False,False,Medium,Regional,Bhopal,['Delhi'],Pan India,11,Comprehensive,Community,Complete,early_stage_excellent_prototype
abd54c06-10eb-457c-a7f6-54f145134c97,Brar Group,"Disaster Management startup focusing on Predictive Analytics, Drones","An innovative startup leveraging Predictive Analytics, Drones to revolutionize disaster management operations.",Disaster Management,"['FinTech', 'Logistics']","['Predictive Analytics', 'Drones']","['IoT', 'Fraud Detection']",5,0,116,Specialized,7,44,39000000,33,Series A,7000000,Early Revenue,"['None', 'SOC 2']",2,18,9,True,True,Medium,Local,Bhubaneswar,['Maharashtra'],Pan India,9,Basic,Community,Complete,multi_sector
47f16ac2-4360-4045-8564-d15589309031,Dubey-Chand,Public Safety startup focusing on IoT,An innovative startup leveraging IoT to revolutionize public safety operations.,Public Safety,"['Water Management', 'Governance']",['IoT'],"['OCR', 'Predictive Analytics']",9,8,130,Specialized,10,30,17000000,32,Series B,8000000,MVP,['SOC 2'],3,2,4,True,True,High,Regional,Nagpur,"['Kerala', 'UP', 'Delhi', 'West Bengal']",Pan India,9,Basic,Community,Complete,high_exp_weak_tech
f9367a55-9327-441a-9b37-db69481a8ea7,Munshi-Lala,"FinTech startup focusing on Fraud Detection, AI","Munshi-Lala specializes in Fraud Detection, AI combined with innovative software to solve fintech challenges.",FinTech,[],"['Fraud Detection', 'AI']",[],9,8,24,Strong,10,49,25700000,49,Series A,14000000,Mature,"['CMMI', 'None']",1,10,15,True,True,Medium,Local,New Delhi,"['Karnataka', 'Delhi', 'Maharashtra', 'Gujarat']",Pan India,12,Basic,Community,Complete,high_exp_weak_tech
a5718393-6842-46bf-b04a-4900439cbfe2,Rai Inc,Logistics startup focusing on Blockchain,"We build Blockchain systems for logistics applications, delivering scalable solutions and intelligent integration.",Logistics,[],['Blockchain'],[],12,10,115,Specialized,25,31,2400000,16,Bootstrapped,3000000,Growth,"['CMMI', 'ISO 27001']",4,8,15,True,True,High,Local,Noida,['Tamil Nadu'],Pan India,11,Comprehensive,24x7,Incomplete,incomplete_eligibility
038e21e4-7c8f-42cb-8679-7c6e6bfa2a58,"Kapoor, Dar and Sharaf",Skill Development startup focusing on VR/AR,An innovative startup leveraging VR/AR to revolutionize skill development operations.,Skill Development,"['Cybersecurity', 'Governance']",['VR/AR'],"['NLP', 'AI']",13,1,22,Specialized,19,48,49800000,35,Seed,1000000,Mature,"['SOC 2', 'None']",3,10,7,True,True,Low,Local,Surat,['Maharashtra'],Patna,3,Basic,Community,Complete,multi_sector
a1154c45-8602-4d12-b948-38ad9c66b8f2,Basak-Loke,"Agriculture startup focusing on IoT, ML, Drones","We build IoT, ML, Drones systems for agriculture applications, delivering scalable solutions and intelligent integration.",Agriculture,"['Education', 'Environment']","['IoT', 'ML', 'Drones']","['Satellite Imaging', 'Machine Learning']",2,2,12,Strong,2,84,37800000,24,Seed,20000000,MVP,"['None', 'SOC 2']",4,8,2,False,False,Low,Local,Bhopal,"['West Bengal', 'Tamil Nadu', 'Kerala', 'Delhi']",Nashik,7,Comprehensive,8x5,Complete,early_stage_excellent_prototype
352006a7-8aa9-4218-bad0-884a130c13c1,Kalita-Ray,"Education startup focusing on NLP, Recommendation Systems, Machine Learning","We provide end-to-end education services powered by NLP, Recommendation Systems, Machine Learning and a strong team of experts.",Education,[],"['NLP', 'Recommendation Systems', 'Machine Learning']",[],7,7,21,Average,10,86,1400000,26,Series B,14000000,Prototype,['None'],5,10,0,True,True,High,National,Chandigarh,"['Gujarat', 'Maharashtra']",Pan India,8,Advanced,Community,Incomplete,incomplete_eligibility
888615fb-3d8a-4ed9-beef-1a61dd2244bc,Chowdhury-Sahni,"Public Safety startup focusing on Computer Vision, Biometrics, Predictive Analytics","We build Computer Vision, Biometrics, Predictive Analytics systems for public safety applications, delivering scalable solutions and intelligent integration.",Public Safety,[],"['Computer Vision', 'Biometrics', 'Predictive Analytics']",[],1,1,20,Specialized,8,65,16900000,45,Series B,12000000,MVP,['CMMI'],3,18,14,True,False,Medium,Regional,Hyderabad,"['Karnataka', 'Maharashtra', 'Delhi', 'Kerala']",Pan India,2,Comprehensive,Community,Complete,early_stage_excellent_prototype
6507640e-ef56-433d-b849-21649a3e999e,Nori PLC,"Water Management startup focusing on Machine Learning, Predictive Analytics, Sensors","Nori PLC specializes in Machine Learning, Predictive Analytics, Sensors combined with innovative software to solve water management challenges.",Water Management,"['Infrastructure', 'Transportation']","['Machine Learning', 'Predictive Analytics', 'Sensors']","['Predictive Maintenance', 'IoT']",2,2,171,Strong,12,52,5800000,22,Series A,17000000,Mature,"['ISO 27001', 'CMMI']",1,15,4,False,True,Medium,National,Noida,"['Maharashtra', 'Kerala']",Noida,4,Comprehensive,24x7,Complete,early_stage_excellent_prototype
a4658e2c-9612-49cb-8d07-38c0a30dbfca,"Ravel, Sarraf and Sathe","Education startup focusing on NLP, VR/AR, Machine Learning","We provide end-to-end education services powered by NLP, VR/AR, Machine Learning and a strong team of experts.",Education,['Healthcare'],"['NLP', 'VR/AR', 'Machine Learning']",['NLP'],9,2,185,Specialized,14,74,28300000,65,Series C,5000000,MVP,['CMMI'],5,19,10,True,True,High,Regional,Indore,"['Tamil Nadu', 'Kerala']",Jaipur,8,Basic,8x5,Complete,excellent_tech_excellent_exp
7a98a52e-cbad-4f7a-a00e-e216e96b01c4,Cherian-Tella,"Governance startup focusing on Data Analytics, Machine Learning, Blockchain","We provide end-to-end governance services powered by Data Analytics, Machine Learning, Blockchain and a strong team of experts.",Governance,"['Logistics', 'Water Management']","['Data Analytics', 'Machine Learning', 'Blockchain']","['IoT', 'Predictive Analytics']",13,11,83,Specialized,22,90,5900000,55,Series B,17000000,Early Revenue,"['ISO 27001', 'None']",0,0,12,True,True,Low,Local,Surat,['Delhi'],Pan India,5,Comprehensive,24x7,Complete,high_exp_weak_tech
78263579-bb04-49a8-87ea-2013cb181608,Sathe-Buch,"Cybersecurity startup focusing on AI, Network Security, Blockchain","An innovative startup leveraging AI, Network Security, Blockchain to revolutionize cybersecurity operations.",Cybersecurity,[],"['AI', 'Network Security', 'Blockchain']",[],1,1,9,Specialized,22,33,19900000,40,Series B,12000000,Growth,"['ISO 27001', 'CMMI']",5,8,6,False,True,High,National,Nashik,"['UP', 'Delhi', 'Kerala']",Pan India,5,Advanced,8x5,Complete,multi_sector
1b57bdcb-d1ff-4c2e-a84d-e32fce92ac12,"Wali, Sengupta and Nigam",Agriculture startup focusing on Drones,An innovative startup leveraging Drones to revolutionize agriculture operations.,Agriculture,[],['Drones'],[],2,1,121,Strong,12,59,6600000,30,Seed,1000000,MVP,"['ISO 27001', 'None']",4,9,15,False,True,High,Regional,Chandigarh,"['Telangana', 'Maharashtra']",Pan India,7,Comprehensive,Community,Complete,strong_tech_geo_mismatch
c8f7cf11-2fd5-435e-b704-de8f14d7082e,"Sekhon, Bajaj and Garg","Public Safety startup focusing on IoT, Computer Vision","We build IoT, Computer Vision systems for public safety applications, delivering scalable solutions and intelligent integration.",Public Safety,[],"['IoT', 'Computer Vision']",[],11,5,7,Strong,21,52,27100000,70,Series B,7000000,Mature,['ISO 27001'],5,10,12,True,True,Low,Regional,Chennai,"['Karnataka', 'Gujarat', 'Tamil Nadu']",Chandigarh,8,Basic,24x7,Incomplete,incomplete_eligibility
9ad57ef8-d5e4-4e79-b6d8-4b4b98b54209,Merchant Ltd,Transportation startup focusing on Route Optimization,"We build Route Optimization systems for transportation applications, delivering scalable solutions and intelligent integration.",Transportation,['Logistics'],['Route Optimization'],['IoT'],13,8,10,Strong,21,83,44200000,64,Series B,20000000,Prototype,['ISO 27001'],3,10,1,True,True,Low,Local,Pune,"['Tamil Nadu', 'Maharashtra']",Pan India,5,Advanced,24x7,Complete,strong_sector_weak_scale
4085c787-eb0e-403e-b061-cab63dd7ec28,Arya-Raj,"Rural Development startup focusing on IoT, Mobile Tech","An innovative startup leveraging IoT, Mobile Tech to revolutionize rural development operations.",Rural Development,"['Public Safety', 'Governance']","['IoT', 'Mobile Tech']","['Computer Vision', 'Data Analytics']",2,1,141,Average,14,55,31000000,21,Bootstrapped,15000000,MVP,['SOC 2'],5,12,9,True,False,High,National,Nagpur,"['Karnataka', 'Telangana', 'UP']",Pan India,10,Comprehensive,24x7,Complete,excellent_tech_low_exp
0340e55a-bb02-43b6-b8c7-4e306758121f,"Karan, Badami and Shenoy",Infrastructure startup focusing on Computer Vision,"Karan, Badami and Shenoy specializes in Computer Vision combined with innovative software to solve infrastructure challenges.",Infrastructure,"['Agriculture', 'Water Management']",['Computer Vision'],"['IoT', 'Machine Learning']",15,4,106,Specialized,24,84,9900000,24,Bootstrapped,17000000,Growth,['None'],5,2,8,True,True,Low,Local,Coimbatore,"['Gujarat', 'UP', 'Maharashtra', 'West Bengal']",Pan India,2,Advanced,Community,Complete,strong_tech_geo_mismatch
2547bd34-68b8-4ff1-83ca-28acfbf4fb1b,"Raman, Wadhwa and Vala","Agriculture startup focusing on ML, Drones","We provide end-to-end agriculture services powered by ML, Drones and a strong team of experts.",Agriculture,[],"['ML', 'Drones']",[],6,4,89,Strong,6,50,18600000,50,Seed,7000000,Growth,"['None', 'ISO 27001']",5,10,15,True,True,Medium,Regional,Lucknow,"['West Bengal', 'Maharashtra', 'UP']",Pan India,5,Basic,Community,Incomplete,incomplete_eligibility
c10a2927-7138-462e-8327-be78e8c3be44,"Panchal, Wali and Tandon","Transportation startup focusing on Route Optimization, Predictive Maintenance, Computer Vision","We provide end-to-end transportation services powered by Route Optimization, Predictive Maintenance, Computer Vision and a strong team of experts.",Transportation,['Agriculture'],"['Route Optimization', 'Predictive Maintenance', 'Computer Vision']",['Drones'],10,6,12,Specialized,14,53,45700000,79,Series B,7000000,Mature,"['SOC 2', 'CMMI']",4,16,2,True,True,Medium,Regional,Chandigarh,['Delhi'],Pan India,9,Basic,24x7,Complete,multi_sector
6492679e-eeae-4f02-97c4-029f88180058,Comar-Padmanabhan,"Defence startup focusing on Robotics, Drones, Cybersecurity","An innovative startup leveraging Robotics, Drones, Cybersecurity to revolutionize defence operations.",Defence,[],"['Robotics', 'Drones', 'Cybersecurity']",[],12,7,12,Strong,12,72,3200000,43,Seed,16000000,Early Revenue,"['CMMI', 'SOC 2']",0,1,10,True,True,Low,National,Chandigarh,"['Tamil Nadu', 'Telangana', 'Delhi']",Nagpur,6,Comprehensive,Community,Complete,strong_sector_weak_scale
6858c92e-7d2a-4505-9637-f2afcd885c8b,Natt Group,Agriculture startup focusing on Drones,We provide end-to-end agriculture services powered by Drones and a strong team of experts.,Agriculture,"['Environment', 'Public Safety']",['Drones'],"['Satellite Imaging', 'Predictive Analytics']",14,13,173,Strong,17,34,25600000,27,Series C,20000000,Early Revenue,['SOC 2'],1,5,11,True,True,High,National,Hyderabad,"['Kerala', 'Gujarat']",Pan India,8,Comprehensive,24x7,Complete,excellent_tech_excellent_exp
0c4fbcae-bc00-4417-b725-72e472da0167,"Sur, Mukhopadhyay and Golla","Disaster Management startup focusing on Predictive Analytics, Drones, IoT","Sur, Mukhopadhyay and Golla specializes in Predictive Analytics, Drones, IoT combined with innovative software to solve disaster management challenges.",Disaster Management,[],"['Predictive Analytics', 'Drones', 'IoT']",[],10,8,196,Strong,15,46,26200000,15,Seed,16000000,Growth,['None'],0,6,14,True,True,High,Regional,Bhubaneswar,"['Delhi', 'Kerala']",Pan India,10,Basic,Community,Complete,high_exp_weak_tech
f6652c79-189c-4b57-b536-8445483195ea,Palla PLC,"Logistics startup focusing on Blockchain, IoT, Route Optimization","We provide end-to-end logistics services powered by Blockchain, IoT, Route Optimization and a strong team of experts.",Logistics,['Defence'],"['Blockchain', 'IoT', 'Route Optimization']",['Drones'],7,6,4,Strong,10,41,44000000,74,Series B,19000000,Mature,['ISO 27001'],0,15,4,True,True,High,National,Bengaluru,"['UP', 'Kerala', 'Telangana', 'Karnataka']",Nashik,4,Advanced,24x7,Complete,multi_sector
8481ee3a-88ec-4d38-bc8e-d3ad3a21e6d6,Raman-Sagar,"FinTech startup focusing on AI, Data Analytics","We build AI, Data Analytics systems for fintech applications, delivering scalable solutions and intelligent integration.",FinTech,"['Tourism', 'Education']","['AI', 'Data Analytics']","['VR/AR', 'Recommendation Systems']",15,2,48,Specialized,23,37,9600000,10,Series C,0,Growth,['None'],3,11,3,True,True,Low,Regional,Nagpur,"['Tamil Nadu', 'Kerala', 'UP']",Lucknow,11,Advanced,8x5,Complete,strong_tech_geo_mismatch
65814d86-134e-40ff-9ec9-1986faadd78d,Warrior Ltd,Governance startup focusing on Machine Learning,"We build Machine Learning systems for governance applications, delivering scalable solutions and intelligent integration.",Governance,"['Infrastructure', 'Disaster Management']",['Machine Learning'],"['Drones', 'Sensors']",3,0,85,Strong,19,55,22800000,30,Series A,17000000,Mature,['SOC 2'],3,20,0,True,True,Low,Regional,Guwahati,"['Maharashtra', 'UP', 'Telangana', 'West Bengal']",Pan India,10,Basic,Community,Complete,excellent_tech_low_exp
971201b7-3da4-40ad-ad30-062e94a9ff84,Chawla-Dutt,"Public Safety startup focusing on Predictive Analytics, Biometrics, Computer Vision","We build Predictive Analytics, Biometrics, Computer Vision systems for public safety applications, delivering scalable solutions and intelligent integration.",Public Safety,['Skill Development'],"['Predictive Analytics', 'Biometrics', 'Computer Vision']",['NLP'],11,7,101,Specialized,19,63,14600000,34,Seed,19000000,MVP,['None'],1,20,0,True,True,Low,Local,Chennai,"['Gujarat', 'Kerala', 'Delhi', 'Tamil Nadu']",Pan India,12,Comprehensive,8x5,Complete,multi_sector
a933e550-46d6-4c09-ad39-7f24f1900c73,Deo and Sons,"Agriculture startup focusing on Satellite Imaging, Drones, IoT","An innovative startup leveraging Satellite Imaging, Drones, IoT to revolutionize agriculture operations.",Agriculture,"['Water Management', 'Infrastructure']","['Satellite Imaging', 'Drones', 'IoT']","['IoT', 'Predictive Analytics']",8,6,26,Average,11,81,5400000,19,Series C,8000000,Mature,"['CMMI', 'SOC 2']",4,15,7,True,True,Medium,Regional,Surat,"['Karnataka', 'West Bengal', 'UP', 'Telangana']",Mumbai,11,Basic,Community,Complete,multi_sector
9a311488-aba3-44d4-93ad-b9d3b653c37a,Halder-Dey,"Renewable Energy startup focusing on Predictive Analytics, Smart Grids","We provide end-to-end renewable energy services powered by Predictive Analytics, Smart Grids and a strong team of experts.",Renewable Energy,['Governance'],"['Predictive Analytics', 'Smart Grids']",['Machine Learning'],4,2,3,Average,15,43,47600000,32,Series C,8000000,MVP,['CMMI'],5,6,7,True,True,Medium,Local,Gurugram,"['Delhi', 'Gujarat']",Pan India,2,Basic,Community,Complete,multi_sector
215d6dd4-a3fb-4ddd-8ff4-7a8d3c997e7c,Bera Group,Disaster Management startup focusing on IoT,We provide end-to-end disaster management services powered by IoT and a strong team of experts.,Disaster Management,"['Smart City', 'Infrastructure']",['IoT'],"['Computer Vision', 'Edge Computing']",11,9,21,Average,19,32,6500000,16,Series C,11000000,Growth,['CMMI'],0,16,14,True,True,Medium,National,Bengaluru,['Delhi'],Pan India,6,Advanced,Community,Complete,established_weak_relevance
bda128de-4019-439c-a44b-d004991b73a5,"Sama, Chad and Bumb","Environment startup focusing on IoT, Sensors, Data Analytics","An innovative startup leveraging IoT, Sensors, Data Analytics to revolutionize environment operations.",Environment,[],"['IoT', 'Sensors', 'Data Analytics']",[],8,5,21,Average,16,58,21400000,57,Seed,18000000,MVP,['ISO 27001'],5,8,7,True,True,High,Regional,Bhopal,"['Telangana', 'UP']",Pan India,3,Advanced,24x7,Complete,strong_sector_weak_scale
fd4c5258-65f0-476c-b88f-36c32d29ce71,Bhatt LLC,"Cybersecurity startup focusing on AI, Cryptography, Network Security","We provide end-to-end cybersecurity services powered by AI, Cryptography, Network Security and a strong team of experts.",Cybersecurity,"['Logistics', 'Infrastructure']","['AI', 'Cryptography', 'Network Security']","['Predictive Maintenance', 'Blockchain']",7,1,13,Specialized,17,46,42900000,22,Series A,11000000,Mature,"['None', 'ISO 27001']",3,3,11,True,True,High,National,Noida,"['Tamil Nadu', 'Gujarat']",Jaipur,12,Advanced,8x5,Complete,highly_specialized
e1d9305f-39ce-4734-8b43-a51e8b1257a5,Khanna-Naidu,"Public Safety startup focusing on IoT, Computer Vision, Biometrics","An innovative startup leveraging IoT, Computer Vision, Biometrics to revolutionize public safety operations.",Public Safety,"['Water Management', 'Rural Development']","['IoT', 'Computer Vision', 'Biometrics']","['Renewable Tech', 'Machine Learning']",14,14,15,Specialized,18,68,16000000,50,Series B,8000000,Growth,"['CMMI', 'SOC 2']",1,5,0,True,True,Low,National,Gurugram,"['Maharashtra', 'Delhi', 'UP']",Pan India,2,Basic,24x7,Complete,strong_sector_weak_scale
cb8c5b7e-15f2-4d5a-b7da-5d3d0442c18d,Sampath Group,Infrastructure startup focusing on Sensors,We provide end-to-end infrastructure services powered by Sensors and a strong team of experts.,Infrastructure,[],['Sensors'],[],12,12,3,Specialized,14,38,12600000,46,Series C,5000000,Prototype,['None'],2,15,14,True,True,High,Regional,Kolkata,"['Telangana', 'UP', 'Tamil Nadu', 'Kerala']",Kochi,9,Comprehensive,Community,Complete,established_weak_relevance
e47a2172-0af6-4029-abc3-bca875b1315f,Shanker-Wali,"Infrastructure startup focusing on IoT, Predictive Maintenance","Shanker-Wali specializes in IoT, Predictive Maintenance combined with innovative software to solve infrastructure challenges.",Infrastructure,['FinTech'],"['IoT', 'Predictive Maintenance']",['NLP'],5,2,26,Average,14,60,0,76,Series C,0,Growth,"['None', 'ISO 27001']",3,9,7,True,True,Low,National,Lucknow,"['Kerala', 'UP']",Pan India,3,Comprehensive,Community,Complete,excellent_tech_excellent_exp
73f48220-3ac2-4280-9852-22a3647ec29c,Guha-Virk,"Public Safety startup focusing on Computer Vision, IoT","An innovative startup leveraging Computer Vision, IoT to revolutionize public safety operations.",Public Safety,['Renewable Energy'],"['Computer Vision', 'IoT']",['IoT'],11,11,28,Strong,21,59,9300000,27,Series C,14000000,Early Revenue,"['SOC 2', 'CMMI']",0,4,1,True,True,High,Local,New Delhi,['Tamil Nadu'],Pan India,12,Advanced,Community,Complete,established_weak_relevance
283ed0f9-9fd2-4962-8ed3-4ec716e873f5,Bajwa-Mane,Smart City startup focusing on IoT,"We build IoT systems for smart city applications, delivering scalable solutions and intelligent integration.",Smart City,[],['IoT'],[],1,1,31,Average,3,83,19000000,69,Seed,1000000,Early Revenue,"['ISO 27001', 'None']",3,5,6,False,False,Low,Local,Visakhapatnam,"['Kerala', 'West Bengal']",Pan India,4,Advanced,Community,Complete,highly_specialized
92c4a1f4-4d4a-4869-b96a-4419c78b4303,Basu-Chada,"Education startup focusing on Machine Learning, VR/AR","We build Machine Learning, VR/AR systems for education applications, delivering scalable solutions and intelligent integration.",Education,"['Transportation', 'Disaster Management']","['Machine Learning', 'VR/AR']","['IoT', 'Satellite Imaging']",12,8,17,Specialized,15,37,10100000,56,Seed,20000000,Growth,"['ISO 27001', 'CMMI']",2,18,3,True,True,Medium,Local,Bengaluru,['West Bengal'],Pan India,6,Basic,8x5,Complete,strong_tech_geo_mismatch
e9ab65a9-a2a2-4aac-8a30-2bf71cfbdfdc,Mann-Kulkarni,"Defence startup focusing on Robotics, Cybersecurity, AI","An innovative startup leveraging Robotics, Cybersecurity, AI to revolutionize defence operations.",Defence,['Agriculture'],"['Robotics', 'Cybersecurity', 'AI']",['Computer Vision'],1,1,4,Average,24,42,11900000,50,Bootstrapped,12000000,Early Revenue,['None'],0,15,14,False,False,Low,National,New Delhi,"['Gujarat', 'West Bengal', 'Telangana']",Pan India,2,Comprehensive,8x5,Complete,highly_specialized
50ad780e-07d0-4cbf-b2fb-a9eadca1e5c8,Mangat-Bhandari,"Rural Development startup focusing on Data Analytics, Mobile Tech, IoT","We provide end-to-end rural development services powered by Data Analytics, Mobile Tech, IoT and a strong team of experts.",Rural Development,['Environment'],"['Data Analytics', 'Mobile Tech', 'IoT']",['Satellite Imaging'],12,2,143,Strong,20,73,16400000,18,Series B,17000000,MVP,"['None', 'SOC 2']",5,10,3,True,True,Low,National,Surat,['Karnataka'],Pan India,1,Basic,8x5,Complete,strong_sector_weak_scale
7d9bf23d-bf22-4943-b1b0-35484165d9e8,Karpe-Baria,Disaster Management startup focusing on Satellite Imaging,An innovative startup leveraging Satellite Imaging to revolutionize disaster management operations.,Disaster Management,[],['Satellite Imaging'],[],10,10,184,Strong,12,30,13100000,16,Seed,20000000,Growth,['CMMI'],5,1,11,True,True,High,National,Indore,"['Karnataka', 'Tamil Nadu', 'West Bengal']",Pan India,5,Basic,8x5,Incomplete,incomplete_eligibility
a662ab9e-b2be-4487-b15a-31f9cd9e0b48,Mohan PLC,Logistics startup focusing on IoT,We provide end-to-end logistics services powered by IoT and a strong team of experts.,Logistics,[],['IoT'],[],9,6,184,Specialized,12,79,29100000,32,Series C,11000000,Growth,"['ISO 27001', 'CMMI']",1,17,12,True,True,High,Regional,Surat,"['UP', 'West Bengal']",Lucknow,9,Advanced,24x7,Complete,strong_sector_weak_scale
cda59d59-dbc7-4793-a996-b258596fdb82,Chowdhury-Krishnan,"Governance startup focusing on OCR, Data Analytics, Blockchain","Chowdhury-Krishnan specializes in OCR, Data Analytics, Blockchain combined with innovative software to solve governance challenges.",Governance,['Waste Management'],"['OCR', 'Data Analytics', 'Blockchain']",['Computer Vision'],6,3,50,Average,6,49,14500000,12,Seed,6000000,Early Revenue,['None'],4,16,4,True,True,Low,Local,Kochi,"['Telangana', 'UP', 'West Bengal']",Pan India,4,Advanced,24x7,Complete,excellent_tech_excellent_exp
243f8aac-07d9-4015-bd9e-4dfac21a3e70,"Buch, Wason and Devan",Agriculture startup focusing on Computer Vision,"We build Computer Vision systems for agriculture applications, delivering scalable solutions and intelligent integration.",Agriculture,"['Public Safety', 'Tourism']",['Computer Vision'],"['Predictive Analytics', 'Recommendation Systems']",3,3,3,Average,14,86,19500000,20,Series B,13000000,Prototype,['ISO 27001'],5,20,12,True,True,Medium,National,Pune,"['UP', 'Telangana', 'West Bengal']",Pan India,3,Basic,Community,Incomplete,incomplete_eligibility
ff416cf1-7541-40dc-8b3f-884541d5f95d,Padmanabhan-Cheema,"Public Safety startup focusing on Computer Vision, Biometrics, IoT","We provide end-to-end public safety services powered by Computer Vision, Biometrics, IoT and a strong team of experts.",Public Safety,['Skill Development'],"['Computer Vision', 'Biometrics', 'IoT']",['Machine Learning'],13,6,4,Average,14,55,29200000,16,Series C,13000000,MVP,['CMMI'],4,6,15,True,True,Medium,National,Patna,"['UP', 'Delhi']",Pan India,5,Advanced,24x7,Complete,highly_specialized
df275614-9311-42c0-9832-cef5988114ec,"Gola, Acharya and Mand",Tourism startup focusing on Recommendation Systems,An innovative startup leveraging Recommendation Systems to revolutionize tourism operations.,Tourism,[],['Recommendation Systems'],[],7,5,22,Strong,18,69,33500000,13,Series B,19000000,MVP,"['ISO 27001', 'CMMI']",1,11,4,True,True,High,Local,Hyderabad,['Delhi'],Pan India,5,Basic,24x7,Incomplete,incomplete_eligibility
eb0e6926-e9f8-4b89-848d-0e91d0d3b976,Kapadia-Choudhary,"Education startup focusing on NLP, VR/AR","Kapadia-Choudhary specializes in NLP, VR/AR combined with innovative software to solve education challenges.",Education,['Rural Development'],"['NLP', 'VR/AR']",['Mobile Tech'],12,8,189,Specialized,23,72,28000000,71,Bootstrapped,12000000,Mature,['None'],1,1,9,True,True,Low,National,Guwahati,"['Karnataka', 'West Bengal', 'Gujarat']",Pan India,7,Comprehensive,24x7,Complete,strong_tech_geo_mismatch
b0ca6ef9-2ce1-47a6-a2f0-c6117aee1c08,"Narang, Kalla and Vora",FinTech startup focusing on Data Analytics,"We build Data Analytics systems for fintech applications, delivering scalable solutions and intelligent integration.",FinTech,[],['Data Analytics'],[],2,1,147,Strong,8,62,44300000,78,Series B,17000000,Prototype,['SOC 2'],4,9,10,False,False,High,Local,Bengaluru,"['Gujarat', 'UP', 'West Bengal']",Pan India,9,Advanced,8x5,Complete,excellent_tech_low_exp
a4ec2708-44ff-44aa-abe8-7960beb5e96f,"Halder, Bahl and Manda","Environment startup focusing on IoT, Sensors, Satellite Imaging","We provide end-to-end environment services powered by IoT, Sensors, Satellite Imaging and a strong team of experts.",Environment,['Smart City'],"['IoT', 'Sensors', 'Satellite Imaging']",['Edge Computing'],15,12,147,Strong,24,39,44600000,39,Series B,9000000,Mature,"['CMMI', 'None']",1,6,4,True,True,High,National,Surat,"['Telangana', 'Tamil Nadu']",Pan India,7,Basic,Community,Incomplete,incomplete_eligibility
e0652666-ace8-4b09-9d3b-4c2c45ab2338,Kota LLC,"Tourism startup focusing on VR/AR, Mobile Tech","We provide end-to-end tourism services powered by VR/AR, Mobile Tech and a strong team of experts.",Tourism,[],"['VR/AR', 'Mobile Tech']",[],9,1,87,Average,18,58,39100000,50,Series A,4000000,MVP,['SOC 2'],1,0,8,True,True,High,National,Guwahati,"['Delhi', 'UP']",Pan India,6,Basic,Community,Complete,excellent_tech_excellent_exp
4f586dd4-dd62-4865-9e02-d8c763938a53,Kapur Group,"Disaster Management startup focusing on IoT, Drones, Predictive Analytics","We provide end-to-end disaster management services powered by IoT, Drones, Predictive Analytics and a strong team of experts.",Disaster Management,[],"['IoT', 'Drones', 'Predictive Analytics']",[],3,3,9,Strong,11,90,11500000,14,Series B,7000000,MVP,['ISO 27001'],1,14,15,True,False,Medium,Local,Indore,"['Karnataka', 'Kerala', 'Gujarat', 'Telangana']",Pan India,9,Basic,24x7,Complete,strong_sector_weak_scale
16d33fc2-e3c1-4be4-a29b-310bb742157e,Kapadia LLC,Rural Development startup focusing on Renewable Tech,We provide end-to-end rural development services powered by Renewable Tech and a strong team of experts.,Rural Development,[],['Renewable Tech'],[],12,0,182,Average,16,79,9700000,47,Series A,14000000,MVP,"['None', 'CMMI']",0,16,4,True,True,Medium,National,Kochi,['UP'],Pan India,10,Comprehensive,Community,Complete,excellent_tech_excellent_exp
d4ba4a44-63f5-41b3-8f04-86f9faf9277d,Chahal-Lalla,"Cybersecurity startup focusing on Cryptography, Threat Detection","An innovative startup leveraging Cryptography, Threat Detection to revolutionize cybersecurity operations.",Cybersecurity,['Governance'],"['Cryptography', 'Threat Detection']",['OCR'],9,9,15,Strong,25,75,5800000,67,Series B,16000000,Mature,['CMMI'],4,12,1,True,True,Low,Regional,Patna,"['Telangana', 'UP']",Pan India,7,Advanced,24x7,Complete,high_exp_weak_tech
359f0cc1-ddce-4021-8f11-43ff44aa9664,Gola-Palla,Rural Development startup focusing on Mobile Tech,We provide end-to-end rural development services powered by Mobile Tech and a strong team of experts.,Rural Development,['Defence'],['Mobile Tech'],['Drones'],1,1,39,Strong,7,67,41300000,10,Series B,14000000,Growth,"['ISO 27001', 'None']",4,0,7,False,True,Low,Local,Delhi,['Gujarat'],Pan India,1,Comprehensive,Community,Complete,multi_sector
93bcc723-2d21-48d3-8ec4-7679de785c4a,Khanna-Saran,Skill Development startup focusing on VR/AR,"We build VR/AR systems for skill development applications, delivering scalable solutions and intelligent integration.",Skill Development,['Waste Management'],['VR/AR'],['IoT'],15,13,196,Strong,19,50,29600000,56,Series A,12000000,Prototype,"['ISO 27001', 'SOC 2']",3,4,3,True,True,High,Regional,Jaipur,"['UP', 'Delhi', 'Gujarat', 'Maharashtra']",Pan India,2,Comprehensive,Community,Complete,high_exp_weak_tech
5f15af61-c097-455b-ad64-8c1e59a14a8c,Samra-Johal,"Logistics startup focusing on Blockchain, IoT","We provide end-to-end logistics services powered by Blockchain, IoT and a strong team of experts.",Logistics,[],"['Blockchain', 'IoT']",[],1,1,197,Average,6,86,31400000,73,Series C,7000000,Early Revenue,['ISO 27001'],0,0,14,True,True,High,Regional,Indore,['Gujarat'],Pan India,1,Comprehensive,8x5,Complete,early_stage_excellent_prototype
65a96633-c1dc-47d7-ae49-2a4b1dfe1fce,"Talwar, Pathak and Om","Water Management startup focusing on Sensors, Machine Learning","An innovative startup leveraging Sensors, Machine Learning to revolutionize water management operations.",Water Management,['Agriculture'],"['Sensors', 'Machine Learning']",['Drones'],8,8,17,Specialized,23,88,9900000,52,Series B,1000000,MVP,"['SOC 2', 'None']",3,17,10,True,True,Medium,Regional,Coimbatore,['UP'],Ahmedabad,9,Comprehensive,8x5,Complete,established_weak_relevance
4de98897-e568-42d7-a35a-4a2d37b3fde2,Krishnan LLC,Transportation startup focusing on IoT,An innovative startup leveraging IoT to revolutionize transportation operations.,Transportation,"['Waste Management', 'FinTech']",['IoT'],"['Computer Vision', 'Blockchain']",10,8,196,Specialized,11,47,5900000,49,Series B,2000000,Growth,['None'],3,9,6,True,True,High,Regional,New Delhi,['Gujarat'],Pan India,2,Advanced,Community,Complete,established_weak_relevance
e9f38e4e-65a3-49cf-a04d-7ae01622c98f,Ray-Lata,Smart City startup focusing on IoT,We provide end-to-end smart city services powered by IoT and a strong team of experts.,Smart City,['Logistics'],['IoT'],['Blockchain'],3,0,10,Average,25,85,10500000,14,Series C,3000000,Prototype,"['ISO 27001', 'None']",4,2,10,True,False,Low,Local,Chandigarh,"['Karnataka', 'Tamil Nadu', 'Gujarat']",Noida,4,Basic,24x7,Complete,excellent_tech_low_exp
4197f36d-2466-40b0-adb0-a9aeba7c8da9,"Bhakta, Acharya and Soni","Environment startup focusing on Sensors, Data Analytics, Satellite Imaging","An innovative startup leveraging Sensors, Data Analytics, Satellite Imaging to revolutionize environment operations.",Environment,"['Waste Management', 'Rural Development']","['Sensors', 'Data Analytics', 'Satellite Imaging']","['Sensors', 'Data Analytics']",2,0,10,Average,6,90,17900000,80,Series A,18000000,MVP,['ISO 27001'],2,19,10,False,True,Low,Local,Bhubaneswar,['Maharashtra'],Pan India,2,Advanced,24x7,Complete,multi_sector
b01c3dcc-8e3b-43f8-b1cb-43241f5d24cc,"Sura, Bora and Karan","Defence startup focusing on AI, Cybersecurity, Drones","We provide end-to-end defence services powered by AI, Cybersecurity, Drones and a strong team of experts.",Defence,"['Skill Development', 'Tourism']","['AI', 'Cybersecurity', 'Drones']","['NLP', 'Machine Learning']",9,7,169,Average,23,60,23900000,22,Seed,7000000,MVP,"['None', 'SOC 2']",1,10,10,True,True,Medium,Regional,Bengaluru,['West Bengal'],Hyderabad,8,Advanced,8x5,Complete,high_exp_weak_tech
3ea9da09-01d4-448d-9099-e771a8a44e98,"Wable, Pillay and Sankar","Water Management startup focusing on Predictive Analytics, Sensors, IoT","Wable, Pillay and Sankar specializes in Predictive Analytics, Sensors, IoT combined with innovative software to solve water management challenges.",Water Management,['Skill Development'],"['Predictive Analytics', 'Sensors', 'IoT']",['Recommendation Systems'],2,1,192,Specialized,9,65,20500000,62,Seed,15000000,Growth,['None'],1,18,13,False,False,High,National,Gurugram,"['Maharashtra', 'West Bengal']",Hyderabad,6,Comprehensive,8x5,Complete,excellent_tech_low_exp
f1ec0055-a47d-47b4-a071-3b186e588c61,Bhalla PLC,"Rural Development startup focusing on Renewable Tech, IoT","Bhalla PLC specializes in Renewable Tech, IoT combined with innovative software to solve rural development challenges.",Rural Development,[],"['Renewable Tech', 'IoT']",[],10,1,176,Specialized,10,78,4600000,37,Seed,4000000,Growth,"['CMMI', 'None']",4,14,6,True,True,Low,National,Jaipur,"['Tamil Nadu', 'Kerala', 'Gujarat']",Pan India,10,Basic,Community,Complete,excellent_tech_excellent_exp
2da8f9d4-bc79-4840-bb72-1e46cf0ef6e8,Morar PLC,"Logistics startup focusing on Route Optimization, IoT","We provide end-to-end logistics services powered by Route Optimization, IoT and a strong team of experts.",Logistics,['Cybersecurity'],"['Route Optimization', 'IoT']",['Blockchain'],1,0,32,Specialized,11,75,12000000,65,Series B,12000000,Growth,"['SOC 2', 'None']",1,15,4,True,False,Medium,Regional,Delhi,"['Telangana', 'UP', 'Karnataka']",Pan India,3,Comprehensive,24x7,Complete,excellent_tech_excellent_exp
8242dc6c-1f36-434f-8081-51b83d71c98e,"D’Alia, Agrawal and Dayal",Governance startup focusing on OCR,We provide end-to-end governance services powered by OCR and a strong team of experts.,Governance,[],['OCR'],[],15,13,158,Average,20,44,21700000,80,Seed,13000000,Mature,['CMMI'],5,7,8,True,True,Medium,National,Patna,"['Karnataka', 'UP', 'Tamil Nadu']",Bhubaneswar,2,Comprehensive,24x7,Complete,high_exp_weak_tech
8548f31a-913b-4d70-9125-82d8e74ad21b,Madan PLC,"Agriculture startup focusing on Drones, Satellite Imaging, IoT","An innovative startup leveraging Drones, Satellite Imaging, IoT to revolutionize agriculture operations.",Agriculture,[],"['Drones', 'Satellite Imaging', 'IoT']",[],9,1,10,Specialized,10,87,32200000,19,Series A,17000000,Prototype,"['CMMI', 'None']",3,18,10,True,True,Medium,Regional,Ahmedabad,"['Telangana', 'Karnataka', 'Gujarat']",Guwahati,12,Comprehensive,24x7,Complete,highly_specialized
136f4ffb-d84c-4ab7-9201-edd2ed6a2ed8,Suresh-Kulkarni,Healthcare startup focusing on NLP,An innovative startup leveraging NLP to revolutionize healthcare operations.,Healthcare,"['Disaster Management', 'Tourism']",['NLP'],"['Mobile Tech', 'Satellite Imaging']",9,8,2,Average,17,30,12900000,26,Bootstrapped,19000000,MVP,['CMMI'],2,5,8,True,True,High,Local,Bhubaneswar,"['UP', 'Karnataka']",Pan India,3,Comprehensive,8x5,Complete,high_exp_weak_tech
06a33a34-032a-4af9-842a-64914c24111d,Chand Ltd,Disaster Management startup focusing on IoT,We provide end-to-end disaster management services powered by IoT and a strong team of experts.,Disaster Management,['Public Safety'],['IoT'],['IoT'],4,4,7,Average,13,60,8500000,69,Series C,7000000,Growth,"['CMMI', 'SOC 2']",1,16,13,True,True,Medium,Regional,Bhopal,"['UP', 'Karnataka', 'West Bengal']",Kolkata,7,Comprehensive,Community,Complete,excellent_tech_excellent_exp
b4b1af21-1b94-4648-b481-4475836d2390,Solanki-Virk,"Environment startup focusing on Sensors, Data Analytics","An innovative startup leveraging Sensors, Data Analytics to revolutionize environment operations.",Environment,[],"['Sensors', 'Data Analytics']",[],11,9,111,Specialized,22,41,39400000,34,Series A,17000000,Prototype,['ISO 27001'],0,13,3,True,True,High,Local,Surat,"['Gujarat', 'Delhi', 'UP', 'Telangana']",Pan India,1,Basic,Community,Incomplete,incomplete_eligibility
90150af8-7b9f-4157-b28c-e335a873f57e,"Kamdar, Parsa and Ram","Agriculture startup focusing on IoT, Computer Vision, Satellite Imaging","We provide end-to-end agriculture services powered by IoT, Computer Vision, Satellite Imaging and a strong team of experts.",Agriculture,[],"['IoT', 'Computer Vision', 'Satellite Imaging']",[],3,0,4,Specialized,5,70,12900000,47,Series B,8000000,Growth,"['None', 'ISO 27001']",0,8,1,True,False,Medium,Regional,Pune,"['Tamil Nadu', 'Telangana', 'Delhi']",Mumbai,4,Comprehensive,24x7,Complete,excellent_tech_low_exp
51b059c5-8cf5-43d9-90b1-8cd5e55510b3,Acharya-Memon,Defence startup focusing on Robotics,An innovative startup leveraging Robotics to revolutionize defence operations.,Defence,"['Disaster Management', 'Education']",['Robotics'],"['VR/AR', 'IoT']",10,10,3,Average,10,87,3700000,19,Series B,4000000,Prototype,['CMMI'],2,4,10,True,True,Medium,National,Bengaluru,"['West Bengal', 'Kerala', 'Delhi', 'Gujarat']",Pan India,9,Basic,8x5,Complete,excellent_tech_excellent_exp
7717e7bf-ec91-4cd9-89a3-074283599982,Gole-Suresh,"Public Safety startup focusing on Predictive Analytics, IoT, Biometrics","Gole-Suresh specializes in Predictive Analytics, IoT, Biometrics combined with innovative software to solve public safety challenges.",Public Safety,"['Disaster Management', 'Education']","['Predictive Analytics', 'IoT', 'Biometrics']","['NLP', 'IoT']",2,1,33,Specialized,3,54,33100000,35,Seed,9000000,Growth,['None'],3,2,14,True,True,Low,Local,Bengaluru,"['West Bengal', 'Kerala']",Mumbai,8,Comprehensive,24x7,Complete,excellent_tech_low_exp
13c4c10a-3434-4ff8-b536-a88ca841621f,"Babu, Tandon and Gopal","Smart City startup focusing on Computer Vision, IoT","Babu, Tandon and Gopal specializes in Computer Vision, IoT combined with innovative software to solve smart city challenges.",Smart City,[],"['Computer Vision', 'IoT']",[],13,11,2,Specialized,22,44,23400000,78,Bootstrapped,1000000,MVP,"['ISO 27001', 'SOC 2']",4,1,7,True,True,High,National,Delhi,['Telangana'],Pan India,5,Basic,24x7,Complete,multi_sector
728e95df-4f2e-498d-981b-01e0bc87a453,Sharma PLC,"Skill Development startup focusing on VR/AR, Recommendation Systems, Machine Learning","Sharma PLC specializes in VR/AR, Recommendation Systems, Machine Learning combined with innovative software to solve skill development challenges.",Skill Development,[],"['VR/AR', 'Recommendation Systems', 'Machine Learning']",[],13,13,22,Average,25,43,49900000,79,Bootstrapped,18000000,MVP,"['ISO 27001', 'CMMI']",2,4,13,True,True,Low,National,Lucknow,"['West Bengal', 'Delhi']",Pan India,3,Basic,Community,Complete,established_weak_relevance
682925d5-9e6f-4acd-81ce-3b8a8b6294ef,Nanda-De,Skill Development startup focusing on Recommendation Systems,Nanda-De specializes in Recommendation Systems combined with innovative software to solve skill development challenges.,Skill Development,['Defence'],['Recommendation Systems'],['Computer Vision'],1,0,15,Strong,21,47,35400000,26,Series C,14000000,Growth,['SOC 2'],4,1,5,False,True,High,Regional,Lucknow,"['Karnataka', 'Delhi', 'Maharashtra', 'UP']",Pan India,10,Advanced,Community,Complete,highly_specialized
8b2b67de-97c5-48d0-9943-c4aeab6f271a,Vasa PLC,"Logistics startup focusing on IoT, Predictive Analytics","We build IoT, Predictive Analytics systems for logistics applications, delivering scalable solutions and intelligent integration.",Logistics,[],"['IoT', 'Predictive Analytics']",[],10,8,19,Specialized,21,48,47200000,15,Seed,13000000,Early Revenue,"['CMMI', 'ISO 27001']",0,1,5,True,True,Low,Local,Bhubaneswar,['Maharashtra'],Gurugram,10,Comprehensive,24x7,Complete,high_exp_weak_tech
5eaf54f4-274b-45e5-b587-5032306dfeb9,Tara LLC,"Governance startup focusing on Machine Learning, OCR, NLP","We build Machine Learning, OCR, NLP systems for governance applications, delivering scalable solutions and intelligent integration.",Governance,[],"['Machine Learning', 'OCR', 'NLP']",[],11,11,3,Average,13,43,24100000,72,Series C,14000000,MVP,"['None', 'ISO 27001']",3,6,11,True,True,Medium,Local,Jaipur,"['Karnataka', 'UP']",Pan India,2,Advanced,24x7,Complete,established_weak_relevance
8ad06016-55a2-45eb-954f-ea540856012a,Bandi-Bali,"Governance startup focusing on OCR, Machine Learning","We provide end-to-end governance services powered by OCR, Machine Learning and a strong team of experts.",Governance,[],"['OCR', 'Machine Learning']",[],2,1,4,Average,10,30,44100000,37,Series B,7000000,MVP,"['CMMI', 'None']",1,18,4,True,False,Low,Local,Bhubaneswar,['Kerala'],Chandigarh,8,Comprehensive,8x5,Complete,excellent_tech_low_exp
7caf32a1-d21b-4c9c-bd3d-17cbe7bbe4b1,Morar Ltd,Rural Development startup focusing on IoT,Morar Ltd specializes in IoT combined with innovative software to solve rural development challenges.,Rural Development,['Renewable Energy'],['IoT'],['ML'],1,1,111,Specialized,15,84,34200000,49,Series C,18000000,Prototype,"['CMMI', 'ISO 27001']",5,12,5,False,False,High,National,Bengaluru,['Kerala'],Nashik,9,Basic,24x7,Complete,excellent_tech_low_exp
08fc2028-046d-4a0f-808f-ea3a9de0e4ee,Srinivasan-Swaminathan,"Governance startup focusing on Data Analytics, OCR, Machine Learning","An innovative startup leveraging Data Analytics, OCR, Machine Learning to revolutionize governance operations.",Governance,['Skill Development'],"['Data Analytics', 'OCR', 'Machine Learning']",['VR/AR'],2,1,2,Average,7,71,23800000,15,Series C,2000000,Mature,['SOC 2'],2,7,3,False,True,High,Local,Jaipur,"['Tamil Nadu', 'Kerala', 'Telangana']",Pan India,6,Advanced,24x7,Complete,excellent_tech_low_exp
8235025c-70c8-409c-b35f-3761395ee44a,Sodhi and Sons,"Disaster Management startup focusing on Drones, Predictive Analytics","We build Drones, Predictive Analytics systems for disaster management applications, delivering scalable solutions and intelligent integration.",Disaster Management,"['Logistics', 'Education']","['Drones', 'Predictive Analytics']","['NLP', 'Blockchain']",4,3,3,Strong,12,37,49000000,19,Seed,15000000,MVP,['ISO 27001'],2,13,4,True,False,Medium,Regional,Kochi,['Tamil Nadu'],Pan India,1,Basic,Community,Complete,strong_tech_geo_mismatch
b1341b0b-753c-4b6e-a147-b775b0eee301,"Choudhry, Mody and Dani","Waste Management startup focusing on Computer Vision, Sensors","An innovative startup leveraging Computer Vision, Sensors to revolutionize waste management operations.",Waste Management,['Tourism'],"['Computer Vision', 'Sensors']",['Recommendation Systems'],8,4,29,Strong,12,52,24700000,57,Series A,14000000,MVP,['None'],1,5,4,True,True,Low,Local,Hyderabad,['Gujarat'],Pan India,8,Advanced,24x7,Complete,strong_sector_weak_scale
bc1309b9-2c00-40d1-a931-3e8508977c0e,Saxena Group,"Defence startup focusing on Computer Vision, Cybersecurity, Drones","We provide end-to-end defence services powered by Computer Vision, Cybersecurity, Drones and a strong team of experts.",Defence,[],"['Computer Vision', 'Cybersecurity', 'Drones']",[],3,2,91,Average,7,90,6200000,13,Series B,10000000,MVP,['None'],5,9,15,True,False,High,National,Delhi,"['Gujarat', 'Maharashtra', 'UP', 'Delhi']",Pan India,11,Comprehensive,8x5,Complete,strong_tech_geo_mismatch
c04529ab-274f-44ad-a817-82044172c35b,Khurana-De,"Water Management startup focusing on Predictive Analytics, Machine Learning","Khurana-De specializes in Predictive Analytics, Machine Learning combined with innovative software to solve water management challenges.",Water Management,[],"['Predictive Analytics', 'Machine Learning']",[],6,0,99,Strong,8,64,11300000,45,Series B,2000000,Mature,"['SOC 2', 'CMMI']",2,19,1,True,True,High,Regional,Bhopal,"['Kerala', 'Gujarat']",Bhopal,1,Advanced,24x7,Complete,multi_sector
0748e95c-c1a2-468d-9a74-26edeae4fe98,Pathak-Kashyap,"FinTech startup focusing on Blockchain, AI, Data Analytics","Pathak-Kashyap specializes in Blockchain, AI, Data Analytics combined with innovative software to solve fintech challenges.",FinTech,['Rural Development'],"['Blockchain', 'AI', 'Data Analytics']",['Renewable Tech'],14,14,91,Strong,18,60,42700000,21,Series C,10000000,Prototype,"['ISO 27001', 'CMMI']",3,20,8,True,True,Medium,Local,Kolkata,"['Telangana', 'Delhi', 'Maharashtra', 'West Bengal']",Ahmedabad,1,Advanced,Community,Complete,established_weak_relevance
df7a2718-d960-4e72-8614-32be9ecb8824,Modi-Kalla,"Water Management startup focusing on Machine Learning, IoT, Sensors","We provide end-to-end water management services powered by Machine Learning, IoT, Sensors and a strong team of experts.",Water Management,['Infrastructure'],"['Machine Learning', 'IoT', 'Sensors']",['Predictive Maintenance'],3,2,6,Specialized,23,45,21300000,32,Bootstrapped,3000000,Early Revenue,"['ISO 27001', 'None']",5,11,15,True,False,Medium,National,Surat,"['Maharashtra', 'Gujarat', 'Tamil Nadu', 'West Bengal']",Pan India,5,Basic,Community,Complete,strong_tech_geo_mismatch
edfca7b3-0296-463e-ba71-7c448d2dbe4a,"Sekhon, Jhaveri and Tak","Healthcare startup focusing on Wearables, Computer Vision","We build Wearables, Computer Vision systems for healthcare applications, delivering scalable solutions and intelligent integration.",Healthcare,[],"['Wearables', 'Computer Vision']",[],1,1,27,Specialized,7,79,14800000,47,Seed,3000000,Mature,['None'],2,9,8,False,True,High,National,Lucknow,"['Karnataka', 'Telangana']",Chandigarh,6,Advanced,24x7,Complete,early_stage_excellent_prototype
cc50582c-b6c4-4817-ae0e-1793cf6e408b,Kashyap Inc,Waste Management startup focusing on Sensors,We provide end-to-end waste management services powered by Sensors and a strong team of experts.,Waste Management,[],['Sensors'],[],3,1,184,Average,5,37,35900000,24,Seed,0,Growth,"['None', 'CMMI']",2,4,14,True,False,Low,National,Ahmedabad,['Maharashtra'],Pan India,12,Basic,Community,Complete,multi_sector
a876de9a-3b68-4c57-a16c-35c05c361d01,Dube Group,Renewable Energy startup focusing on IoT,"We build IoT systems for renewable energy applications, delivering scalable solutions and intelligent integration.",Renewable Energy,['Cybersecurity'],['IoT'],['Threat Detection'],7,1,11,Specialized,23,67,10000000,23,Bootstrapped,15000000,Prototype,"['ISO 27001', 'CMMI']",2,0,3,True,True,Low,National,Noida,"['Telangana', 'Gujarat']",Pan India,3,Comprehensive,24x7,Complete,excellent_tech_excellent_exp
2db56fa3-747c-48a9-b29c-307b0f2135d2,Dave and Sons,Tourism startup focusing on NLP,An innovative startup leveraging NLP to revolutionize tourism operations.,Tourism,['FinTech'],['NLP'],['Fraud Detection'],10,1,53,Strong,10,76,36600000,34,Bootstrapped,6000000,Mature,"['None', 'CMMI']",4,5,14,True,True,High,Local,New Delhi,"['Kerala', 'UP', 'Maharashtra']",Pan India,7,Basic,24x7,Complete,strong_sector_weak_scale
8eb9fdfd-20d6-4dec-84ad-10bf48ca7a34,Sarraf-Mallick,"Education startup focusing on VR/AR, Recommendation Systems, Machine Learning","An innovative startup leveraging VR/AR, Recommendation Systems, Machine Learning to revolutionize education operations.",Education,[],"['VR/AR', 'Recommendation Systems', 'Machine Learning']",[],12,4,12,Average,21,77,5900000,59,Series A,14000000,MVP,"['None', 'SOC 2']",1,2,15,True,True,High,Regional,New Delhi,['West Bengal'],Pan India,7,Advanced,Community,Complete,highly_specialized
9af8d3e5-2b58-4eb2-af51-10db10f88ff3,Modi-Gour,Agriculture startup focusing on ML,"We build ML systems for agriculture applications, delivering scalable solutions and intelligent integration.",Agriculture,[],['ML'],[],1,1,4,Strong,14,76,30400000,61,Series B,8000000,Mature,"['CMMI', 'SOC 2']",3,19,12,False,False,Low,Regional,Hyderabad,['Tamil Nadu'],Bhubaneswar,4,Comprehensive,8x5,Complete,early_stage_excellent_prototype
491f4a5f-62b2-48ab-bf3d-1e85e0dfc5ef,"Devan, Dugar and Parikh","Smart City startup focusing on Computer Vision, Data Analytics, IoT","We build Computer Vision, Data Analytics, IoT systems for smart city applications, delivering scalable solutions and intelligent integration.",Smart City,[],"['Computer Vision', 'Data Analytics', 'IoT']",[],11,0,4,Specialized,23,63,31800000,22,Series B,14000000,MVP,"['CMMI', 'SOC 2']",4,8,10,True,True,High,National,Bengaluru,['Kerala'],Hyderabad,8,Advanced,24x7,Complete,strong_tech_geo_mismatch
32358564-7bfe-40f9-8066-9f13288d904a,"Manda, Sangha and Kohli",Rural Development startup focusing on Mobile Tech,We provide end-to-end rural development services powered by Mobile Tech and a strong team of experts.,Rural Development,['Healthcare'],['Mobile Tech'],['NLP'],11,4,4,Strong,20,73,36600000,59,Series B,17000000,Mature,"['CMMI', 'None']",1,16,1,True,True,Medium,Regional,Bhubaneswar,"['Gujarat', 'Tamil Nadu', 'Telangana', 'Karnataka']",Pan India,3,Advanced,24x7,Complete,strong_tech_geo_mismatch
38e7ccc7-1bd6-4c01-a2b7-fd7d9fa41353,Rau PLC,"Tourism startup focusing on Mobile Tech, NLP, VR/AR","An innovative startup leveraging Mobile Tech, NLP, VR/AR to revolutionize tourism operations.",Tourism,[],"['Mobile Tech', 'NLP', 'VR/AR']",[],7,5,7,Specialized,9,88,12600000,40,Bootstrapped,9000000,Prototype,"['SOC 2', 'ISO 27001']",4,10,1,True,True,Medium,National,Indore,"['Tamil Nadu', 'Karnataka', 'Gujarat', 'Delhi']",Pan India,6,Advanced,Community,Complete,strong_sector_weak_scale
107105d2-0abe-49e2-bbdb-ad093a1e07b6,Ghose-Yadav,Public Safety startup focusing on Biometrics,An innovative startup leveraging Biometrics to revolutionize public safety operations.,Public Safety,['Tourism'],['Biometrics'],['VR/AR'],1,1,177,Average,7,61,31400000,48,Bootstrapped,17000000,MVP,"['None', 'ISO 27001']",2,18,12,True,True,High,National,Hyderabad,"['Tamil Nadu', 'Maharashtra', 'UP']",Chandigarh,7,Basic,24x7,Complete,early_stage_excellent_prototype
861b7849-9739-480b-bcc4-6faac4d28192,Warrior Inc,"Agriculture startup focusing on ML, Satellite Imaging","Warrior Inc specializes in ML, Satellite Imaging combined with innovative software to solve agriculture challenges.",Agriculture,"['Water Management', 'Logistics']","['ML', 'Satellite Imaging']",['Predictive Analytics'],7,4,10,Specialized,22,43,32100000,76,Series B,8000000,Mature,"['ISO 27001', 'None']",1,11,14,True,True,Low,Local,Delhi,"['Kerala', 'UP', 'Telangana']",Pan India,7,Advanced,24x7,Complete,excellent_tech_excellent_exp
13893f71-7de4-4257-8f8b-8ce54c3d7d56,"Bali, Om and Sibal",Defence startup focusing on AI,We provide end-to-end defence services powered by AI and a strong team of experts.,Defence,['Skill Development'],['AI'],['NLP'],2,0,11,Specialized,3,42,24800000,65,Seed,8000000,MVP,['None'],2,17,5,True,False,Low,Local,Mumbai,"['Tamil Nadu', 'Maharashtra', 'Delhi']",Pan India,7,Comprehensive,8x5,Complete,highly_specialized
db2d8a1f-db0a-44d1-873d-92c041430880,Suresh-Samra,"Renewable Energy startup focusing on Predictive Analytics, Smart Grids, IoT","We provide end-to-end renewable energy services powered by Predictive Analytics, Smart Grids, IoT and a strong team of experts.",Renewable Energy,[],"['Predictive Analytics', 'Smart Grids', 'IoT']",[],2,2,48,Strong,6,36,41200000,40,Seed,6000000,Early Revenue,"['CMMI', 'SOC 2']",4,1,15,False,True,Medium,National,Indore,"['Delhi', 'Tamil Nadu', 'Kerala', 'Maharashtra']",Lucknow,12,Advanced,24x7,Complete,early_stage_excellent_prototype
4fcc9990-eef0-4975-955e-ccaabb7015d8,"Hayer, Krishna and Ratta","Smart City startup focusing on Computer Vision, Edge Computing, Data Analytics","We provide end-to-end smart city services powered by Computer Vision, Edge Computing, Data Analytics and a strong team of experts.",Smart City,"['Skill Development', 'Healthcare']","['Computer Vision', 'Edge Computing', 'Data Analytics']","['NLP', 'Machine Learning']",7,4,7,Average,16,35,19800000,11,Seed,9000000,MVP,['CMMI'],5,10,13,True,True,Low,Regional,Mumbai,"['West Bengal', 'Kerala', 'UP', 'Telangana']",Nashik,2,Basic,Community,Complete,highly_specialized
eb353a92-b08a-48b4-b7dd-8b68fa9a22b3,"Walia, Atwal and Sarin","Environment startup focusing on IoT, Data Analytics","An innovative startup leveraging IoT, Data Analytics to revolutionize environment operations.",Environment,"['Agriculture', 'FinTech']","['IoT', 'Data Analytics']","['Computer Vision', 'Blockchain']",8,7,163,Specialized,10,37,10200000,49,Seed,7000000,Mature,['CMMI'],2,14,15,True,True,High,Local,Chennai,"['Gujarat', 'Tamil Nadu']",Pan India,7,Advanced,8x5,Complete,high_exp_weak_tech
2567b94d-3348-4145-9605-97fefcc433e5,"Pant, Reddy and Char",Public Safety startup focusing on Computer Vision,An innovative startup leveraging Computer Vision to revolutionize public safety operations.,Public Safety,['Tourism'],['Computer Vision'],['VR/AR'],8,7,39,Strong,10,53,31600000,64,Seed,18000000,Prototype,['CMMI'],3,15,3,True,True,Low,National,Noida,"['Tamil Nadu', 'UP']",Coimbatore,7,Basic,24x7,Complete,high_exp_weak_tech
51d98a62-c3c5-4afe-950a-37908c10ffc6,Batta Ltd,"Transportation startup focusing on IoT, Predictive Maintenance, Route Optimization","An innovative startup leveraging IoT, Predictive Maintenance, Route Optimization to revolutionize transportation operations.",Transportation,['Water Management'],"['IoT', 'Predictive Maintenance', 'Route Optimization']",['Machine Learning'],13,2,2,Specialized,23,71,23000000,41,Series B,2000000,Prototype,"['SOC 2', 'CMMI']",5,12,6,True,True,High,Regional,Nashik,"['Tamil Nadu', 'Maharashtra', 'Karnataka', 'UP']",Pan India,6,Basic,24x7,Incomplete,incomplete_eligibility
1c63573c-696d-4e3b-9697-b4f6bb4b340e,"Mittal, Varma and Gala",FinTech startup focusing on Data Analytics,An innovative startup leveraging Data Analytics to revolutionize fintech operations.,FinTech,"['Skill Development', 'Healthcare']",['Data Analytics'],"['Recommendation Systems', 'Data Analytics']",12,12,60,Average,14,35,25700000,73,Series A,16000000,Growth,['None'],0,10,1,True,True,Low,Regional,Chennai,"['Kerala', 'Tamil Nadu', 'Telangana']",Guwahati,9,Advanced,24x7,Complete,high_exp_weak_tech
325bec2e-dbe7-4dc4-8acc-31e1f1105a85,Bhagat PLC,Defence startup focusing on Robotics,Bhagat PLC specializes in Robotics combined with innovative software to solve defence challenges.,Defence,['Disaster Management'],['Robotics'],['IoT'],1,0,4,Specialized,15,57,24000000,43,Bootstrapped,15000000,Prototype,"['None', 'CMMI']",4,15,14,False,True,High,Local,Hyderabad,"['Maharashtra', 'Delhi', 'Kerala']",Pan India,3,Comprehensive,Community,Complete,excellent_tech_excellent_exp
0669cbea-00df-43fe-b913-e0ad941836fb,Contractor Inc,"Environment startup focusing on Sensors, IoT, Satellite Imaging","An innovative startup leveraging Sensors, IoT, Satellite Imaging to revolutionize environment operations.",Environment,"['Tourism', 'Transportation']","['Sensors', 'IoT', 'Satellite Imaging']","['Route Optimization', 'Recommendation Systems']",2,1,31,Strong,2,35,30200000,23,Series B,15000000,Growth,"['ISO 27001', 'SOC 2']",0,20,14,False,True,Low,Local,Nagpur,"['Gujarat', 'Karnataka', 'UP']",Mumbai,2,Advanced,24x7,Complete,excellent_tech_low_exp
ddecefad-6a92-4dd4-a898-b85ef6c81837,Sem Ltd,"Defence startup focusing on Computer Vision, Robotics","An innovative startup leveraging Computer Vision, Robotics to revolutionize defence operations.",Defence,[],"['Computer Vision', 'Robotics']",[],9,8,34,Specialized,13,52,25100000,65,Bootstrapped,11000000,Mature,['CMMI'],3,12,15,True,True,Medium,National,Guwahati,"['Maharashtra', 'Kerala', 'West Bengal', 'Telangana']",Pan India,7,Comprehensive,24x7,Complete,high_exp_weak_tech
4a4c9824-77db-417a-8a29-0953d273db2a,Chana-Balan,"Agriculture startup focusing on Satellite Imaging, ML, Drones","We build Satellite Imaging, ML, Drones systems for agriculture applications, delivering scalable solutions and intelligent integration.",Agriculture,[],"['Satellite Imaging', 'ML', 'Drones']",[],4,1,9,Average,13,39,23900000,65,Seed,9000000,MVP,"['None', 'CMMI']",0,17,2,True,True,High,Local,Chandigarh,"['Kerala', 'Maharashtra', 'Delhi', 'Gujarat']",Coimbatore,6,Advanced,Community,Complete,strong_tech_geo_mismatch
abc8471a-9615-462b-a9de-d84601de6041,Balan-Dugar,"Agriculture startup focusing on ML, IoT, Computer Vision","An innovative startup leveraging ML, IoT, Computer Vision to revolutionize agriculture operations.",Agriculture,"['Smart City', 'Education']","['ML', 'IoT', 'Computer Vision']","['NLP', 'Data Analytics']",2,1,200,Average,7,43,38700000,67,Seed,2000000,Mature,"['ISO 27001', 'SOC 2']",4,0,0,False,True,Low,Local,Nagpur,"['West Bengal', 'Kerala', 'UP', 'Gujarat']",Coimbatore,5,Comprehensive,Community,Complete,highly_specialized
237dabc9-3641-489c-b070-de80368ada93,"Nori, Bhagat and Murthy",FinTech startup focusing on AI,"Nori, Bhagat and Murthy specializes in AI combined with innovative software to solve fintech challenges.",FinTech,"['Public Safety', 'Water Management']",['AI'],['IoT'],4,0,2,Average,24,84,33200000,28,Series C,6000000,Prototype,"['CMMI', 'ISO 27001']",3,13,0,True,True,Low,Local,Coimbatore,"['West Bengal', 'UP', 'Karnataka', 'Delhi']",Pan India,4,Advanced,Community,Complete,highly_specialized
e45cfb06-b71b-4b52-b593-ab59e579fd9e,Mallick Group,"Public Safety startup focusing on Computer Vision, Biometrics","An innovative startup leveraging Computer Vision, Biometrics to revolutionize public safety operations.",Public Safety,[],"['Computer Vision', 'Biometrics']",[],11,11,176,Strong,18,55,30500000,80,Series B,16000000,Mature,"['SOC 2', 'None']",0,16,0,True,True,Medium,National,Jaipur,['Tamil Nadu'],Nagpur,8,Basic,24x7,Incomplete,incomplete_eligibility
3f68fd5a-96a9-41e5-9446-e779eeb415df,Badal-Chowdhury,"Skill Development startup focusing on Recommendation Systems, VR/AR, Machine Learning","We provide end-to-end skill development services powered by Recommendation Systems, VR/AR, Machine Learning and a strong team of experts.",Skill Development,"['FinTech', 'Rural Development']","['Recommendation Systems', 'VR/AR', 'Machine Learning']","['Mobile Tech', 'Data Analytics']",8,5,9,Strong,17,76,46500000,53,Series B,13000000,Early Revenue,"['SOC 2', 'None']",1,9,2,True,True,High,Regional,Delhi,"['Delhi', 'Telangana']",Guwahati,2,Advanced,24x7,Incomplete,incomplete_eligibility
d8505e88-1f37-47f4-9ad1-068cc5b30883,Magar LLC,Water Management startup focusing on IoT,An innovative startup leveraging IoT to revolutionize water management operations.,Water Management,[],['IoT'],[],1,1,6,Average,4,69,1600000,18,Seed,3000000,Mature,['CMMI'],2,10,11,True,False,Low,National,Chandigarh,['Karnataka'],Kochi,2,Basic,Community,Complete,multi_sector
41156f8a-d745-4ba7-8b9c-d1b843ab24cc,Murty-De,"Skill Development startup focusing on VR/AR, Machine Learning, Recommendation Systems","We provide end-to-end skill development services powered by VR/AR, Machine Learning, Recommendation Systems and a strong team of experts.",Skill Development,[],"['VR/AR', 'Machine Learning', 'Recommendation Systems']",[],3,0,90,Specialized,6,39,36200000,66,Series A,10000000,MVP,['SOC 2'],3,13,0,True,True,Medium,Regional,Ahmedabad,"['Maharashtra', 'Tamil Nadu']",Lucknow,6,Comprehensive,Community,Complete,strong_tech_geo_mismatch
18795f65-7cb5-4095-a101-7fc335a9d962,Bath-Mangat,"Renewable Energy startup focusing on ML, Predictive Analytics, Smart Grids","We build ML, Predictive Analytics, Smart Grids systems for renewable energy applications, delivering scalable solutions and intelligent integration.",Renewable Energy,[],"['ML', 'Predictive Analytics', 'Smart Grids']",[],1,1,167,Specialized,17,90,22600000,28,Bootstrapped,2000000,Early Revenue,"['CMMI', 'ISO 27001']",3,1,12,True,True,High,Local,Nagpur,"['Kerala', 'UP', 'Gujarat']",Nashik,12,Comprehensive,24x7,Complete,early_stage_excellent_prototype
6d121ec5-e65c-46a7-a14e-9e7354f72196,"Chand, Gole and Majumdar","FinTech startup focusing on Fraud Detection, AI","An innovative startup leveraging Fraud Detection, AI to revolutionize fintech operations.",FinTech,[],"['Fraud Detection', 'AI']",[],12,6,189,Specialized,18,79,33300000,66,Seed,9000000,Prototype,['None'],3,4,9,True,True,Low,Local,Chandigarh,"['UP', 'Gujarat', 'Kerala']",Pan India,1,Basic,Community,Incomplete,incomplete_eligibility
4d1fe90c-1dda-4b31-aadb-82de36ffcd2e,Babu Group,"Tourism startup focusing on Recommendation Systems, Mobile Tech","We build Recommendation Systems, Mobile Tech systems for tourism applications, delivering scalable solutions and intelligent integration.",Tourism,['Renewable Energy'],"['Recommendation Systems', 'Mobile Tech']",['Predictive Analytics'],1,0,26,Average,11,45,22900000,48,Series C,18000000,Mature,['None'],2,9,4,False,True,Low,Regional,Chandigarh,"['Gujarat', 'West Bengal']",Pan India,12,Advanced,24x7,Complete,excellent_tech_low_exp
fa5eccba-49b1-4782-a572-b663117195ca,"Nair, Kaul and Kulkarni",Agriculture startup focusing on ML,We provide end-to-end agriculture services powered by ML and a strong team of experts.,Agriculture,[],['ML'],[],2,2,9,Average,20,61,30100000,76,Series B,14000000,Growth,"['SOC 2', 'ISO 27001']",4,4,15,False,True,High,National,Chandigarh,['Delhi'],Kochi,1,Comprehensive,8x5,Complete,early_stage_excellent_prototype
1ca629ed-bc69-4a7d-964b-d73280be0f44,Pall Ltd,"Infrastructure startup focusing on Sensors, Predictive Maintenance, Computer Vision","An innovative startup leveraging Sensors, Predictive Maintenance, Computer Vision to revolutionize infrastructure operations.",Infrastructure,['Education'],"['Sensors', 'Predictive Maintenance', 'Computer Vision']",['Machine Learning'],2,2,2,Average,2,80,19100000,48,Seed,4000000,Mature,"['ISO 27001', 'SOC 2']",2,6,5,False,True,Low,National,Lucknow,['Karnataka'],Indore,10,Advanced,Community,Complete,early_stage_excellent_prototype
c68fec83-b71a-4162-b7db-29299e4756c3,Pathak-Hans,"Rural Development startup focusing on Mobile Tech, IoT","We provide end-to-end rural development services powered by Mobile Tech, IoT and a strong team of experts.",Rural Development,['Public Safety'],"['Mobile Tech', 'IoT']",['Biometrics'],13,7,9,Strong,19,51,34000000,62,Series C,1000000,Growth,"['ISO 27001', 'CMMI']",5,0,9,True,True,High,National,Hyderabad,['Delhi'],Pan India,10,Comprehensive,8x5,Incomplete,incomplete_eligibility
64aa2950-f67c-4e43-8f30-b9d4d619aeb0,Bhavsar-Buch,"Disaster Management startup focusing on Predictive Analytics, Satellite Imaging, IoT","We provide end-to-end disaster management services powered by Predictive Analytics, Satellite Imaging, IoT and a strong team of experts.",Disaster Management,"['Smart City', 'Education']","['Predictive Analytics', 'Satellite Imaging', 'IoT']","['VR/AR', 'IoT']",2,2,186,Strong,12,57,30100000,15,Seed,13000000,Prototype,"['CMMI', 'SOC 2']",0,3,3,True,False,Low,Local,Chennai,['Telangana'],Ahmedabad,11,Basic,8x5,Complete,early_stage_excellent_prototype
86bee6a9-b02f-4be3-bde3-aa90ca150dd1,Chokshi Group,Skill Development startup focusing on VR/AR,"We build VR/AR systems for skill development applications, delivering scalable solutions and intelligent integration.",Skill Development,['Defence'],['VR/AR'],['Cybersecurity'],7,1,19,Strong,14,78,19200000,25,Series C,18000000,MVP,"['CMMI', 'ISO 27001']",2,1,10,True,True,Medium,National,Indore,['West Bengal'],Bengaluru,11,Basic,8x5,Complete,strong_tech_geo_mismatch
78b85bae-2615-4c96-b5d5-2269a04feaeb,"Sankaran, Butala and Setty",Environment startup focusing on Data Analytics,We provide end-to-end environment services powered by Data Analytics and a strong team of experts.,Environment,"['Tourism', 'Education']",['Data Analytics'],"['Mobile Tech', 'Recommendation Systems']",8,1,23,Specialized,22,32,8600000,41,Bootstrapped,14000000,Mature,"['SOC 2', 'ISO 27001']",0,15,8,True,True,High,Regional,Surat,"['Gujarat', 'Delhi', 'Tamil Nadu', 'Kerala']",Pan India,3,Comprehensive,Community,Complete,multi_sector
a392716f-e446-4679-b43e-2a15d9a80ed0,Lanka and Sons,"Tourism startup focusing on VR/AR, NLP","An innovative startup leveraging VR/AR, NLP to revolutionize tourism operations.",Tourism,[],"['VR/AR', 'NLP']",[],12,1,45,Specialized,17,70,31200000,74,Series A,14000000,Early Revenue,['None'],2,6,14,True,True,High,Regional,Bengaluru,"['Karnataka', 'West Bengal']",Pan India,11,Basic,24x7,Complete,strong_sector_weak_scale
f524b60a-41bc-4fb2-af8e-6b85a53eb0f1,"Shan, Saraf and Bhatti","Infrastructure startup focusing on Predictive Maintenance, Computer Vision, Sensors","Shan, Saraf and Bhatti specializes in Predictive Maintenance, Computer Vision, Sensors combined with innovative software to solve infrastructure challenges.",Infrastructure,"['Disaster Management', 'Public Safety']","['Predictive Maintenance', 'Computer Vision', 'Sensors']","['Satellite Imaging', 'Biometrics']",8,8,34,Average,8,44,23600000,57,Bootstrapped,8000000,Early Revenue,['ISO 27001'],4,20,9,True,True,High,Local,Gurugram,"['Gujarat', 'Karnataka', 'Telangana', 'Delhi']",Pan India,1,Basic,Community,Complete,high_exp_weak_tech
3bedca68-94ff-4d5d-9257-c831ab9d7c0d,Raja LLC,"Public Safety startup focusing on Biometrics, Computer Vision","An innovative startup leveraging Biometrics, Computer Vision to revolutionize public safety operations.",Public Safety,[],"['Biometrics', 'Computer Vision']",[],1,1,4,Strong,22,31,47700000,39,Series C,19000000,Early Revenue,"['ISO 27001', 'SOC 2']",5,20,1,False,False,Medium,Regional,Hyderabad,"['West Bengal', 'Gujarat', 'Tamil Nadu', 'Karnataka']",Pan India,1,Advanced,24x7,Complete,excellent_tech_low_exp
a00cdde7-1faa-4ffc-aa4e-e5f21c77733e,"Reddy, Narain and Ratta",Infrastructure startup focusing on Sensors,An innovative startup leveraging Sensors to revolutionize infrastructure operations.,Infrastructure,['Waste Management'],['Sensors'],['Sensors'],6,0,2,Average,8,70,10000000,31,Bootstrapped,0,Growth,"['ISO 27001', 'None']",5,10,8,True,True,Low,Local,Bhubaneswar,"['Gujarat', 'Karnataka']",Pan India,2,Comprehensive,Community,Complete,strong_sector_weak_scale
cd2a7fa0-9f4a-43a5-bf71-147b6e1919f9,Dhillon Inc,"Rural Development startup focusing on Renewable Tech, Data Analytics, IoT","We build Renewable Tech, Data Analytics, IoT systems for rural development applications, delivering scalable solutions and intelligent integration.",Rural Development,[],"['Renewable Tech', 'Data Analytics', 'IoT']",[],1,0,130,Average,20,70,47000000,66,Series B,2000000,Prototype,['ISO 27001'],2,12,12,True,False,Low,National,Surat,['West Bengal'],Bhopal,7,Comprehensive,Community,Complete,excellent_tech_low_exp
001139e7-cb6c-43f9-97e0-4612010be20c,"Panchal, Sridhar and Rastogi","Education startup focusing on Machine Learning, Recommendation Systems","An innovative startup leveraging Machine Learning, Recommendation Systems to revolutionize education operations.",Education,['Smart City'],"['Machine Learning', 'Recommendation Systems']",['IoT'],2,0,67,Average,15,60,46300000,26,Series C,14000000,MVP,['SOC 2'],0,1,4,False,False,High,National,Visakhapatnam,"['Tamil Nadu', 'Telangana', 'Maharashtra']",Bhubaneswar,10,Advanced,24x7,Complete,strong_sector_weak_scale
adf584c6-93f7-41ba-adac-d7f27ba64a9c,Ranganathan LLC,"FinTech startup focusing on Fraud Detection, AI, Blockchain","Ranganathan LLC specializes in Fraud Detection, AI, Blockchain combined with innovative software to solve fintech challenges.",FinTech,[],"['Fraud Detection', 'AI', 'Blockchain']",[],4,4,13,Strong,14,42,49900000,35,Series B,14000000,Mature,"['None', 'CMMI']",2,13,10,True,True,Low,Regional,Pune,"['Delhi', 'Karnataka', 'Gujarat', 'Maharashtra']",Pan India,8,Comprehensive,8x5,Complete,strong_sector_weak_scale
183f59c6-9f2f-48b2-ad10-c49f4533e544,Sawhney-Andra,"Renewable Energy startup focusing on ML, Predictive Analytics, IoT","Sawhney-Andra specializes in ML, Predictive Analytics, IoT combined with innovative software to solve renewable energy challenges.",Renewable Energy,['Waste Management'],"['ML', 'Predictive Analytics', 'IoT']",['Sensors'],14,0,10,Average,21,42,28400000,24,Series C,11000000,Prototype,['SOC 2'],1,9,5,True,True,Low,Regional,Coimbatore,"['Gujarat', 'Delhi']",Pan India,1,Basic,24x7,Complete,excellent_tech_excellent_exp
64e86929-45ab-4da4-9121-3974abfd599c,"Vala, Jaggi and Sahota","Education startup focusing on VR/AR, Recommendation Systems, NLP","We provide end-to-end education services powered by VR/AR, Recommendation Systems, NLP and a strong team of experts.",Education,[],"['VR/AR', 'Recommendation Systems', 'NLP']",[],1,1,39,Specialized,3,37,48100000,77,Seed,4000000,MVP,['CMMI'],5,11,10,False,True,Low,National,Patna,"['UP', 'Tamil Nadu']",Delhi,4,Basic,Community,Complete,early_stage_excellent_prototype
3d468514-3985-4583-8f86-4d714a081b8d,"Dewan, Prabhakar and Dalal","Environment startup focusing on Satellite Imaging, Sensors, IoT","We provide end-to-end environment services powered by Satellite Imaging, Sensors, IoT and a strong team of experts.",Environment,[],"['Satellite Imaging', 'Sensors', 'IoT']",[],13,7,20,Strong,18,75,19100000,73,Series A,16000000,Growth,"['CMMI', 'SOC 2']",4,12,1,True,True,Low,Local,Noida,"['Delhi', 'Kerala', 'Maharashtra', 'Telangana']",Indore,10,Basic,24x7,Complete,multi_sector
24e3e501-473c-4fb0-9b26-1eaef1f8749d,"Sankar, Konda and Parekh",Environment startup focusing on IoT,We provide end-to-end environment services powered by IoT and a strong team of experts.,Environment,"['Agriculture', 'Cybersecurity']",['IoT'],"['ML', 'Blockchain']",2,2,181,Average,13,81,23000000,69,Series B,10000000,Early Revenue,"['ISO 27001', 'CMMI']",3,7,8,True,False,Low,Regional,Chandigarh,['Tamil Nadu'],Pan India,2,Basic,24x7,Complete,early_stage_excellent_prototype
31c1ad58-4f94-40b2-abe7-3384f5472ca3,"Dubey, Patla and Morar",Healthcare startup focusing on Data Analytics,"We build Data Analytics systems for healthcare applications, delivering scalable solutions and intelligent integration.",Healthcare,"['Transportation', 'Waste Management']",['Data Analytics'],['Computer Vision'],12,12,85,Average,16,82,46700000,43,Series A,12000000,Growth,['CMMI'],5,16,4,True,True,Medium,Local,Gurugram,"['West Bengal', 'Delhi']",Chandigarh,12,Advanced,24x7,Complete,multi_sector
d5dee936-ac8c-463a-bc87-fc68adbce200,Sathe and Sons,"Agriculture startup focusing on ML, IoT","An innovative startup leveraging ML, IoT to revolutionize agriculture operations.",Agriculture,['Transportation'],"['ML', 'IoT']",['Predictive Maintenance'],12,10,85,Average,15,56,400000,73,Series B,12000000,Mature,"['None', 'CMMI']",0,18,1,True,True,Low,Local,Jaipur,"['Kerala', 'Delhi', 'West Bengal', 'Karnataka']",Kolkata,4,Advanced,8x5,Complete,high_exp_weak_tech
0d3d40ec-33ab-4211-8aec-2eaa5b58a4b2,Venkatesh LLC,Waste Management startup focusing on Sensors,"We build Sensors systems for waste management applications, delivering scalable solutions and intelligent integration.",Waste Management,"['Rural Development', 'Water Management']",['Sensors'],"['IoT', 'Predictive Analytics']",12,12,2,Average,12,53,11900000,47,Series C,0,MVP,"['CMMI', 'SOC 2']",1,3,4,True,True,High,Regional,Bhubaneswar,['Kerala'],Pan India,4,Advanced,24x7,Complete,established_weak_relevance
a90f94ea-7242-479d-91f8-d6693c9bfc66,"Sunder, Nadig and Keer","Disaster Management startup focusing on Drones, IoT, Satellite Imaging","Sunder, Nadig and Keer specializes in Drones, IoT, Satellite Imaging combined with innovative software to solve disaster management challenges.",Disaster Management,[],"['Drones', 'IoT', 'Satellite Imaging']",[],9,7,6,Specialized,19,88,3200000,61,Series C,15000000,Growth,"['ISO 27001', 'None']",0,9,14,True,True,Medium,National,Nashik,"['Kerala', 'Telangana', 'Delhi']",Pan India,10,Comprehensive,24x7,Complete,highly_specialized
52e02d9f-a4aa-4d63-97b7-7fd7cf022d0f,Vaidya and Sons,"Rural Development startup focusing on IoT, Mobile Tech, Renewable Tech","We provide end-to-end rural development services powered by IoT, Mobile Tech, Renewable Tech and a strong team of experts.",Rural Development,['Defence'],"['IoT', 'Mobile Tech', 'Renewable Tech']",['Drones'],3,0,50,Specialized,6,53,46500000,73,Bootstrapped,3000000,Mature,"['CMMI', 'SOC 2']",1,8,6,True,True,Medium,Local,Mumbai,"['Kerala', 'Gujarat', 'West Bengal', 'Delhi']",Noida,1,Basic,24x7,Complete,excellent_tech_low_exp
bbc6e655-92ec-433f-9514-b3c30a66b759,Lala and Sons,"Education startup focusing on Recommendation Systems, VR/AR, Machine Learning","Lala and Sons specializes in Recommendation Systems, VR/AR, Machine Learning combined with innovative software to solve education challenges.",Education,"['Cybersecurity', 'Waste Management']","['Recommendation Systems', 'VR/AR', 'Machine Learning']","['IoT', 'Threat Detection']",10,10,18,Average,13,64,31000000,22,Series B,5000000,Prototype,['None'],1,14,11,True,True,Low,Local,Nashik,['UP'],Noida,12,Basic,Community,Complete,high_exp_weak_tech
6269069b-7985-4cbe-88d1-8b6b4a0dffe8,Nadkarni LLC,"Logistics startup focusing on Blockchain, IoT, Route Optimization","We provide end-to-end logistics services powered by Blockchain, IoT, Route Optimization and a strong team of experts.",Logistics,"['Education', 'Public Safety']","['Blockchain', 'IoT', 'Route Optimization']","['NLP', 'Computer Vision']",13,6,5,Strong,13,51,4600000,12,Seed,2000000,MVP,['SOC 2'],5,5,1,True,True,Medium,National,Hyderabad,"['Gujarat', 'Delhi', 'Tamil Nadu']",Noida,7,Basic,8x5,Complete,strong_sector_weak_scale
0fa46846-d6f2-4aa5-b378-33ea74b1b167,Tara-Kurian,"Transportation startup focusing on Computer Vision, Route Optimization","An innovative startup leveraging Computer Vision, Route Optimization to revolutionize transportation operations.",Transportation,[],"['Computer Vision', 'Route Optimization']",[],1,1,7,Specialized,20,53,11200000,18,Bootstrapped,2000000,MVP,"['None', 'CMMI']",3,3,5,False,True,High,Regional,Nagpur,"['Telangana', 'Gujarat', 'Maharashtra', 'West Bengal']",Visakhapatnam,11,Advanced,8x5,Complete,highly_specialized
48f59409-4ec0-42eb-9844-4c9baf7cbaad,Malhotra and Sons,"Waste Management startup focusing on Route Optimization, Sensors, IoT","Malhotra and Sons specializes in Route Optimization, Sensors, IoT combined with innovative software to solve waste management challenges.",Waste Management,[],"['Route Optimization', 'Sensors', 'IoT']",[],2,0,55,Specialized,4,33,37700000,64,Seed,11000000,Growth,"['SOC 2', 'ISO 27001']",3,6,1,True,False,High,Regional,Delhi,"['Gujarat', 'Karnataka', 'Tamil Nadu']",Indore,1,Basic,Community,Complete,excellent_tech_low_exp
5029c8fb-398a-448e-b649-822d0182c5ef,Goel-Bajwa,Waste Management startup focusing on IoT,"We build IoT systems for waste management applications, delivering scalable solutions and intelligent integration.",Waste Management,['Renewable Energy'],['IoT'],['IoT'],1,1,147,Average,3,42,22600000,10,Bootstrapped,20000000,MVP,['SOC 2'],0,5,6,True,True,Medium,National,Kochi,"['Telangana', 'Delhi', 'Maharashtra']",Pan India,10,Basic,24x7,Complete,early_stage_excellent_prototype
c5fda674-e6a5-40a1-8e37-fa99e1665869,Kulkarni-Gill,"Water Management startup focusing on Machine Learning, IoT","Kulkarni-Gill specializes in Machine Learning, IoT combined with innovative software to solve water management challenges.",Water Management,"['Rural Development', 'Transportation']","['Machine Learning', 'IoT']","['Predictive Maintenance', 'Data Analytics']",7,2,158,Average,7,78,37600000,65,Series B,13000000,Prototype,"['SOC 2', 'None']",5,5,8,True,True,Medium,Regional,Ahmedabad,"['Tamil Nadu', 'Kerala', 'UP', 'West Bengal']",Pan India,6,Basic,Community,Incomplete,incomplete_eligibility
c9195f53-f912-4da8-ac90-91601f075736,Pradhan-Dube,Disaster Management startup focusing on Predictive Analytics,We provide end-to-end disaster management services powered by Predictive Analytics and a strong team of experts.,Disaster Management,[],['Predictive Analytics'],[],14,12,33,Average,24,67,19100000,59,Bootstrapped,13000000,Prototype,['CMMI'],4,5,6,True,True,Medium,Regional,Visakhapatnam,"['UP', 'West Bengal', 'Gujarat']",Nashik,12,Basic,Community,Complete,established_weak_relevance
bfde98b5-8954-42c7-9a9a-e51db0d0e5b0,"Manda, Bhatia and Raghavan",Public Safety startup focusing on Biometrics,An innovative startup leveraging Biometrics to revolutionize public safety operations.,Public Safety,['Renewable Energy'],['Biometrics'],['Predictive Analytics'],15,11,116,Strong,24,67,48300000,28,Seed,0,Prototype,['CMMI'],3,18,2,True,True,High,Local,Indore,"['Kerala', 'Tamil Nadu']",Nashik,9,Comprehensive,Community,Complete,highly_specialized
692a1579-0e74-43a5-afa0-14e51b258577,Savant-Nath,"Public Safety startup focusing on Computer Vision, Biometrics, IoT","We build Computer Vision, Biometrics, IoT systems for public safety applications, delivering scalable solutions and intelligent integration.",Public Safety,"['Water Management', 'Governance']","['Computer Vision', 'Biometrics', 'IoT']","['Predictive Analytics', 'Machine Learning']",12,3,8,Specialized,18,63,0,22,Series B,20000000,Early Revenue,"['SOC 2', 'ISO 27001']",2,5,4,True,True,Low,Regional,New Delhi,['West Bengal'],Pan India,3,Basic,8x5,Complete,highly_specialized
cc91559a-a094-473b-ac41-7ae880ae72a7,"Dara, Bobal and Ahluwalia","Defence startup focusing on AI, Robotics","We build AI, Robotics systems for defence applications, delivering scalable solutions and intelligent integration.",Defence,[],"['AI', 'Robotics']",[],11,9,3,Average,12,51,4300000,58,Bootstrapped,18000000,MVP,"['CMMI', 'None']",0,0,1,True,True,Medium,Local,Surat,['Maharashtra'],Pan India,7,Comprehensive,Community,Complete,strong_tech_geo_mismatch
c9a34680-d29c-4b8a-a094-b85bfdc7bbe4,Wali-Memon,"Environment startup focusing on Satellite Imaging, Data Analytics","An innovative startup leveraging Satellite Imaging, Data Analytics to revolutionize environment operations.",Environment,['Disaster Management'],"['Satellite Imaging', 'Data Analytics']",['Drones'],14,12,142,Strong,14,59,2900000,55,Series B,4000000,Prototype,['None'],5,7,11,True,True,Medium,National,Surat,"['UP', 'Kerala', 'Gujarat', 'Maharashtra']",Bengaluru,1,Comprehensive,24x7,Complete,established_weak_relevance
62baad1e-0bbb-4963-b97c-07d820f656d5,"Boase, Bora and Patla",Healthcare startup focusing on NLP,"Boase, Bora and Patla specializes in NLP combined with innovative software to solve healthcare challenges.",Healthcare,"['Waste Management', 'Rural Development']",['NLP'],"['Route Optimization', 'Renewable Tech']",3,1,32,Specialized,21,80,15000000,34,Series C,1000000,MVP,"['ISO 27001', 'SOC 2']",5,17,14,True,True,Medium,Local,Bhubaneswar,"['Delhi', 'UP']",Pan India,2,Advanced,Community,Complete,excellent_tech_low_exp
66822d0e-1ef2-408a-a919-25bc875c3f01,Bandi-Sawhney,"Smart City startup focusing on Data Analytics, IoT","Bandi-Sawhney specializes in Data Analytics, IoT combined with innovative software to solve smart city challenges.",Smart City,[],"['Data Analytics', 'IoT']",[],4,2,84,Specialized,23,34,4600000,52,Series A,12000000,Growth,"['SOC 2', 'ISO 27001']",2,3,9,True,True,Low,Local,Jaipur,"['Maharashtra', 'Gujarat']",Delhi,7,Comprehensive,Community,Complete,highly_specialized
8a0d23b5-0150-4c2e-97df-d6e47839e538,"Ray, Mangal and Basak","Smart City startup focusing on IoT, Data Analytics, Edge Computing","An innovative startup leveraging IoT, Data Analytics, Edge Computing to revolutionize smart city operations.",Smart City,['Healthcare'],"['IoT', 'Data Analytics', 'Edge Computing']",['Data Analytics'],8,6,4,Strong,17,83,43600000,68,Seed,15000000,Growth,['None'],1,1,10,True,True,Medium,National,Nashik,['Tamil Nadu'],Nashik,11,Basic,24x7,Complete,established_weak_relevance
7c080e87-7898-4df4-8ba3-0ce8d5744ea5,"Ahuja, Goda and Nayar","Water Management startup focusing on Predictive Analytics, Sensors","We build Predictive Analytics, Sensors systems for water management applications, delivering scalable solutions and intelligent integration.",Water Management,"['Public Safety', 'Healthcare']","['Predictive Analytics', 'Sensors']","['Computer Vision', 'IoT']",12,10,174,Specialized,18,51,46700000,30,Series B,15000000,Early Revenue,"['CMMI', 'ISO 27001']",4,9,9,True,True,High,Local,Nashik,"['Maharashtra', 'Telangana', 'West Bengal', 'Tamil Nadu']",Pune,8,Comprehensive,8x5,Complete,established_weak_relevance
90e18d79-dcc6-4b76-9d3b-14f945cf5ee1,"Yadav, Sur and Kunda","Tourism startup focusing on Recommendation Systems, NLP","Yadav, Sur and Kunda specializes in Recommendation Systems, NLP combined with innovative software to solve tourism challenges.",Tourism,[],"['Recommendation Systems', 'NLP']",[],15,4,100,Average,21,73,18500000,23,Seed,1000000,Prototype,"['CMMI', 'ISO 27001']",0,3,10,True,True,High,Regional,Delhi,"['Delhi', 'Karnataka', 'West Bengal', 'Maharashtra']",Bhopal,5,Comprehensive,Community,Complete,excellent_tech_excellent_exp
ebd6a3ae-4619-4e2e-b07b-a8fa43e9f450,Pradhan Inc,"Defence startup focusing on AI, Cybersecurity","We provide end-to-end defence services powered by AI, Cybersecurity and a strong team of experts.",Defence,"['Public Safety', 'Agriculture']","['AI', 'Cybersecurity']","['Satellite Imaging', 'Biometrics']",1,0,15,Average,23,77,11500000,12,Bootstrapped,18000000,MVP,"['CMMI', 'None']",5,13,9,True,True,Medium,Local,Nashik,"['Kerala', 'Karnataka']",Bhopal,2,Comprehensive,Community,Complete,multi_sector
6e0ede6b-92f6-486f-a621-2682c3b9bcc6,"Lanka, Raghavan and Barman","Infrastructure startup focusing on Predictive Maintenance, Sensors, Computer Vision","We build Predictive Maintenance, Sensors, Computer Vision systems for infrastructure applications, delivering scalable solutions and intelligent integration.",Infrastructure,"['Education', 'Transportation']","['Predictive Maintenance', 'Sensors', 'Computer Vision']","['Predictive Maintenance', 'NLP']",13,5,82,Specialized,17,84,33400000,30,Bootstrapped,2000000,Prototype,"['None', 'CMMI']",1,13,0,True,True,Low,Regional,Pune,"['UP', 'West Bengal', 'Maharashtra']",Patna,12,Advanced,Community,Complete,strong_sector_weak_scale
0a553627-709b-44d8-a606-bcd1efb67bbd,Sarna-Parmer,FinTech startup focusing on Blockchain,An innovative startup leveraging Blockchain to revolutionize fintech operations.,FinTech,"['Infrastructure', 'Logistics']",['Blockchain'],"['Predictive Maintenance', 'IoT']",1,0,4,Average,5,76,28200000,37,Series C,13000000,Prototype,"['None', 'SOC 2']",5,5,12,False,True,Medium,National,Indore,"['UP', 'Delhi']",Mumbai,11,Comprehensive,Community,Incomplete,incomplete_eligibility
19b3128c-49fd-42a6-86db-36b66378c76d,Gokhale PLC,"Transportation startup focusing on IoT, Predictive Maintenance, Route Optimization","We provide end-to-end transportation services powered by IoT, Predictive Maintenance, Route Optimization and a strong team of experts.",Transportation,"['FinTech', 'Tourism']","['IoT', 'Predictive Maintenance', 'Route Optimization']","['Recommendation Systems', 'Data Analytics']",7,0,5,Strong,17,70,5600000,80,Bootstrapped,11000000,Early Revenue,"['SOC 2', 'ISO 27001']",2,0,3,True,True,Medium,Local,Bhopal,['Maharashtra'],New Delhi,10,Advanced,8x5,Complete,multi_sector
95288a8c-e443-4477-b0b1-33514172843c,"Bakshi, Bora and Saran","Logistics startup focusing on Blockchain, Predictive Analytics","An innovative startup leveraging Blockchain, Predictive Analytics to revolutionize logistics operations.",Logistics,['Tourism'],"['Blockchain', 'Predictive Analytics']",['VR/AR'],2,2,4,Strong,23,62,24400000,26,Seed,4000000,MVP,"['None', 'ISO 27001']",5,20,11,True,False,High,Regional,New Delhi,"['Gujarat', 'West Bengal', 'Tamil Nadu', 'Telangana']",Chennai,9,Comprehensive,8x5,Complete,early_stage_excellent_prototype
0ed33092-141c-424c-8551-5b09a940ffc6,Oak-Subramaniam,"Water Management startup focusing on Sensors, IoT","We provide end-to-end water management services powered by Sensors, IoT and a strong team of experts.",Water Management,['Agriculture'],"['Sensors', 'IoT']",['Computer Vision'],2,2,92,Strong,15,73,4300000,46,Series C,4000000,Growth,"['ISO 27001', 'SOC 2']",0,19,6,True,False,High,National,Coimbatore,"['Delhi', 'Karnataka', 'Tamil Nadu']",Pan India,11,Comprehensive,8x5,Complete,excellent_tech_excellent_exp
6245d0ad-23e6-40c2-ab75-bed2a5d71f6c,"Chaudhry, Thakkar and Chaudhuri","Defence startup focusing on Drones, Cybersecurity","We build Drones, Cybersecurity systems for defence applications, delivering scalable solutions and intelligent integration.",Defence,[],"['Drones', 'Cybersecurity']",[],2,0,34,Average,11,60,42500000,79,Series A,8000000,MVP,['CMMI'],1,9,1,False,False,Low,Regional,Bengaluru,"['Gujarat', 'Tamil Nadu', 'Telangana', 'Karnataka']",Bengaluru,12,Basic,24x7,Complete,excellent_tech_low_exp
e3353cdd-99ed-477b-aa2e-0af37a5c1117,Trivedi-Kapur,FinTech startup focusing on NLP,An innovative startup leveraging NLP to revolutionize fintech operations.,FinTech,[],['NLP'],[],9,8,3,Strong,24,55,300000,29,Series A,9000000,Early Revenue,"['SOC 2', 'None']",2,3,14,True,True,High,Regional,New Delhi,"['Gujarat', 'Kerala']",Bengaluru,12,Basic,8x5,Complete,established_weak_relevance
b396beeb-f0a7-4f34-bc2a-98c68643e070,"Rajagopalan, Sibal and Gade",Transportation startup focusing on Predictive Maintenance,We provide end-to-end transportation services powered by Predictive Maintenance and a strong team of experts.,Transportation,['Healthcare'],['Predictive Maintenance'],['Wearables'],12,5,20,Specialized,19,81,6000000,63,Seed,10000000,Growth,"['SOC 2', 'ISO 27001']",0,0,4,True,True,Low,Regional,Chandigarh,['Delhi'],Pune,7,Comprehensive,Community,Complete,strong_tech_geo_mismatch
2343b954-dba1-4b86-b4cc-5b8a65d98bf6,Suresh Inc,"Smart City startup focusing on Edge Computing, IoT","An innovative startup leveraging Edge Computing, IoT to revolutionize smart city operations.",Smart City,['Disaster Management'],"['Edge Computing', 'IoT']",['Satellite Imaging'],13,6,89,Strong,17,74,9500000,41,Seed,13000000,MVP,"['ISO 27001', 'None']",5,16,5,True,True,Low,National,Nagpur,"['Delhi', 'Maharashtra']",Delhi,1,Advanced,8x5,Complete,multi_sector
b6fd4c6e-1738-425c-b306-7a161a9ae394,"Chaudhuri, Dhingra and Dalal","Cybersecurity startup focusing on Network Security, Threat Detection, Cryptography","We provide end-to-end cybersecurity services powered by Network Security, Threat Detection, Cryptography and a strong team of experts.",Cybersecurity,['Smart City'],"['Network Security', 'Threat Detection', 'Cryptography']",['Data Analytics'],7,4,24,Specialized,8,49,3100000,75,Bootstrapped,8000000,Early Revenue,"['None', 'CMMI']",3,7,10,True,True,Low,Local,Pune,['Karnataka'],Surat,4,Advanced,24x7,Complete,highly_specialized
70be8fbc-b4e2-4e24-b467-096ed17c9e73,Chander-Ganguly,Environment startup focusing on IoT,An innovative startup leveraging IoT to revolutionize environment operations.,Environment,"['Education', 'Governance']",['IoT'],"['Machine Learning', 'Recommendation Systems']",6,2,53,Average,17,77,39400000,26,Series C,16000000,Mature,"['SOC 2', 'None']",2,6,12,True,True,Low,Local,Delhi,['Karnataka'],Pan India,4,Comprehensive,24x7,Complete,multi_sector
1590fc4d-205b-4a70-86ce-1a3932333735,Misra-Bhattacharyya,"Education startup focusing on Machine Learning, VR/AR, Recommendation Systems","An innovative startup leveraging Machine Learning, VR/AR, Recommendation Systems to revolutionize education operations.",Education,[],"['Machine Learning', 'VR/AR', 'Recommendation Systems']",[],13,3,10,Specialized,18,87,21400000,80,Series A,14000000,Prototype,"['ISO 27001', 'SOC 2']",3,16,0,True,True,Low,National,Chennai,"['Tamil Nadu', 'Karnataka']",Pan India,12,Basic,Community,Complete,strong_sector_weak_scale
75188420-4853-4e77-b836-80a615b9872f,Sarna PLC,"Public Safety startup focusing on Computer Vision, Biometrics, IoT","We build Computer Vision, Biometrics, IoT systems for public safety applications, delivering scalable solutions and intelligent integration.",Public Safety,['Infrastructure'],"['Computer Vision', 'Biometrics', 'IoT']",['Sensors'],8,8,8,Specialized,22,62,29200000,37,Series C,8000000,Early Revenue,['None'],5,8,3,True,True,Low,Local,Pune,"['Tamil Nadu', 'Karnataka']",Pan India,5,Basic,24x7,Complete,high_exp_weak_tech
069947ac-5356-4f49-b436-38f48bc8cd7d,Warrior-Ram,"Healthcare startup focusing on Medical AI, NLP, Data Analytics","We build Medical AI, NLP, Data Analytics systems for healthcare applications, delivering scalable solutions and intelligent integration.",Healthcare,"['Renewable Energy', 'Transportation']","['Medical AI', 'NLP', 'Data Analytics']","['Computer Vision', 'Smart Grids']",6,0,26,Specialized,6,82,15000000,51,Series A,7000000,Early Revenue,['None'],0,17,3,True,True,High,National,Nashik,"['Tamil Nadu', 'Delhi', 'Kerala', 'West Bengal']",Gurugram,5,Basic,Community,Incomplete,incomplete_eligibility
64246a7f-217d-4b74-9fb0-4523e60b9e3c,Bora Group,"Public Safety startup focusing on IoT, Predictive Analytics","Bora Group specializes in IoT, Predictive Analytics combined with innovative software to solve public safety challenges.",Public Safety,[],"['IoT', 'Predictive Analytics']",[],12,6,7,Strong,15,66,9200000,68,Series B,5000000,Early Revenue,['None'],1,5,12,True,True,High,National,Noida,['Telangana'],Mumbai,4,Advanced,Community,Complete,highly_specialized
6b2394b6-b3cd-4460-8c23-cccf419646ba,"Chawla, Narayanan and Sami","Public Safety startup focusing on IoT, Predictive Analytics, Computer Vision","Chawla, Narayanan and Sami specializes in IoT, Predictive Analytics, Computer Vision combined with innovative software to solve public safety challenges.",Public Safety,[],"['IoT', 'Predictive Analytics', 'Computer Vision']",[],10,1,8,Strong,12,47,39000000,15,Seed,20000000,Mature,['ISO 27001'],0,17,10,True,True,High,Local,Noida,"['West Bengal', 'UP']",New Delhi,6,Advanced,8x5,Complete,excellent_tech_excellent_exp
e51c1251-32e7-4b52-a97c-0e07fd7f62d2,Chand-Sem,"Renewable Energy startup focusing on Smart Grids, ML, Predictive Analytics","Chand-Sem specializes in Smart Grids, ML, Predictive Analytics combined with innovative software to solve renewable energy challenges.",Renewable Energy,[],"['Smart Grids', 'ML', 'Predictive Analytics']",[],1,0,3,Strong,8,31,45300000,63,Seed,13000000,Growth,['None'],5,9,7,False,True,Medium,Local,Hyderabad,"['Maharashtra', 'Tamil Nadu']",Pan India,10,Advanced,8x5,Complete,multi_sector
86d5011d-c583-47d0-9106-5e8ac387f5ed,Khalsa-Dutt,FinTech startup focusing on Fraud Detection,An innovative startup leveraging Fraud Detection to revolutionize fintech operations.,FinTech,[],['Fraud Detection'],[],14,14,135,Average,15,47,45700000,48,Series B,11000000,Early Revenue,['ISO 27001'],1,20,4,True,True,Medium,Local,Bhopal,"['West Bengal', 'Maharashtra', 'Karnataka', 'Tamil Nadu']",Indore,3,Basic,24x7,Complete,high_exp_weak_tech
b7afa732-01e4-45ce-857f-6228c6847384,"Ramakrishnan, Mishra and Kale","Cybersecurity startup focusing on AI, Blockchain","We provide end-to-end cybersecurity services powered by AI, Blockchain and a strong team of experts.",Cybersecurity,[],"['AI', 'Blockchain']",[],8,6,9,Specialized,25,61,19600000,63,Series C,17000000,MVP,"['ISO 27001', 'None']",5,13,7,True,True,High,Local,Gurugram,"['Karnataka', 'Delhi', 'Kerala']",Bengaluru,9,Advanced,8x5,Complete,strong_sector_weak_scale
81435954-6042-4982-a7f3-bf8a7591e5e2,Nayak Ltd,"Education startup focusing on Machine Learning, NLP","We build Machine Learning, NLP systems for education applications, delivering scalable solutions and intelligent integration.",Education,[],"['Machine Learning', 'NLP']",[],5,3,4,Specialized,9,37,42300000,38,Seed,12000000,Prototype,"['None', 'ISO 27001']",5,3,2,True,True,Medium,National,New Delhi,['Telangana'],Pan India,2,Basic,8x5,Complete,strong_sector_weak_scale
80f2d33a-2268-4d7d-8592-1ba88568c193,Deshmukh-Purohit,Smart City startup focusing on Data Analytics,Deshmukh-Purohit specializes in Data Analytics combined with innovative software to solve smart city challenges.,Smart City,"['Governance', 'Cybersecurity']",['Data Analytics'],"['OCR', 'Blockchain']",12,4,36,Strong,22,32,14600000,24,Series C,5000000,Mature,['ISO 27001'],3,13,14,True,True,High,National,Chennai,"['Delhi', 'Kerala', 'Maharashtra']",Pan India,9,Advanced,8x5,Complete,excellent_tech_excellent_exp
66291281-4e67-45da-b3db-b88f06aa9321,Roy-More,Transportation startup focusing on IoT,We provide end-to-end transportation services powered by IoT and a strong team of experts.,Transportation,['Skill Development'],['IoT'],['Recommendation Systems'],14,14,130,Strong,18,36,2700000,57,Bootstrapped,2000000,Early Revenue,"['ISO 27001', 'CMMI']",2,5,3,True,True,Low,Local,Guwahati,['Tamil Nadu'],Pan India,11,Basic,8x5,Complete,established_weak_relevance
1c645db3-50be-4fad-bf7e-6de547c3cc65,Pal-Goyal,"Environment startup focusing on Sensors, IoT, Data Analytics","Pal-Goyal specializes in Sensors, IoT, Data Analytics combined with innovative software to solve environment challenges.",Environment,[],"['Sensors', 'IoT', 'Data Analytics']",[],2,2,7,Average,14,76,49000000,60,Series A,4000000,Prototype,"['CMMI', 'None']",4,3,4,True,False,Medium,National,Pune,"['Telangana', 'UP', 'Gujarat']",Pan India,11,Basic,Community,Complete,early_stage_excellent_prototype
50ec26a5-eb2c-4ba8-b540-0d38e63e5c25,Sibal and Sons,"Renewable Energy startup focusing on IoT, Smart Grids, Predictive Analytics","We build IoT, Smart Grids, Predictive Analytics systems for renewable energy applications, delivering scalable solutions and intelligent integration.",Renewable Energy,[],"['IoT', 'Smart Grids', 'Predictive Analytics']",[],2,2,10,Specialized,23,54,18400000,65,Seed,6000000,Mature,['SOC 2'],4,20,15,True,True,Low,Regional,Kolkata,['West Bengal'],Hyderabad,6,Basic,24x7,Complete,early_stage_excellent_prototype
5793f843-013a-402c-a54e-07a7e3755cd5,"Kapur, Ganesh and Savant","Defence startup focusing on Robotics, Cybersecurity","We provide end-to-end defence services powered by Robotics, Cybersecurity and a strong team of experts.",Defence,[],"['Robotics', 'Cybersecurity']",[],6,0,21,Specialized,10,90,50000000,42,Bootstrapped,18000000,Growth,['None'],2,12,13,True,True,High,National,Delhi,"['Gujarat', 'UP', 'Telangana', 'Karnataka']",Surat,9,Advanced,24x7,Complete,highly_specialized
d69aec5f-d3e7-47d3-adcf-a7247e8cdb89,Ratta-Keer,"Healthcare startup focusing on NLP, Medical AI, Wearables","We build NLP, Medical AI, Wearables systems for healthcare applications, delivering scalable solutions and intelligent integration.",Healthcare,['Renewable Energy'],"['NLP', 'Medical AI', 'Wearables']",['Predictive Analytics'],5,3,4,Average,19,59,19800000,69,Series C,14000000,Prototype,['SOC 2'],5,3,12,True,True,Medium,Local,Bhopal,"['Maharashtra', 'Gujarat', 'Telangana']",Guwahati,4,Comprehensive,Community,Complete,strong_sector_weak_scale
18183b29-1303-446c-b1e4-5c9db33e3a88,"Pandit, Chandra and Swaminathan","Disaster Management startup focusing on IoT, Satellite Imaging","We build IoT, Satellite Imaging systems for disaster management applications, delivering scalable solutions and intelligent integration.",Disaster Management,[],"['IoT', 'Satellite Imaging']",[],9,2,19,Average,22,60,1600000,58,Seed,1000000,MVP,['CMMI'],2,8,5,True,True,Low,Local,Mumbai,"['Kerala', 'Maharashtra', 'Telangana']",Nashik,7,Comprehensive,8x5,Incomplete,incomplete_eligibility
f68b0bf9-8e8f-44b1-8257-8bc21bc52195,Nagy-Balan,Environment startup focusing on Sensors,Nagy-Balan specializes in Sensors combined with innovative software to solve environment challenges.,Environment,[],['Sensors'],[],2,2,7,Specialized,15,52,24600000,70,Series C,12000000,Prototype,['ISO 27001'],5,18,4,False,False,Low,Local,Kochi,"['West Bengal', 'Gujarat']",Hyderabad,5,Comprehensive,Community,Complete,early_stage_excellent_prototype
ec7323ad-4711-4c37-a2e9-78b06d9eb054,"Gole, Kulkarni and Wagle","Smart City startup focusing on Data Analytics, Edge Computing, Computer Vision","We build Data Analytics, Edge Computing, Computer Vision systems for smart city applications, delivering scalable solutions and intelligent integration.",Smart City,['Cybersecurity'],"['Data Analytics', 'Edge Computing', 'Computer Vision']",['Threat Detection'],11,10,92,Average,24,53,10700000,34,Bootstrapped,9000000,Early Revenue,['CMMI'],5,14,13,True,True,Medium,Regional,Lucknow,"['UP', 'Gujarat', 'Karnataka', 'Maharashtra']",Kochi,6,Basic,Community,Complete,established_weak_relevance
ca05163e-60a0-4b6f-8a3f-a0c9673aa663,"Mani, Rattan and Dutta","Skill Development startup focusing on Recommendation Systems, NLP, Machine Learning","We build Recommendation Systems, NLP, Machine Learning systems for skill development applications, delivering scalable solutions and intelligent integration.",Skill Development,[],"['Recommendation Systems', 'NLP', 'Machine Learning']",[],14,10,122,Strong,15,71,48000000,22,Bootstrapped,19000000,Growth,['CMMI'],5,19,3,True,True,High,Regional,Chandigarh,['Tamil Nadu'],Pan India,4,Advanced,Community,Incomplete,incomplete_eligibility
23358b52-2345-4b76-81b9-8c1aeaed1193,Dutt Group,Public Safety startup focusing on Biometrics,An innovative startup leveraging Biometrics to revolutionize public safety operations.,Public Safety,[],['Biometrics'],[],1,1,9,Specialized,9,49,25900000,46,Series B,7000000,Prototype,"['ISO 27001', 'CMMI']",0,4,11,False,False,Low,National,Indore,"['UP', 'Kerala']",Noida,1,Comprehensive,24x7,Complete,early_stage_excellent_prototype
8af8f523-830f-4dcb-81e0-00b578b76e15,Sunder Group,"Cybersecurity startup focusing on AI, Network Security","An innovative startup leveraging AI, Network Security to revolutionize cybersecurity operations.",Cybersecurity,"['Public Safety', 'Defence']","['AI', 'Network Security']","['Drones', 'Biometrics']",2,2,80,Specialized,7,90,40100000,60,Series A,6000000,Prototype,['ISO 27001'],3,0,4,True,True,High,Regional,Bengaluru,"['West Bengal', 'Gujarat']",Pan India,11,Basic,24x7,Incomplete,incomplete_eligibility
dac2ec94-2b11-434e-867f-002f022cce73,"Char, Sawhney and Goswami","Transportation startup focusing on Route Optimization, IoT","Char, Sawhney and Goswami specializes in Route Optimization, IoT combined with innovative software to solve transportation challenges.",Transportation,"['Renewable Energy', 'Public Safety']","['Route Optimization', 'IoT']","['IoT', 'Predictive Analytics']",1,0,167,Strong,3,61,14400000,43,Series A,6000000,Growth,['CMMI'],0,13,2,False,True,Low,National,Indore,"['Gujarat', 'West Bengal', 'Kerala', 'Maharashtra']",New Delhi,1,Basic,Community,Complete,excellent_tech_low_exp
eaef09d5-5e00-4411-9514-e988b44806df,"Kant, Oommen and Gola",Tourism startup focusing on Mobile Tech,"Kant, Oommen and Gola specializes in Mobile Tech combined with innovative software to solve tourism challenges.",Tourism,"['Skill Development', 'Healthcare']",['Mobile Tech'],"['Wearables', 'Machine Learning']",10,9,90,Specialized,10,64,47400000,25,Bootstrapped,16000000,Mature,['SOC 2'],2,3,6,True,True,Low,Regional,Delhi,"['Maharashtra', 'Telangana']",Chennai,8,Basic,8x5,Complete,strong_tech_geo_mismatch
17104e3e-0d61-42d8-998a-1d7bcf0ca888,Barad PLC,"FinTech startup focusing on NLP, Fraud Detection","Barad PLC specializes in NLP, Fraud Detection combined with innovative software to solve fintech challenges.",FinTech,"['Infrastructure', 'Water Management']","['NLP', 'Fraud Detection']","['Predictive Analytics', 'Sensors']",5,1,5,Strong,20,57,40600000,49,Series B,13000000,Mature,"['None', 'CMMI']",0,19,12,True,True,Medium,Local,Patna,"['Gujarat', 'Maharashtra', 'Delhi']",Pan India,9,Advanced,Community,Incomplete,incomplete_eligibility
a0d51dad-2553-4341-939f-88ef5b388f80,Srinivasan-Srinivas,"Governance startup focusing on Data Analytics, Machine Learning, OCR","An innovative startup leveraging Data Analytics, Machine Learning, OCR to revolutionize governance operations.",Governance,['Skill Development'],"['Data Analytics', 'Machine Learning', 'OCR']",['VR/AR'],2,0,37,Average,6,79,3700000,37,Series A,3000000,Prototype,"['ISO 27001', 'None']",2,6,14,False,True,High,Local,Bhopal,"['Delhi', 'UP', 'Karnataka']",Kolkata,12,Comprehensive,Community,Complete,strong_sector_weak_scale
45b8c60e-a35b-407a-8322-fc6060dc26ee,"Subramaniam, Dalal and Kakar","Agriculture startup focusing on Satellite Imaging, IoT","We provide end-to-end agriculture services powered by Satellite Imaging, IoT and a strong team of experts.",Agriculture,"['Governance', 'Skill Development']","['Satellite Imaging', 'IoT']","['VR/AR', 'OCR']",1,1,12,Strong,19,31,8700000,51,Series A,0,Mature,['CMMI'],2,4,12,True,True,Medium,National,Bengaluru,['West Bengal'],Hyderabad,12,Advanced,24x7,Complete,excellent_tech_low_exp
c44e0f2b-c158-4b3c-9014-e266a3e2d119,"Hari, Dugar and Narain",Waste Management startup focusing on Computer Vision,"We build Computer Vision systems for waste management applications, delivering scalable solutions and intelligent integration.",Waste Management,['Public Safety'],['Computer Vision'],['Biometrics'],2,0,29,Strong,6,36,1400000,38,Series A,13000000,MVP,['ISO 27001'],1,11,0,True,False,Low,Local,Pune,"['Maharashtra', 'Tamil Nadu', 'Telangana']",Nashik,5,Comprehensive,8x5,Complete,excellent_tech_low_exp
13fe5e06-b615-4d9a-9411-74d7179be673,"Ganesh, Khosla and Sehgal",Cybersecurity startup focusing on AI,An innovative startup leveraging AI to revolutionize cybersecurity operations.,Cybersecurity,"['Rural Development', 'Education']",['AI'],"['Mobile Tech', 'Recommendation Systems']",11,7,3,Average,23,76,24400000,72,Series B,7000000,Prototype,"['None', 'CMMI']",0,11,7,True,True,High,National,Coimbatore,"['Maharashtra', 'UP']",Pan India,4,Basic,Community,Incomplete,incomplete_eligibility
12261726-68b6-41c4-ab3a-2c3d368d4404,"Kale, Ben and Chana",Transportation startup focusing on Predictive Maintenance,"We build Predictive Maintenance systems for transportation applications, delivering scalable solutions and intelligent integration.",Transportation,['Public Safety'],['Predictive Maintenance'],['Computer Vision'],6,1,42,Strong,13,88,33500000,29,Series A,12000000,Growth,['CMMI'],1,2,8,True,True,Medium,Local,Surat,"['Maharashtra', 'Telangana', 'Delhi']",Pan India,4,Basic,24x7,Complete,highly_specialized
248960cf-d768-4af9-af7c-f8c43770754f,Bir-Raja,"Defence startup focusing on Robotics, AI","We provide end-to-end defence services powered by Robotics, AI and a strong team of experts.",Defence,['Smart City'],"['Robotics', 'AI']",['Edge Computing'],5,0,15,Specialized,15,33,7700000,60,Series B,8000000,Early Revenue,['ISO 27001'],5,12,13,True,True,Low,Regional,Noida,"['Telangana', 'Tamil Nadu', 'West Bengal', 'Kerala']",Bhubaneswar,2,Comprehensive,8x5,Complete,strong_sector_weak_scale
e4cc0062-64d8-40dd-bbc4-1a5f14044811,Bhattacharyya-Deo,Renewable Energy startup focusing on Predictive Analytics,We provide end-to-end renewable energy services powered by Predictive Analytics and a strong team of experts.,Renewable Energy,[],['Predictive Analytics'],[],2,0,66,Average,5,44,45100000,61,Series A,15000000,MVP,['SOC 2'],2,20,9,False,True,Low,Local,Chandigarh,"['Tamil Nadu', 'Delhi', 'Maharashtra', 'Telangana']",Pan India,3,Basic,24x7,Complete,excellent_tech_low_exp
99ebc1a6-fb78-4255-bbad-4707c69c4acd,Kumer-Morar,Rural Development startup focusing on Renewable Tech,"We build Renewable Tech systems for rural development applications, delivering scalable solutions and intelligent integration.",Rural Development,[],['Renewable Tech'],[],8,6,2,Average,15,60,18000000,70,Bootstrapped,1000000,Prototype,"['SOC 2', 'None']",4,5,4,True,True,Low,Local,Ahmedabad,"['West Bengal', 'UP', 'Gujarat']",Lucknow,11,Advanced,24x7,Complete,high_exp_weak_tech
5f8c30cf-4a68-4c3c-a466-bd91448675fd,Nagi-Kata,"FinTech startup focusing on Data Analytics, Fraud Detection","We provide end-to-end fintech services powered by Data Analytics, Fraud Detection and a strong team of experts.",FinTech,['Smart City'],"['Data Analytics', 'Fraud Detection']",['Data Analytics'],11,9,10,Strong,14,66,7200000,55,Series B,11000000,MVP,['SOC 2'],3,20,3,True,True,Medium,National,Surat,"['UP', 'Telangana', 'West Bengal', 'Gujarat']",Lucknow,7,Comprehensive,24x7,Complete,established_weak_relevance
8b6aa5e5-11e5-425c-8c94-c711683bf22c,Rajagopal-Nath,Environment startup focusing on IoT,We provide end-to-end environment services powered by IoT and a strong team of experts.,Environment,['Transportation'],['IoT'],['Route Optimization'],7,7,7,Specialized,11,63,47400000,28,Series A,19000000,Mature,['None'],3,9,2,True,True,Medium,Local,Kochi,['Delhi'],Pan India,1,Advanced,24x7,Complete,highly_specialized
ae1f90a2-378a-49ff-b43b-dc84bb46d922,Panchal-Deo,"Smart City startup focusing on Computer Vision, Data Analytics, IoT","We provide end-to-end smart city services powered by Computer Vision, Data Analytics, IoT and a strong team of experts.",Smart City,['FinTech'],"['Computer Vision', 'Data Analytics', 'IoT']",['AI'],6,2,10,Specialized,8,48,7300000,35,Seed,1000000,Growth,"['SOC 2', 'None']",5,12,13,True,True,Medium,Local,Chennai,"['Tamil Nadu', 'Telangana', 'UP']",Indore,10,Basic,Community,Complete,strong_tech_geo_mismatch
edbc03ef-ecdf-4691-970c-f451cb9b7ef4,"Yohannan, Palan and Krishnamurthy","Transportation startup focusing on IoT, Predictive Maintenance","An innovative startup leveraging IoT, Predictive Maintenance to revolutionize transportation operations.",Transportation,['Cybersecurity'],"['IoT', 'Predictive Maintenance']",['AI'],9,9,44,Specialized,20,59,26900000,66,Series A,13000000,Growth,"['CMMI', 'SOC 2']",0,17,0,True,True,Medium,Local,Visakhapatnam,"['Tamil Nadu', 'Delhi']",Patna,3,Comprehensive,Community,Complete,established_weak_relevance
c7438f93-cb0a-4596-b6c4-d1edf10ad1e5,Dugar-Chada,"Tourism startup focusing on NLP, Recommendation Systems","An innovative startup leveraging NLP, Recommendation Systems to revolutionize tourism operations.",Tourism,['Healthcare'],"['NLP', 'Recommendation Systems']",['Medical AI'],8,8,9,Specialized,11,82,42400000,23,Series A,18000000,Growth,"['ISO 27001', 'CMMI']",5,18,1,True,True,High,Local,Chandigarh,"['UP', 'West Bengal']",Pan India,11,Comprehensive,8x5,Complete,strong_tech_geo_mismatch
fb5f427c-cde5-4670-912d-67841ab6d8cb,Batta LLC,"Water Management startup focusing on Predictive Analytics, IoT","We build Predictive Analytics, IoT systems for water management applications, delivering scalable solutions and intelligent integration.",Water Management,['Smart City'],"['Predictive Analytics', 'IoT']",['Computer Vision'],1,0,3,Specialized,15,55,5300000,70,Bootstrapped,3000000,Early Revenue,"['CMMI', 'ISO 27001']",1,17,8,False,True,Medium,Local,Nagpur,['Telangana'],Pan India,3,Comprehensive,Community,Complete,strong_sector_weak_scale
846598ea-5ad6-48c5-95dd-27250a0968d5,Bali Ltd,"Infrastructure startup focusing on Sensors, IoT","We build Sensors, IoT systems for infrastructure applications, delivering scalable solutions and intelligent integration.",Infrastructure,[],"['Sensors', 'IoT']",[],5,5,47,Average,18,82,20000000,59,Series B,4000000,Prototype,"['CMMI', 'ISO 27001']",4,12,0,True,True,High,Regional,Pune,"['Karnataka', 'Gujarat', 'Maharashtra', 'Delhi']",Coimbatore,5,Basic,8x5,Complete,strong_tech_geo_mismatch
17dcdd5d-d497-4316-b959-1cc24f18c7cc,Gulati PLC,"FinTech startup focusing on Fraud Detection, NLP","We build Fraud Detection, NLP systems for fintech applications, delivering scalable solutions and intelligent integration.",FinTech,"['Logistics', 'Transportation']","['Fraud Detection', 'NLP']","['Route Optimization', 'IoT']",12,10,46,Specialized,19,54,15500000,60,Series B,19000000,MVP,"['SOC 2', 'None']",2,18,11,True,True,High,National,Bhopal,['Karnataka'],Pan India,4,Basic,Community,Complete,high_exp_weak_tech
319b647e-3d0c-48dc-a4b6-75ee6c6901e5,Sachar LLC,"Education startup focusing on VR/AR, Machine Learning","We build VR/AR, Machine Learning systems for education applications, delivering scalable solutions and intelligent integration.",Education,['Disaster Management'],"['VR/AR', 'Machine Learning']",['Predictive Analytics'],2,0,8,Specialized,4,58,12800000,24,Series A,19000000,Prototype,['None'],0,14,12,True,True,Low,Regional,Bhubaneswar,"['Tamil Nadu', 'Delhi', 'Maharashtra', 'Gujarat']",New Delhi,9,Basic,8x5,Incomplete,incomplete_eligibility
422fd2c9-8e12-4279-9336-823d66319348,Dugal-Contractor,"Tourism startup focusing on VR/AR, Recommendation Systems, Mobile Tech","An innovative startup leveraging VR/AR, Recommendation Systems, Mobile Tech to revolutionize tourism operations.",Tourism,[],"['VR/AR', 'Recommendation Systems', 'Mobile Tech']",[],13,2,154,Strong,23,76,44200000,19,Series C,15000000,MVP,['CMMI'],4,11,11,True,True,High,National,Delhi,['West Bengal'],Indore,2,Comprehensive,8x5,Complete,multi_sector
7bed38c6-c682-4282-a9cc-e28aaac497d2,Master-Sagar,Cybersecurity startup focusing on Cryptography,"We build Cryptography systems for cybersecurity applications, delivering scalable solutions and intelligent integration.",Cybersecurity,"['Water Management', 'Education']",['Cryptography'],"['NLP', 'Predictive Analytics']",10,8,11,Strong,19,34,19900000,55,Series C,18000000,MVP,"['CMMI', 'None']",0,17,3,True,True,High,Regional,Chennai,['Karnataka'],Jaipur,5,Basic,24x7,Complete,strong_tech_geo_mismatch
e9aad6b2-ad35-4eb4-ae58-53fab0e0a5ef,"Peri, Ahuja and Chakraborty",Healthcare startup focusing on NLP,We provide end-to-end healthcare services powered by NLP and a strong team of experts.,Healthcare,[],['NLP'],[],3,0,13,Specialized,22,89,17700000,19,Bootstrapped,17000000,Growth,['None'],5,1,3,True,True,Medium,National,Gurugram,"['Kerala', 'West Bengal', 'Telangana']",Pan India,1,Basic,8x5,Complete,excellent_tech_low_exp
6e02ed18-4b1d-46b2-b440-b8f9035cef27,Venkatesh Group,"Infrastructure startup focusing on Sensors, Predictive Maintenance, IoT","An innovative startup leveraging Sensors, Predictive Maintenance, IoT to revolutionize infrastructure operations.",Infrastructure,"['Public Safety', 'Smart City']","['Sensors', 'Predictive Maintenance', 'IoT']","['IoT', 'Biometrics']",3,1,18,Average,4,45,18000000,34,Seed,2000000,Mature,['SOC 2'],3,17,1,True,True,High,Local,Pune,['Karnataka'],Delhi,3,Advanced,8x5,Complete,excellent_tech_low_exp
974da22a-b620-463e-8fa6-c01a5a13914e,Choudhry-Nayak,"Waste Management startup focusing on Sensors, Route Optimization, IoT","Choudhry-Nayak specializes in Sensors, Route Optimization, IoT combined with innovative software to solve waste management challenges.",Waste Management,['Skill Development'],"['Sensors', 'Route Optimization', 'IoT']",['Recommendation Systems'],8,1,114,Average,17,90,25300000,55,Series A,17000000,Early Revenue,['None'],2,17,3,True,True,Low,Regional,Indore,"['Tamil Nadu', 'Maharashtra', 'West Bengal', 'Kerala']",Pan India,5,Comprehensive,Community,Complete,strong_sector_weak_scale
8e47d616-f4c3-4b22-9196-63e94f267463,Wali-Goel,"Transportation startup focusing on IoT, Route Optimization","We provide end-to-end transportation services powered by IoT, Route Optimization and a strong team of experts.",Transportation,[],"['IoT', 'Route Optimization']",[],4,3,17,Average,6,33,13800000,45,Series A,19000000,Growth,"['ISO 27001', 'SOC 2']",3,14,1,True,True,Low,Regional,New Delhi,"['UP', 'Karnataka', 'Gujarat', 'Telangana']",Pune,1,Comprehensive,24x7,Complete,excellent_tech_excellent_exp
17db5ca6-eee9-4cbf-9b63-50139c1e166c,Hegde LLC,"Environment startup focusing on Satellite Imaging, Data Analytics","An innovative startup leveraging Satellite Imaging, Data Analytics to revolutionize environment operations.",Environment,"['Transportation', 'Smart City']","['Satellite Imaging', 'Data Analytics']","['Route Optimization', 'Computer Vision']",9,6,44,Strong,21,59,36800000,76,Seed,4000000,Prototype,"['None', 'ISO 27001']",1,17,9,True,True,Medium,National,Bhopal,['Tamil Nadu'],Lucknow,11,Advanced,Community,Incomplete,incomplete_eligibility
a36245d0-c199-448b-9ffe-373dd413eb16,"Madan, Chanda and Chacko",Skill Development startup focusing on Machine Learning,"We build Machine Learning systems for skill development applications, delivering scalable solutions and intelligent integration.",Skill Development,[],['Machine Learning'],[],10,10,26,Average,11,52,800000,66,Series B,20000000,Mature,['CMMI'],0,18,2,True,True,Medium,National,Kolkata,"['Maharashtra', 'West Bengal', 'UP']",Chennai,5,Advanced,8x5,Complete,highly_specialized
cda66adc-8a2a-4293-911e-b7f177167567,Balasubramanian LLC,"Renewable Energy startup focusing on Predictive Analytics, ML, Smart Grids","We build Predictive Analytics, ML, Smart Grids systems for renewable energy applications, delivering scalable solutions and intelligent integration.",Renewable Energy,"['Defence', 'Cybersecurity']","['Predictive Analytics', 'ML', 'Smart Grids']","['Network Security', 'Computer Vision']",11,8,9,Specialized,15,46,36700000,39,Bootstrapped,11000000,Mature,['SOC 2'],2,3,2,True,True,High,Regional,Hyderabad,['Delhi'],Noida,10,Advanced,Community,Complete,multi_sector
aa2b5b29-c5f0-4a75-b5ac-81334a5019fe,"Badami, Bobal and Boase","Governance startup focusing on Blockchain, Machine Learning, NLP","We build Blockchain, Machine Learning, NLP systems for governance applications, delivering scalable solutions and intelligent integration.",Governance,[],"['Blockchain', 'Machine Learning', 'NLP']",[],2,2,154,Strong,13,32,48200000,47,Series A,4000000,Mature,['ISO 27001'],4,6,10,False,True,Medium,National,Pune,"['Kerala', 'Maharashtra']",Pan India,10,Comprehensive,Community,Complete,early_stage_excellent_prototype
94a060b0-ec26-4cf3-891f-a418f3b78940,Sawhney-Randhawa,"Infrastructure startup focusing on Predictive Maintenance, Computer Vision, Sensors","Sawhney-Randhawa specializes in Predictive Maintenance, Computer Vision, Sensors combined with innovative software to solve infrastructure challenges.",Infrastructure,['Governance'],"['Predictive Maintenance', 'Computer Vision', 'Sensors']",['Data Analytics'],8,8,38,Average,15,81,42800000,47,Series A,7000000,Growth,"['ISO 27001', 'None']",1,14,13,True,True,Medium,Local,Lucknow,['Gujarat'],Nagpur,10,Basic,24x7,Complete,strong_sector_weak_scale
d43d1569-5bbf-43af-ac95-d2ff01b0c45e,"Master, Koshy and Ravel","Governance startup focusing on OCR, Data Analytics, Blockchain","We provide end-to-end governance services powered by OCR, Data Analytics, Blockchain and a strong team of experts.",Governance,[],"['OCR', 'Data Analytics', 'Blockchain']",[],2,2,48,Average,18,39,6000000,20,Series C,15000000,MVP,['CMMI'],0,5,3,False,False,High,National,Bhubaneswar,['Telangana'],Pune,1,Comprehensive,8x5,Complete,early_stage_excellent_prototype
13e9d2db-61f8-4320-aa06-2c12782d3b26,"Kata, Rai and Apte","Agriculture startup focusing on Drones, ML, IoT","An innovative startup leveraging Drones, ML, IoT to revolutionize agriculture operations.",Agriculture,[],"['Drones', 'ML', 'IoT']",[],6,1,111,Specialized,25,69,6000000,53,Bootstrapped,1000000,Prototype,"['CMMI', 'SOC 2']",5,14,13,True,True,Medium,Regional,Nashik,"['Telangana', 'Maharashtra']",Pan India,10,Comprehensive,24x7,Complete,strong_tech_geo_mismatch
2328cc63-d523-49b7-96d4-7e4705a788b8,Badami PLC,"Rural Development startup focusing on Mobile Tech, Data Analytics","We provide end-to-end rural development services powered by Mobile Tech, Data Analytics and a strong team of experts.",Rural Development,['Waste Management'],"['Mobile Tech', 'Data Analytics']",['Computer Vision'],13,1,29,Average,18,54,28800000,76,Series A,5000000,MVP,['SOC 2'],3,16,8,True,True,High,National,Jaipur,['Gujarat'],Pan India,2,Advanced,24x7,Complete,excellent_tech_excellent_exp
470ee4c9-aec3-443c-ad67-bf6f8470b0db,Mander-Zachariah,Disaster Management startup focusing on Drones,Mander-Zachariah specializes in Drones combined with innovative software to solve disaster management challenges.,Disaster Management,['Renewable Energy'],['Drones'],['Smart Grids'],10,1,5,Strong,11,87,28200000,75,Series C,17000000,MVP,['CMMI'],0,11,6,True,True,Medium,National,Indore,"['UP', 'Telangana', 'Kerala', 'Delhi']",Pan India,12,Comprehensive,8x5,Complete,strong_sector_weak_scale
d7b7ee5c-dc25-4965-a60d-377debbccbaa,Wali-Mangat,"Rural Development startup focusing on IoT, Renewable Tech","An innovative startup leveraging IoT, Renewable Tech to revolutionize rural development operations.",Rural Development,['Disaster Management'],"['IoT', 'Renewable Tech']",['Drones'],12,10,70,Strong,20,51,37200000,19,Series A,14000000,Mature,['None'],0,13,3,True,True,High,National,Jaipur,"['UP', 'Karnataka']",Pan India,4,Basic,Community,Complete,strong_sector_weak_scale
309fa754-2b9e-4fdd-a9ef-dfd824718eaf,"Tripathi, Babu and Kumer","Public Safety startup focusing on IoT, Biometrics, Predictive Analytics","Tripathi, Babu and Kumer specializes in IoT, Biometrics, Predictive Analytics combined with innovative software to solve public safety challenges.",Public Safety,[],"['IoT', 'Biometrics', 'Predictive Analytics']",[],3,3,4,Strong,16,34,32500000,21,Series B,17000000,Mature,['SOC 2'],0,13,8,True,False,High,National,Gurugram,"['West Bengal', 'Telangana', 'UP']",Gurugram,11,Advanced,24x7,Complete,strong_sector_weak_scale
5bb2a480-84c3-41e3-a208-0e093a58d16b,Barad and Sons,"Public Safety startup focusing on Predictive Analytics, Computer Vision","We build Predictive Analytics, Computer Vision systems for public safety applications, delivering scalable solutions and intelligent integration.",Public Safety,"['FinTech', 'Infrastructure']","['Predictive Analytics', 'Computer Vision']","['Predictive Maintenance', 'AI']",9,9,8,Average,21,75,23700000,50,Seed,15000000,Growth,"['SOC 2', 'ISO 27001']",2,8,6,True,True,Medium,Local,Kolkata,"['Tamil Nadu', 'Gujarat', 'Delhi']",Bhopal,7,Advanced,24x7,Complete,established_weak_relevance
576d91fb-1c14-46b3-8ccb-865e06cf6240,Reddy Group,"Healthcare startup focusing on Computer Vision, Data Analytics, Wearables","An innovative startup leveraging Computer Vision, Data Analytics, Wearables to revolutionize healthcare operations.",Healthcare,['Disaster Management'],"['Computer Vision', 'Data Analytics', 'Wearables']",['Satellite Imaging'],5,3,8,Strong,24,64,10500000,24,Bootstrapped,0,Growth,['None'],2,17,2,True,True,High,Local,Chandigarh,"['Gujarat', 'Delhi']",New Delhi,12,Basic,24x7,Complete,multi_sector
f98c85de-19ee-4ccf-b16b-7d5995235d4d,Kothari LLC,"Defence startup focusing on Drones, Robotics","An innovative startup leveraging Drones, Robotics to revolutionize defence operations.",Defence,['Waste Management'],"['Drones', 'Robotics']",['IoT'],1,0,16,Average,1,44,2100000,30,Seed,1000000,Early Revenue,['CMMI'],5,12,4,False,True,Low,Local,Chandigarh,"['Karnataka', 'UP', 'Gujarat', 'Tamil Nadu']",Pan India,2,Comprehensive,Community,Complete,highly_specialized
2d7a155d-0388-4f4a-b27e-08eb4619a4e9,"Magar, Chandra and Sura","Public Safety startup focusing on Predictive Analytics, IoT, Biometrics","We provide end-to-end public safety services powered by Predictive Analytics, IoT, Biometrics and a strong team of experts.",Public Safety,[],"['Predictive Analytics', 'IoT', 'Biometrics']",[],2,1,6,Strong,9,56,19200000,47,Series C,8000000,Growth,"['SOC 2', 'CMMI']",0,15,12,False,True,Medium,Local,Patna,['Kerala'],Pan India,8,Advanced,24x7,Complete,excellent_tech_low_exp
ef29849c-356a-4344-82a2-6d20f32a1733,"Borah, Thaker and Puri","Tourism startup focusing on Mobile Tech, NLP, VR/AR","Borah, Thaker and Puri specializes in Mobile Tech, NLP, VR/AR combined with innovative software to solve tourism challenges.",Tourism,[],"['Mobile Tech', 'NLP', 'VR/AR']",[],13,10,3,Strong,15,55,44200000,72,Series C,15000000,Mature,['ISO 27001'],3,8,13,True,True,Medium,National,Jaipur,"['Karnataka', 'Gujarat']",Nashik,1,Advanced,Community,Complete,strong_sector_weak_scale
35e06f0d-b5f9-44fe-8e67-01287fe61745,"Vohra, Kuruvilla and Upadhyay","Transportation startup focusing on Computer Vision, Predictive Maintenance","Vohra, Kuruvilla and Upadhyay specializes in Computer Vision, Predictive Maintenance combined with innovative software to solve transportation challenges.",Transportation,"['Disaster Management', 'Infrastructure']","['Computer Vision', 'Predictive Maintenance']","['Computer Vision', 'Predictive Analytics']",9,8,10,Specialized,12,40,6500000,11,Seed,14000000,Prototype,['CMMI'],3,5,15,True,True,Low,National,Kolkata,"['Kerala', 'Karnataka', 'Telangana', 'West Bengal']",Indore,12,Comprehensive,24x7,Complete,established_weak_relevance
4a46ed35-2f66-4cd9-81da-91fba06bea7e,Goswami-Pillai,"Logistics startup focusing on IoT, Route Optimization","Goswami-Pillai specializes in IoT, Route Optimization combined with innovative software to solve logistics challenges.",Logistics,['Skill Development'],"['IoT', 'Route Optimization']",['Machine Learning'],9,3,43,Strong,25,75,10700000,52,Series B,0,Early Revenue,"['SOC 2', 'ISO 27001']",3,2,0,True,True,Medium,National,Noida,"['Maharashtra', 'West Bengal']",Pan India,1,Comprehensive,24x7,Complete,highly_specialized
3b204e9a-8940-4fa4-81fc-f6e9669b58f1,"Dubey, Dhingra and Atwal",Skill Development startup focusing on Machine Learning,An innovative startup leveraging Machine Learning to revolutionize skill development operations.,Skill Development,[],['Machine Learning'],[],11,8,5,Average,20,79,14500000,64,Series B,8000000,Mature,['ISO 27001'],4,4,3,True,True,High,Local,Chennai,"['Tamil Nadu', 'Maharashtra']",Delhi,6,Comprehensive,Community,Complete,strong_tech_geo_mismatch
efb5c8c3-b229-4b9f-a07a-a104e4c16d27,"Sandhu, Chopra and Grewal","Skill Development startup focusing on Recommendation Systems, VR/AR, Machine Learning","We build Recommendation Systems, VR/AR, Machine Learning systems for skill development applications, delivering scalable solutions and intelligent integration.",Skill Development,[],"['Recommendation Systems', 'VR/AR', 'Machine Learning']",[],15,15,5,Strong,23,81,16500000,19,Series B,13000000,Growth,"['None', 'CMMI']",0,7,12,True,True,Medium,Regional,Nashik,"['Gujarat', 'Tamil Nadu', 'Kerala', 'West Bengal']",Pan India,10,Basic,8x5,Complete,high_exp_weak_tech
281ab833-74c7-4d39-9615-c4ddaf731744,"Shroff, Ratta and Dalal","Environment startup focusing on Satellite Imaging, Data Analytics, IoT","We provide end-to-end environment services powered by Satellite Imaging, Data Analytics, IoT and a strong team of experts.",Environment,"['Cybersecurity', 'Governance']","['Satellite Imaging', 'Data Analytics', 'IoT']","['Data Analytics', 'Threat Detection']",15,13,21,Strong,24,65,39400000,54,Seed,12000000,Early Revenue,['ISO 27001'],1,14,11,True,True,High,Local,Bengaluru,"['Gujarat', 'Maharashtra', 'Telangana']",Pan India,10,Advanced,8x5,Complete,highly_specialized
9ea45048-9193-47da-9995-cd35b579290e,Badal PLC,Environment startup focusing on IoT,"We build IoT systems for environment applications, delivering scalable solutions and intelligent integration.",Environment,"['Disaster Management', 'Public Safety']",['IoT'],"['Computer Vision', 'Drones']",15,13,48,Strong,20,31,44700000,79,Series C,4000000,MVP,['ISO 27001'],3,3,1,True,True,Medium,National,Nashik,['Gujarat'],Hyderabad,4,Comprehensive,Community,Complete,high_exp_weak_tech
fe347487-dc84-49d6-9223-793d3b11853d,Shenoy-Datta,"Smart City startup focusing on IoT, Edge Computing, Data Analytics","We build IoT, Edge Computing, Data Analytics systems for smart city applications, delivering scalable solutions and intelligent integration.",Smart City,['Waste Management'],"['IoT', 'Edge Computing', 'Data Analytics']",['IoT'],11,6,8,Strong,18,32,7500000,44,Series A,19000000,MVP,"['SOC 2', 'None']",5,0,9,True,True,Medium,National,Lucknow,['Gujarat'],Pan India,10,Advanced,8x5,Complete,multi_sector
4ac115b7-96b4-4d7d-aaea-425abac8bc04,"Butala, Kar and Singhal",Education startup focusing on NLP,An innovative startup leveraging NLP to revolutionize education operations.,Education,[],['NLP'],[],2,2,2,Specialized,22,90,4100000,41,Seed,4000000,Early Revenue,['CMMI'],5,9,5,False,True,High,Regional,Indore,"['Delhi', 'Tamil Nadu']",Pan India,5,Advanced,Community,Complete,early_stage_excellent_prototype
30b95677-b19f-426c-b529-5aee2160aa15,Das-Dixit,"Rural Development startup focusing on Data Analytics, Renewable Tech","Das-Dixit specializes in Data Analytics, Renewable Tech combined with innovative software to solve rural development challenges.",Rural Development,['Agriculture'],"['Data Analytics', 'Renewable Tech']",['Satellite Imaging'],6,6,10,Specialized,19,52,19700000,29,Series A,6000000,Early Revenue,"['ISO 27001', 'None']",1,8,6,True,True,Medium,Regional,Pune,['UP'],Pan India,8,Basic,24x7,Incomplete,incomplete_eligibility
a5abf0d9-c6d3-4d94-8be3-ba33403e616d,"Kadakia, Chana and Sankaran","Tourism startup focusing on Recommendation Systems, Mobile Tech, VR/AR","We build Recommendation Systems, Mobile Tech, VR/AR systems for tourism applications, delivering scalable solutions and intelligent integration.",Tourism,['FinTech'],"['Recommendation Systems', 'Mobile Tech', 'VR/AR']",['Data Analytics'],12,1,10,Strong,17,49,17100000,53,Seed,14000000,Mature,['ISO 27001'],3,19,14,True,True,High,National,Nashik,"['Kerala', 'West Bengal', 'UP', 'Maharashtra']",Chennai,10,Advanced,24x7,Complete,highly_specialized
acf1d1af-1b38-496f-a972-3eff75d153c3,"Kari, Oommen and Rattan",Public Safety startup focusing on Computer Vision,"Kari, Oommen and Rattan specializes in Computer Vision combined with innovative software to solve public safety challenges.",Public Safety,['Healthcare'],['Computer Vision'],['Wearables'],7,4,8,Specialized,11,38,8500000,48,Series A,1000000,Prototype,"['SOC 2', 'CMMI']",3,12,5,True,True,Medium,Local,Surat,"['Delhi', 'Telangana']",Ahmedabad,2,Basic,8x5,Complete,multi_sector
c25946c8-af21-47b2-a5d9-fb61abc41d64,"Nadkarni, Majumdar and Ganesh","Transportation startup focusing on IoT, Route Optimization, Predictive Maintenance","We provide end-to-end transportation services powered by IoT, Route Optimization, Predictive Maintenance and a strong team of experts.",Transportation,['Agriculture'],"['IoT', 'Route Optimization', 'Predictive Maintenance']",['Computer Vision'],11,10,170,Specialized,14,78,34200000,58,Bootstrapped,12000000,MVP,"['SOC 2', 'CMMI']",2,9,13,True,True,High,Regional,Kolkata,['Gujarat'],Pan India,4,Comprehensive,8x5,Complete,established_weak_relevance
77a7cc7d-d961-4298-bb38-76ce3de5b5d6,Madan PLC,"Renewable Energy startup focusing on Predictive Analytics, Smart Grids","An innovative startup leveraging Predictive Analytics, Smart Grids to revolutionize renewable energy operations.",Renewable Energy,['FinTech'],"['Predictive Analytics', 'Smart Grids']",['Fraud Detection'],13,6,24,Average,14,51,2200000,37,Series B,20000000,MVP,"['SOC 2', 'CMMI']",2,12,15,True,True,Low,Regional,Indore,"['Telangana', 'Kerala']",Pan India,8,Basic,24x7,Complete,strong_sector_weak_scale
ea4461ea-56a3-4732-9722-75648f13fcfe,"Sarkar, Madan and Raj",Education startup focusing on Machine Learning,An innovative startup leveraging Machine Learning to revolutionize education operations.,Education,"['Public Safety', 'Smart City']",['Machine Learning'],"['IoT', 'Data Analytics']",11,7,41,Specialized,21,37,15500000,64,Series C,14000000,Mature,"['CMMI', 'None']",2,17,11,True,True,Low,Local,Indore,"['Maharashtra', 'Telangana', 'Karnataka', 'West Bengal']",Nashik,4,Comprehensive,Community,Complete,excellent_tech_excellent_exp
aee5dc39-0a66-454d-9879-f471083e4cc4,Saini Inc,"Rural Development startup focusing on Data Analytics, IoT","An innovative startup leveraging Data Analytics, IoT to revolutionize rural development operations.",Rural Development,['Healthcare'],"['Data Analytics', 'IoT']",['Medical AI'],2,2,62,Strong,19,47,21700000,53,Seed,9000000,Early Revenue,"['ISO 27001', 'SOC 2']",2,9,1,True,False,High,Local,Kolkata,"['Delhi', 'Telangana', 'Karnataka', 'Tamil Nadu']",Pan India,12,Basic,Community,Complete,early_stage_excellent_prototype
15281929-8fd8-4b52-9f4e-4b31a9b6eb31,Morar-Pandya,"Disaster Management startup focusing on IoT, Drones","We provide end-to-end disaster management services powered by IoT, Drones and a strong team of experts.",Disaster Management,['Environment'],"['IoT', 'Drones']",['Data Analytics'],15,14,14,Specialized,16,51,7500000,22,Series A,13000000,Growth,['SOC 2'],5,8,2,True,True,Medium,Local,Noida,"['Tamil Nadu', 'Delhi', 'Gujarat']",Pune,10,Advanced,8x5,Complete,excellent_tech_excellent_exp
5f3c2394-a2f8-4234-8128-70dc65415731,Bobal-Nanda,"Governance startup focusing on Data Analytics, NLP","Bobal-Nanda specializes in Data Analytics, NLP combined with innovative software to solve governance challenges.",Governance,['Defence'],"['Data Analytics', 'NLP']",['Robotics'],7,2,27,Average,15,59,900000,63,Series C,20000000,Early Revenue,['SOC 2'],1,0,10,True,True,Low,Local,Guwahati,"['West Bengal', 'Kerala', 'Gujarat']",Guwahati,9,Advanced,24x7,Complete,strong_sector_weak_scale
723c7f4f-a167-4d4b-aee6-d8429c3928b6,Viswanathan Inc,"Infrastructure startup focusing on Computer Vision, IoT","Viswanathan Inc specializes in Computer Vision, IoT combined with innovative software to solve infrastructure challenges.",Infrastructure,[],"['Computer Vision', 'IoT']",[],6,6,168,Specialized,18,46,10700000,78,Series B,1000000,Mature,['CMMI'],4,11,2,True,True,Low,National,Chandigarh,"['Tamil Nadu', 'UP', 'Kerala']",Jaipur,11,Advanced,8x5,Complete,highly_specialized
e69719f0-dd81-4954-882a-ff0c84a3a618,Ben and Sons,"Cybersecurity startup focusing on AI, Cryptography, Network Security","Ben and Sons specializes in AI, Cryptography, Network Security combined with innovative software to solve cybersecurity challenges.",Cybersecurity,"['Tourism', 'Defence']","['AI', 'Cryptography', 'Network Security']","['VR/AR', 'Cybersecurity']",9,9,5,Strong,18,41,20200000,37,Seed,12000000,Mature,"['None', 'ISO 27001']",3,19,8,True,True,Medium,Regional,Nagpur,['Gujarat'],Chandigarh,4,Advanced,24x7,Complete,established_weak_relevance
368f5399-a5b8-47ad-ac9a-9fbd6110992f,"Krishnamurthy, Bhardwaj and Mital",Rural Development startup focusing on Mobile Tech,We provide end-to-end rural development services powered by Mobile Tech and a strong team of experts.,Rural Development,[],['Mobile Tech'],[],9,8,44,Average,15,70,29700000,63,Bootstrapped,19000000,MVP,['ISO 27001'],4,18,13,True,True,Low,Regional,Guwahati,"['Telangana', 'West Bengal']",Pan India,6,Basic,Community,Complete,high_exp_weak_tech
fba6fe36-407d-42ef-9e84-d78a063abc03,Raghavan-Bakshi,"Skill Development startup focusing on NLP, VR/AR, Recommendation Systems","We provide end-to-end skill development services powered by NLP, VR/AR, Recommendation Systems and a strong team of experts.",Skill Development,"['Public Safety', 'Infrastructure']","['NLP', 'VR/AR', 'Recommendation Systems']","['IoT', 'Predictive Analytics']",1,0,30,Strong,22,68,29500000,69,Series B,7000000,MVP,"['ISO 27001', 'None']",2,5,7,False,True,Low,National,Pune,"['UP', 'West Bengal', 'Kerala', 'Delhi']",Mumbai,5,Comprehensive,Community,Complete,excellent_tech_low_exp
29b404e1-24ea-4ef5-a26e-4b27137a9f10,Rau and Sons,"Education startup focusing on NLP, VR/AR, Machine Learning","We provide end-to-end education services powered by NLP, VR/AR, Machine Learning and a strong team of experts.",Education,"['Skill Development', 'Infrastructure']","['NLP', 'VR/AR', 'Machine Learning']","['VR/AR', 'Computer Vision']",13,6,152,Strong,14,39,32200000,66,Series A,18000000,Prototype,['None'],3,10,4,True,True,Low,Regional,Noida,"['Maharashtra', 'Gujarat', 'West Bengal']",Pan India,8,Comprehensive,24x7,Complete,multi_sector
5c08ae73-2b11-46a6-a2d5-74060dd2b345,Sura PLC,"Renewable Energy startup focusing on ML, IoT","An innovative startup leveraging ML, IoT to revolutionize renewable energy operations.",Renewable Energy,['Waste Management'],"['ML', 'IoT']",['Route Optimization'],12,12,6,Specialized,16,49,11300000,57,Seed,18000000,Early Revenue,"['CMMI', 'None']",2,4,4,True,True,Low,National,Ahmedabad,"['Tamil Nadu', 'Delhi', 'Karnataka', 'Maharashtra']",Patna,3,Comprehensive,8x5,Complete,high_exp_weak_tech
2cbb65bc-83b4-4d02-9bd5-cb9071f7ef4f,"Vyas, Malhotra and Srivastava","Environment startup focusing on Satellite Imaging, Data Analytics, Sensors","We provide end-to-end environment services powered by Satellite Imaging, Data Analytics, Sensors and a strong team of experts.",Environment,['Logistics'],"['Satellite Imaging', 'Data Analytics', 'Sensors']",['Blockchain'],15,13,30,Strong,22,87,8600000,77,Series B,0,Prototype,"['SOC 2', 'CMMI']",1,7,4,True,True,Medium,National,Visakhapatnam,['Delhi'],Lucknow,8,Comprehensive,Community,Complete,established_weak_relevance
c71d37f9-6f43-48b0-9382-067cc0190036,"Ravi, Swamy and Natt","Smart City startup focusing on IoT, Data Analytics, Computer Vision","We build IoT, Data Analytics, Computer Vision systems for smart city applications, delivering scalable solutions and intelligent integration.",Smart City,"['Logistics', 'Renewable Energy']","['IoT', 'Data Analytics', 'Computer Vision']",['Predictive Analytics'],6,4,191,Average,24,63,44600000,20,Seed,7000000,Early Revenue,['SOC 2'],1,14,5,True,True,Low,National,Chennai,"['Maharashtra', 'Delhi', 'Gujarat']",Pan India,9,Advanced,8x5,Complete,multi_sector
83d96114-2e1d-4dba-9368-56d6a7e00762,"Wali, Memon and Guha",Transportation startup focusing on Predictive Maintenance,"We build Predictive Maintenance systems for transportation applications, delivering scalable solutions and intelligent integration.",Transportation,[],['Predictive Maintenance'],[],1,1,131,Average,7,36,5900000,66,Series C,18000000,MVP,"['None', 'CMMI']",0,18,13,True,False,High,Local,Patna,"['Karnataka', 'Tamil Nadu', 'Kerala', 'Delhi']",Guwahati,8,Comprehensive,8x5,Complete,excellent_tech_low_exp
52930cb5-173c-4129-afe0-5dc71762d9d0,Issac Group,"Waste Management startup focusing on Computer Vision, Sensors","We provide end-to-end waste management services powered by Computer Vision, Sensors and a strong team of experts.",Waste Management,"['Disaster Management', 'Logistics']","['Computer Vision', 'Sensors']","['Predictive Analytics', 'Blockchain']",5,5,129,Strong,15,87,5700000,33,Series C,15000000,Growth,['SOC 2'],0,13,9,True,True,Low,Regional,Jaipur,"['Delhi', 'Maharashtra']",Pan India,4,Advanced,Community,Complete,highly_specialized
915b6771-d8cb-4586-a28d-911de97bddb3,Kuruvilla PLC,"Water Management startup focusing on IoT, Sensors","An innovative startup leveraging IoT, Sensors to revolutionize water management operations.",Water Management,['Logistics'],"['IoT', 'Sensors']",['Blockchain'],10,10,4,Specialized,25,71,31200000,30,Series C,13000000,Early Revenue,['None'],3,9,11,True,True,Low,Regional,Jaipur,"['Gujarat', 'West Bengal', 'Telangana']",Indore,7,Basic,24x7,Complete,established_weak_relevance
715c56e1-9cfd-4ec0-96e1-84e83b0bb847,Pandit LLC,"Healthcare startup focusing on Computer Vision, Wearables, NLP","We provide end-to-end healthcare services powered by Computer Vision, Wearables, NLP and a strong team of experts.",Healthcare,['FinTech'],"['Computer Vision', 'Wearables', 'NLP']",['Blockchain'],1,1,23,Average,18,65,16400000,64,Seed,6000000,Mature,"['None', 'ISO 27001']",0,7,5,False,False,High,National,Bhubaneswar,['Kerala'],Nashik,4,Advanced,Community,Complete,early_stage_excellent_prototype
cfaf3449-c444-4a08-ab5d-3a2fec719bc6,"Kota, Mall and Comar",Tourism startup focusing on VR/AR,An innovative startup leveraging VR/AR to revolutionize tourism operations.,Tourism,['Healthcare'],['VR/AR'],['Data Analytics'],5,4,7,Specialized,18,82,6800000,19,Seed,4000000,Mature,"['SOC 2', 'None']",0,14,7,True,True,Medium,National,Kolkata,"['UP', 'Tamil Nadu', 'Gujarat']",Pan India,2,Comprehensive,Community,Complete,highly_specialized
f76e4380-b087-418a-92f4-f49e01759b49,Parmar Ltd,"Waste Management startup focusing on Sensors, IoT, Route Optimization","Parmar Ltd specializes in Sensors, IoT, Route Optimization combined with innovative software to solve waste management challenges.",Waste Management,['Rural Development'],"['Sensors', 'IoT', 'Route Optimization']",['Renewable Tech'],4,3,100,Strong,24,56,13000000,12,Series B,12000000,Growth,['ISO 27001'],4,11,0,True,False,Low,National,Jaipur,"['Tamil Nadu', 'Gujarat', 'West Bengal', 'Karnataka']",Pan India,10,Basic,Community,Complete,strong_tech_geo_mismatch
25bfb270-205b-4db3-ae4e-cc392a06092e,"Dua, Dhillon and Rai",Education startup focusing on Recommendation Systems,We provide end-to-end education services powered by Recommendation Systems and a strong team of experts.,Education,"['Defence', 'Logistics']",['Recommendation Systems'],"['Robotics', 'IoT']",13,13,27,Specialized,25,74,9300000,53,Series B,0,Growth,"['ISO 27001', 'None']",3,0,0,True,True,Low,Regional,Indore,"['Tamil Nadu', 'Delhi']",Patna,9,Advanced,Community,Complete,high_exp_weak_tech
3ac51441-ed88-47d3-b74e-83e04fab3980,Kant-Samra,Transportation startup focusing on IoT,An innovative startup leveraging IoT to revolutionize transportation operations.,Transportation,"['FinTech', 'Tourism']",['IoT'],"['NLP', 'AI']",5,1,186,Strong,15,85,39900000,26,Series A,7000000,MVP,['None'],1,13,8,True,True,Low,Local,Visakhapatnam,"['Karnataka', 'Telangana', 'Delhi']",Hyderabad,1,Advanced,Community,Complete,excellent_tech_excellent_exp
7117e37e-a836-4e89-9f55-ac9ea48fd8c3,Khare-Vasa,"Transportation startup focusing on Predictive Maintenance, IoT","We build Predictive Maintenance, IoT systems for transportation applications, delivering scalable solutions and intelligent integration.",Transportation,['Healthcare'],"['Predictive Maintenance', 'IoT']",['Computer Vision'],4,3,94,Strong,10,37,37000000,76,Series B,19000000,Early Revenue,"['CMMI', 'ISO 27001']",1,2,11,True,False,Medium,National,Hyderabad,"['Karnataka', 'UP', 'Delhi', 'Kerala']",Pan India,6,Advanced,24x7,Incomplete,incomplete_eligibility
9e10e843-51a1-4bb7-8a14-e9b83a4d1541,"Amble, Murty and Walia",Agriculture startup focusing on Computer Vision,"Amble, Murty and Walia specializes in Computer Vision combined with innovative software to solve agriculture challenges.",Agriculture,['Water Management'],['Computer Vision'],['Machine Learning'],11,11,2,Specialized,13,38,28900000,11,Series B,1000000,Prototype,['None'],2,19,13,True,True,Low,Regional,New Delhi,"['UP', 'Telangana']",Pan India,6,Basic,8x5,Complete,high_exp_weak_tech
8d99c395-c2ad-478d-8126-ea8d7c722f1c,"Acharya, Wagle and Bhargava","Smart City startup focusing on Data Analytics, Edge Computing","We build Data Analytics, Edge Computing systems for smart city applications, delivering scalable solutions and intelligent integration.",Smart City,['Transportation'],"['Data Analytics', 'Edge Computing']",['Computer Vision'],15,8,11,Specialized,17,88,45500000,70,Series B,1000000,Mature,"['SOC 2', 'ISO 27001']",0,0,11,True,True,Low,Local,Indore,['Maharashtra'],Bhubaneswar,7,Comprehensive,24x7,Complete,excellent_tech_excellent_exp
404a2fd3-daac-4aff-a6f8-a760a64f903f,Ganguly-Biswas,"Cybersecurity startup focusing on Cryptography, AI","Ganguly-Biswas specializes in Cryptography, AI combined with innovative software to solve cybersecurity challenges.",Cybersecurity,"['Smart City', 'Water Management']","['Cryptography', 'AI']","['IoT', 'Sensors']",11,8,49,Strong,19,38,38300000,35,Seed,7000000,Prototype,['CMMI'],2,19,3,True,True,Low,Local,Chennai,"['Tamil Nadu', 'Gujarat']",Nashik,11,Comprehensive,Community,Complete,highly_specialized
2a7e6590-78f1-4e6e-a2e6-cdb481fa6f0c,Karnik Group,"Logistics startup focusing on Predictive Analytics, IoT","Karnik Group specializes in Predictive Analytics, IoT combined with innovative software to solve logistics challenges.",Logistics,"['Environment', 'Cybersecurity']","['Predictive Analytics', 'IoT']","['Blockchain', 'Data Analytics']",8,8,8,Strong,20,50,32400000,14,Bootstrapped,18000000,Growth,"['None', 'ISO 27001']",5,18,12,True,True,Medium,Local,Kochi,"['UP', 'West Bengal', 'Karnataka']",Coimbatore,11,Comprehensive,24x7,Complete,high_exp_weak_tech
d696dc1e-4602-49a3-9ceb-1704b8e2df30,Nagarajan PLC,"Waste Management startup focusing on Computer Vision, Sensors","We provide end-to-end waste management services powered by Computer Vision, Sensors and a strong team of experts.",Waste Management,[],"['Computer Vision', 'Sensors']",[],13,8,137,Specialized,13,64,3200000,56,Seed,3000000,MVP,"['ISO 27001', 'CMMI']",4,9,4,True,True,Medium,Regional,Kochi,"['UP', 'Maharashtra', 'Kerala', 'Tamil Nadu']",New Delhi,9,Basic,8x5,Complete,strong_tech_geo_mismatch
b81edde3-8468-486d-a0c4-5e0431d82284,"Rajan, Sodhi and Ray",Renewable Energy startup focusing on Smart Grids,An innovative startup leveraging Smart Grids to revolutionize renewable energy operations.,Renewable Energy,[],['Smart Grids'],[],9,9,185,Specialized,16,74,40900000,78,Series C,5000000,Early Revenue,['ISO 27001'],5,5,7,True,True,High,Local,Kolkata,"['Delhi', 'Tamil Nadu', 'Karnataka', 'UP']",Ahmedabad,9,Advanced,24x7,Complete,excellent_tech_excellent_exp
388ac47e-a713-486c-b5e4-f69a6acad83a,"Shan, Agate and Buch","Rural Development startup focusing on Data Analytics, IoT, Renewable Tech","Shan, Agate and Buch specializes in Data Analytics, IoT, Renewable Tech combined with innovative software to solve rural development challenges.",Rural Development,['Cybersecurity'],"['Data Analytics', 'IoT', 'Renewable Tech']",['AI'],10,10,6,Average,15,71,24600000,30,Series B,12000000,Mature,['SOC 2'],2,2,7,True,True,Medium,Local,Bhopal,['Telangana'],Noida,3,Comprehensive,24x7,Complete,established_weak_relevance
4597afa8-01db-4d8d-98da-71c8c2b31c7f,Iyengar-Goyal,"Waste Management startup focusing on IoT, Computer Vision, Sensors","An innovative startup leveraging IoT, Computer Vision, Sensors to revolutionize waste management operations.",Waste Management,[],"['IoT', 'Computer Vision', 'Sensors']",[],3,1,24,Average,4,54,7800000,19,Series A,3000000,Growth,"['SOC 2', 'None']",5,15,9,True,True,High,Local,Mumbai,"['Delhi', 'West Bengal', 'Kerala']",Nashik,7,Basic,Community,Complete,excellent_tech_low_exp
bc4901c2-2e4a-40a4-a0d7-09f40822c34f,"Ramaswamy, Dutta and Devi","Education startup focusing on Machine Learning, VR/AR","We provide end-to-end education services powered by Machine Learning, VR/AR and a strong team of experts.",Education,['Environment'],"['Machine Learning', 'VR/AR']",['IoT'],6,0,2,Specialized,14,36,25300000,38,Series B,17000000,Mature,"['CMMI', 'ISO 27001']",4,3,3,True,True,High,Local,Hyderabad,"['Gujarat', 'Kerala']",Pan India,6,Comprehensive,24x7,Incomplete,incomplete_eligibility
d699852f-e5f9-4ef1-992a-9a963de8ba31,Varghese-Sule,"Rural Development startup focusing on Renewable Tech, Data Analytics","We build Renewable Tech, Data Analytics systems for rural development applications, delivering scalable solutions and intelligent integration.",Rural Development,"['Logistics', 'Healthcare']","['Renewable Tech', 'Data Analytics']","['Route Optimization', 'Computer Vision']",10,2,2,Specialized,24,84,47100000,62,Series A,11000000,Early Revenue,"['SOC 2', 'CMMI']",3,1,10,True,True,Medium,National,Nagpur,"['Telangana', 'Delhi', 'Tamil Nadu']",Visakhapatnam,12,Advanced,24x7,Complete,strong_tech_geo_mismatch
49082c73-49a3-427d-86cf-582d32dc9447,Zacharia Group,"Defence startup focusing on Cybersecurity, Drones","We provide end-to-end defence services powered by Cybersecurity, Drones and a strong team of experts.",Defence,['Agriculture'],"['Cybersecurity', 'Drones']",['Satellite Imaging'],14,4,15,Strong,18,84,25400000,33,Series B,11000000,Early Revenue,"['None', 'ISO 27001']",1,10,0,True,True,Low,Local,Patna,"['UP', 'Tamil Nadu', 'Kerala']",Pan India,7,Comprehensive,Community,Incomplete,incomplete_eligibility
31bdbde1-fd72-4e72-b3b5-8972f625fe61,Purohit-Kari,Agriculture startup focusing on Computer Vision,We provide end-to-end agriculture services powered by Computer Vision and a strong team of experts.,Agriculture,[],['Computer Vision'],[],2,2,87,Strong,25,82,20300000,27,Series A,19000000,Mature,['None'],1,14,1,True,True,High,Regional,Bengaluru,"['Delhi', 'UP', 'Maharashtra', 'Kerala']",Pan India,3,Basic,24x7,Complete,early_stage_excellent_prototype
fd866b7d-202f-4301-b733-7c864a262b15,Hora LLC,"Renewable Energy startup focusing on ML, IoT, Smart Grids","An innovative startup leveraging ML, IoT, Smart Grids to revolutionize renewable energy operations.",Renewable Energy,[],"['ML', 'IoT', 'Smart Grids']",[],9,8,97,Specialized,20,81,20400000,59,Series A,13000000,Early Revenue,"['SOC 2', 'CMMI']",4,11,2,True,True,High,Local,Jaipur,"['UP', 'Telangana']",Hyderabad,9,Advanced,8x5,Incomplete,incomplete_eligibility
2aba1675-f0d7-4e27-a670-33b3cd494169,Dua LLC,"Skill Development startup focusing on Machine Learning, Recommendation Systems, VR/AR","Dua LLC specializes in Machine Learning, Recommendation Systems, VR/AR combined with innovative software to solve skill development challenges.",Skill Development,[],"['Machine Learning', 'Recommendation Systems', 'VR/AR']",[],8,4,39,Strong,25,58,22300000,18,Series C,20000000,Prototype,"['CMMI', 'None']",1,2,11,True,True,Low,National,Chennai,"['Karnataka', 'West Bengal', 'Delhi']",Pan India,7,Basic,Community,Incomplete,incomplete_eligibility
2501bf23-da10-45b2-917e-28e9f9bfbf90,"Nagy, Natt and Bhargava","Rural Development startup focusing on Data Analytics, Mobile Tech, IoT","We build Data Analytics, Mobile Tech, IoT systems for rural development applications, delivering scalable solutions and intelligent integration.",Rural Development,['Infrastructure'],"['Data Analytics', 'Mobile Tech', 'IoT']",['Sensors'],1,1,63,Specialized,14,76,39600000,19,Seed,6000000,MVP,['SOC 2'],0,20,15,True,False,Low,Local,Bhopal,"['Kerala', 'UP', 'Gujarat', 'Delhi']",Delhi,3,Basic,24x7,Complete,early_stage_excellent_prototype
8878ebc5-e5bf-4381-b0bb-f4789c11f64f,"Nanda, Vyas and Nori","FinTech startup focusing on NLP, Data Analytics, AI","We build NLP, Data Analytics, AI systems for fintech applications, delivering scalable solutions and intelligent integration.",FinTech,[],"['NLP', 'Data Analytics', 'AI']",[],1,1,6,Specialized,9,31,17300000,67,Series C,1000000,Mature,['None'],0,5,0,True,True,Medium,Regional,Ahmedabad,['Gujarat'],Pan India,4,Comprehensive,Community,Complete,early_stage_excellent_prototype
07d712a8-5231-4197-b6d3-63e2fd067703,Karnik-Andra,"Disaster Management startup focusing on Predictive Analytics, IoT, Satellite Imaging","Karnik-Andra specializes in Predictive Analytics, IoT, Satellite Imaging combined with innovative software to solve disaster management challenges.",Disaster Management,[],"['Predictive Analytics', 'IoT', 'Satellite Imaging']",[],15,13,145,Average,15,69,43300000,32,Bootstrapped,17000000,Prototype,"['None', 'ISO 27001']",2,5,5,True,True,Low,Regional,Noida,"['Gujarat', 'West Bengal']",Surat,8,Basic,Community,Complete,high_exp_weak_tech
7b4e4c0b-d6f9-4834-880a-6c13e373ecdf,Bhardwaj Group,"Infrastructure startup focusing on IoT, Sensors","We build IoT, Sensors systems for infrastructure applications, delivering scalable solutions and intelligent integration.",Infrastructure,[],"['IoT', 'Sensors']",[],1,1,9,Specialized,3,72,46900000,71,Series A,16000000,Mature,"['SOC 2', 'CMMI']",2,4,14,True,False,High,Regional,Bhopal,"['Kerala', 'Maharashtra', 'Delhi', 'Karnataka']",Pan India,6,Comprehensive,24x7,Complete,early_stage_excellent_prototype
03ac1249-2512-4a32-bc30-24d64e7158a6,"Shah, Madan and Banerjee","Skill Development startup focusing on Machine Learning, Recommendation Systems","An innovative startup leveraging Machine Learning, Recommendation Systems to revolutionize skill development operations.",Skill Development,['Water Management'],"['Machine Learning', 'Recommendation Systems']",['IoT'],9,0,128,Specialized,10,64,27700000,32,Bootstrapped,1000000,Early Revenue,"['SOC 2', 'CMMI']",4,1,13,True,True,High,National,Chandigarh,"['UP', 'Gujarat']",Pan India,4,Basic,24x7,Incomplete,incomplete_eligibility
4a34f2db-72b7-4b9e-8738-16988a857506,"Parikh, Naidu and Seshadri","Defence startup focusing on Cybersecurity, Computer Vision, Robotics","We build Cybersecurity, Computer Vision, Robotics systems for defence applications, delivering scalable solutions and intelligent integration.",Defence,[],"['Cybersecurity', 'Computer Vision', 'Robotics']",[],11,9,5,Strong,21,82,5900000,47,Series A,5000000,Growth,['None'],3,1,4,True,True,Low,National,Gurugram,"['Kerala', 'Tamil Nadu', 'Maharashtra']",Nagpur,7,Comprehensive,8x5,Complete,established_weak_relevance
ec8ba342-c8f7-403e-865e-55891a74ea2b,Gole-Bansal,"Governance startup focusing on OCR, Blockchain","We build OCR, Blockchain systems for governance applications, delivering scalable solutions and intelligent integration.",Governance,['Public Safety'],"['OCR', 'Blockchain']",['Predictive Analytics'],10,0,8,Strong,25,34,3600000,24,Seed,17000000,Early Revenue,['None'],5,12,9,True,True,High,Regional,Ahmedabad,"['Maharashtra', 'UP', 'Delhi']",Pan India,9,Advanced,8x5,Complete,strong_sector_weak_scale
2cdb4b37-5ac5-440f-955f-20574e1ba8f0,Karpe and Sons,"Cybersecurity startup focusing on Threat Detection, Blockchain","We provide end-to-end cybersecurity services powered by Threat Detection, Blockchain and a strong team of experts.",Cybersecurity,"['Healthcare', 'Disaster Management']","['Threat Detection', 'Blockchain']","['Computer Vision', 'Satellite Imaging']",13,12,4,Specialized,25,32,37800000,28,Series C,6000000,MVP,"['ISO 27001', 'None']",0,4,10,True,True,Medium,Local,Lucknow,"['Delhi', 'Karnataka', 'UP', 'Kerala']",Delhi,9,Basic,8x5,Complete,established_weak_relevance
4b9d8099-2c23-4fbd-81a5-ad0d51a813b1,"Datta, Ravel and Karnik","Defence startup focusing on AI, Computer Vision, Drones","We build AI, Computer Vision, Drones systems for defence applications, delivering scalable solutions and intelligent integration.",Defence,"['Transportation', 'Waste Management']","['AI', 'Computer Vision', 'Drones']","['Route Optimization', 'Sensors']",10,8,6,Strong,12,56,49300000,50,Series C,17000000,Prototype,['None'],2,1,4,True,True,Low,National,Gurugram,['Kerala'],Pan India,7,Comprehensive,8x5,Complete,multi_sector
130a45e0-7ec3-4d15-8e77-3ad7035deba0,Kari LLC,"Renewable Energy startup focusing on Predictive Analytics, ML, IoT","An innovative startup leveraging Predictive Analytics, ML, IoT to revolutionize renewable energy operations.",Renewable Energy,"['Healthcare', 'Tourism']","['Predictive Analytics', 'ML', 'IoT']","['NLP', 'Recommendation Systems']",5,5,110,Specialized,19,60,31300000,42,Seed,14000000,Mature,"['SOC 2', 'ISO 27001']",2,20,5,True,True,Medium,Regional,New Delhi,"['Karnataka', 'Kerala', 'West Bengal']",Pan India,1,Advanced,24x7,Complete,highly_specialized
cebccdbf-2026-4dfc-b7c7-62909f7614d3,"Mistry, Srinivas and Gupta","Infrastructure startup focusing on IoT, Computer Vision","We provide end-to-end infrastructure services powered by IoT, Computer Vision and a strong team of experts.",Infrastructure,[],"['IoT', 'Computer Vision']",[],6,1,36,Average,16,50,22700000,59,Series B,4000000,Mature,['SOC 2'],1,6,6,True,True,High,National,Guwahati,"['West Bengal', 'Kerala', 'Telangana']",Nagpur,4,Advanced,8x5,Complete,highly_specialized
0d23a070-94ca-46a1-918d-99aaff1d4cbf,Gade-Krishnamurthy,"Disaster Management startup focusing on IoT, Predictive Analytics, Drones","We build IoT, Predictive Analytics, Drones systems for disaster management applications, delivering scalable solutions and intelligent integration.",Disaster Management,[],"['IoT', 'Predictive Analytics', 'Drones']",[],14,14,5,Specialized,17,54,48200000,66,Series C,5000000,Early Revenue,['CMMI'],4,6,4,True,True,Medium,Regional,Kochi,"['Telangana', 'West Bengal']",Pan India,11,Basic,8x5,Complete,established_weak_relevance
9882b860-b257-405e-bdb0-e440b2b98268,Sha-Mammen,Agriculture startup focusing on Computer Vision,An innovative startup leveraging Computer Vision to revolutionize agriculture operations.,Agriculture,[],['Computer Vision'],[],11,10,3,Specialized,25,50,43000000,18,Series C,14000000,Growth,"['SOC 2', 'CMMI']",2,3,5,True,True,Low,Local,Indore,['UP'],Guwahati,3,Comprehensive,Community,Complete,high_exp_weak_tech
b62ac760-b541-4806-8233-86c84701e063,Dave PLC,Disaster Management startup focusing on Predictive Analytics,An innovative startup leveraging Predictive Analytics to revolutionize disaster management operations.,Disaster Management,"['Environment', 'Renewable Energy']",['Predictive Analytics'],"['Satellite Imaging', 'Predictive Analytics']",13,0,34,Average,22,66,8700000,12,Seed,14000000,Prototype,"['None', 'SOC 2']",0,11,2,True,True,Low,Local,Guwahati,"['Kerala', 'Telangana', 'Karnataka']",Pan India,11,Advanced,24x7,Complete,highly_specialized
835ae18e-f2ff-405e-b09c-822a5720e865,"Panchal, Patil and Dua","Agriculture startup focusing on Computer Vision, ML","We provide end-to-end agriculture services powered by Computer Vision, ML and a strong team of experts.",Agriculture,['Skill Development'],"['Computer Vision', 'ML']",['NLP'],6,6,22,Average,11,33,46200000,13,Seed,9000000,Early Revenue,"['CMMI', 'SOC 2']",0,8,14,True,True,High,Local,Jaipur,['Telangana'],Pan India,12,Comprehensive,8x5,Complete,multi_sector
036928e3-85f9-47ba-9248-f5aa733ceaa5,Parmer Ltd,"Water Management startup focusing on Machine Learning, Predictive Analytics","We provide end-to-end water management services powered by Machine Learning, Predictive Analytics and a strong team of experts.",Water Management,['Transportation'],"['Machine Learning', 'Predictive Analytics']",['Route Optimization'],12,10,34,Specialized,17,38,43700000,64,Series A,8000000,Mature,['CMMI'],2,8,2,True,True,Medium,National,Mumbai,"['UP', 'Maharashtra', 'Karnataka']",Pan India,4,Basic,8x5,Complete,multi_sector
13d32b8e-0a7a-4f4a-956d-b665b595a8a9,Barad Inc,FinTech startup focusing on Fraud Detection,"We build Fraud Detection systems for fintech applications, delivering scalable solutions and intelligent integration.",FinTech,[],['Fraud Detection'],[],13,3,52,Strong,22,70,37700000,53,Series B,20000000,Early Revenue,['ISO 27001'],0,4,6,True,True,High,Local,New Delhi,['Maharashtra'],Bengaluru,11,Basic,8x5,Complete,excellent_tech_excellent_exp
d48c9c25-846a-44d4-8839-f5730f512bea,"Narang, Solanki and Wagle","Healthcare startup focusing on NLP, Computer Vision","We provide end-to-end healthcare services powered by NLP, Computer Vision and a strong team of experts.",Healthcare,"['Agriculture', 'Public Safety']","['NLP', 'Computer Vision']","['ML', 'IoT']",12,7,123,Strong,20,30,44200000,17,Bootstrapped,5000000,MVP,"['SOC 2', 'None']",4,6,3,True,True,High,Local,Noida,"['Gujarat', 'Delhi']",New Delhi,11,Comprehensive,24x7,Incomplete,incomplete_eligibility
671bdd34-716d-4d38-a0b4-95b2a4a3efc3,Bansal Inc,"Skill Development startup focusing on Machine Learning, VR/AR, NLP","We build Machine Learning, VR/AR, NLP systems for skill development applications, delivering scalable solutions and intelligent integration.",Skill Development,['Logistics'],"['Machine Learning', 'VR/AR', 'NLP']",['Blockchain'],14,5,51,Strong,15,61,14400000,30,Series A,1000000,Mature,"['ISO 27001', 'None']",5,14,0,True,True,High,National,Mumbai,"['Gujarat', 'Maharashtra', 'Tamil Nadu']",Chennai,8,Advanced,Community,Complete,strong_tech_geo_mismatch
b17fa7bb-08a4-4e59-a85b-af9d33d6bdb2,"Shankar, Chawla and Gour","Disaster Management startup focusing on IoT, Predictive Analytics","An innovative startup leveraging IoT, Predictive Analytics to revolutionize disaster management operations.",Disaster Management,[],"['IoT', 'Predictive Analytics']",[],2,2,5,Average,16,85,23800000,69,Series B,14000000,MVP,['CMMI'],3,0,4,False,False,High,Local,Bhopal,"['Karnataka', 'Kerala', 'West Bengal']",Pan India,3,Comprehensive,8x5,Complete,early_stage_excellent_prototype
99c6e05e-f51d-4edc-94cb-ef17ee85689a,Virk LLC,Transportation startup focusing on Predictive Maintenance,An innovative startup leveraging Predictive Maintenance to revolutionize transportation operations.,Transportation,[],['Predictive Maintenance'],[],8,2,6,Specialized,16,44,20000000,30,Seed,15000000,Mature,"['CMMI', 'SOC 2']",1,15,1,True,True,Medium,Local,Mumbai,"['West Bengal', 'Tamil Nadu', 'Maharashtra']",Gurugram,4,Advanced,24x7,Complete,highly_specialized
edd393cb-2f44-452a-b29a-d21d97c3b5e9,"Mittal, Murty and Gala","Smart City startup focusing on Edge Computing, Data Analytics","We build Edge Computing, Data Analytics systems for smart city applications, delivering scalable solutions and intelligent integration.",Smart City,['Defence'],"['Edge Computing', 'Data Analytics']",['Robotics'],1,1,43,Strong,15,53,18900000,70,Series B,7000000,MVP,"['SOC 2', 'CMMI']",5,15,8,False,False,High,Local,Delhi,"['Delhi', 'UP', 'Kerala']",Gurugram,10,Advanced,8x5,Complete,early_stage_excellent_prototype
4cb89952-8585-4b0a-97f9-4bc7a13eb651,Chanda Group,Waste Management startup focusing on Computer Vision,An innovative startup leveraging Computer Vision to revolutionize waste management operations.,Waste Management,"['Education', 'Public Safety']",['Computer Vision'],"['NLP', 'Biometrics']",8,4,3,Strong,23,45,36400000,28,Seed,20000000,Prototype,"['None', 'CMMI']",3,17,4,True,True,Medium,Regional,Bhubaneswar,"['UP', 'Delhi', 'Kerala']",Pan India,10,Comprehensive,8x5,Complete,strong_tech_geo_mismatch
c6c41f85-97bf-446b-8890-eb611f0c468c,Savant Ltd,"Water Management startup focusing on Sensors, IoT, Predictive Analytics","We build Sensors, IoT, Predictive Analytics systems for water management applications, delivering scalable solutions and intelligent integration.",Water Management,"['Healthcare', 'Transportation']","['Sensors', 'IoT', 'Predictive Analytics']","['Route Optimization', 'Wearables']",5,2,5,Average,19,79,33300000,63,Seed,14000000,Growth,['CMMI'],2,3,8,True,True,Medium,Regional,Noida,"['Tamil Nadu', 'Telangana', 'UP', 'Maharashtra']",Pan India,2,Basic,24x7,Complete,excellent_tech_excellent_exp
3a461fe6-ce69-482d-b37e-1fa1d28ddc73,Trivedi and Sons,Infrastructure startup focusing on Computer Vision,An innovative startup leveraging Computer Vision to revolutionize infrastructure operations.,Infrastructure,['FinTech'],['Computer Vision'],['NLP'],1,1,8,Specialized,25,66,32900000,46,Bootstrapped,16000000,Prototype,['CMMI'],0,2,4,True,True,High,Local,Nashik,"['Maharashtra', 'Gujarat']",Lucknow,2,Advanced,24x7,Complete,early_stage_excellent_prototype
652a9cb4-9c8f-4176-b3c7-4ffbb304365a,Sidhu-Desai,"Agriculture startup focusing on Computer Vision, ML, Satellite Imaging","We build Computer Vision, ML, Satellite Imaging systems for agriculture applications, delivering scalable solutions and intelligent integration.",Agriculture,['Public Safety'],"['Computer Vision', 'ML', 'Satellite Imaging']",['Biometrics'],9,8,15,Specialized,9,33,11600000,40,Seed,15000000,Prototype,['SOC 2'],1,4,4,True,True,High,Regional,Jaipur,"['Kerala', 'Karnataka', 'Tamil Nadu', 'Telangana']",Pan India,11,Comprehensive,Community,Complete,high_exp_weak_tech
f10df424-88e2-462d-a394-1988fea2ae0a,Raghavan-Chawla,Governance startup focusing on Data Analytics,We provide end-to-end governance services powered by Data Analytics and a strong team of experts.,Governance,"['Agriculture', 'Healthcare']",['Data Analytics'],['Computer Vision'],3,1,139,Strong,7,64,26000000,31,Bootstrapped,20000000,Mature,"['None', 'CMMI']",2,16,12,True,True,Low,National,Chennai,"['Delhi', 'Gujarat', 'Telangana']",Pan India,11,Advanced,24x7,Complete,excellent_tech_low_exp
b7ece3ea-648b-4144-b4f0-542abc92f405,Wali-Peri,"Smart City startup focusing on Data Analytics, Computer Vision, Edge Computing","An innovative startup leveraging Data Analytics, Computer Vision, Edge Computing to revolutionize smart city operations.",Smart City,['Skill Development'],"['Data Analytics', 'Computer Vision', 'Edge Computing']",['VR/AR'],1,1,101,Average,15,33,42600000,37,Seed,18000000,Early Revenue,['ISO 27001'],2,0,6,True,False,Low,Regional,Coimbatore,"['Gujarat', 'West Bengal', 'Delhi', 'Tamil Nadu']",Pan India,8,Advanced,Community,Complete,strong_tech_geo_mismatch
c28b0eae-684d-4458-897f-652c137d9940,Dash PLC,Skill Development startup focusing on VR/AR,Dash PLC specializes in VR/AR combined with innovative software to solve skill development challenges.,Skill Development,['Renewable Energy'],['VR/AR'],['Predictive Analytics'],14,0,2,Strong,14,53,22700000,58,Seed,20000000,MVP,"['None', 'ISO 27001']",2,13,0,True,True,Medium,Local,Hyderabad,"['Telangana', 'Tamil Nadu', 'Delhi']",Pan India,11,Comprehensive,Community,Complete,strong_tech_geo_mismatch
7e5af560-1dad-4de9-87c5-9e6fdd76d160,"Purohit, Bhavsar and Dhaliwal",Smart City startup focusing on Computer Vision,"We build Computer Vision systems for smart city applications, delivering scalable solutions and intelligent integration.",Smart City,['Defence'],['Computer Vision'],['Computer Vision'],12,3,47,Specialized,23,39,1100000,71,Seed,2000000,Growth,"['ISO 27001', 'CMMI']",3,13,14,True,True,Medium,Local,Bengaluru,['Maharashtra'],Visakhapatnam,12,Advanced,Community,Complete,strong_tech_geo_mismatch
f27de1f5-ec40-4e26-8052-65104903d3d6,Brahmbhatt Inc,"Disaster Management startup focusing on Satellite Imaging, Drones","We provide end-to-end disaster management services powered by Satellite Imaging, Drones and a strong team of experts.",Disaster Management,[],"['Satellite Imaging', 'Drones']",[],5,1,50,Strong,6,48,44700000,65,Series A,2000000,Mature,"['CMMI', 'SOC 2']",4,5,11,True,True,High,Regional,Coimbatore,"['Gujarat', 'UP']",Pan India,10,Advanced,24x7,Complete,excellent_tech_excellent_exp
f260ba7a-9a77-4312-8e8c-908210801ca3,"Bose, Rajan and Shan",Rural Development startup focusing on Renewable Tech,We provide end-to-end rural development services powered by Renewable Tech and a strong team of experts.,Rural Development,['Water Management'],['Renewable Tech'],['Machine Learning'],2,2,3,Specialized,23,40,33000000,69,Bootstrapped,10000000,Mature,['None'],4,20,5,True,True,High,Regional,Mumbai,"['Maharashtra', 'Karnataka', 'Tamil Nadu', 'West Bengal']",Pan India,5,Comprehensive,Community,Complete,early_stage_excellent_prototype
035510d3-efdf-47b7-83b3-7a1b9f4b0d14,Arora LLC,"Defence startup focusing on Computer Vision, Cybersecurity","Arora LLC specializes in Computer Vision, Cybersecurity combined with innovative software to solve defence challenges.",Defence,"['Renewable Energy', 'Waste Management']","['Computer Vision', 'Cybersecurity']","['Route Optimization', 'Smart Grids']",9,9,139,Specialized,15,75,32700000,68,Bootstrapped,16000000,Prototype,"['SOC 2', 'ISO 27001']",5,9,7,True,True,Medium,Regional,Noida,['Delhi'],Pan India,1,Advanced,8x5,Complete,established_weak_relevance
1ba8884a-a257-4c27-bb14-6fa289e7af43,"Batra, Pingle and Dani","Transportation startup focusing on Route Optimization, Predictive Maintenance, IoT","We provide end-to-end transportation services powered by Route Optimization, Predictive Maintenance, IoT and a strong team of experts.",Transportation,[],"['Route Optimization', 'Predictive Maintenance', 'IoT']",[],8,1,8,Average,14,49,15300000,53,Series B,19000000,Mature,"['ISO 27001', 'None']",3,1,15,True,True,Medium,Regional,Bengaluru,"['West Bengal', 'Kerala', 'UP']",Pan India,7,Comprehensive,Community,Incomplete,incomplete_eligibility
0b61fbdd-6e6a-451f-a1a5-1ba4e1b0c874,"Mitra, Oommen and Sridhar",Skill Development startup focusing on Recommendation Systems,An innovative startup leveraging Recommendation Systems to revolutionize skill development operations.,Skill Development,['Disaster Management'],['Recommendation Systems'],['Satellite Imaging'],1,0,9,Strong,20,60,23200000,58,Bootstrapped,10000000,Early Revenue,"['SOC 2', 'None']",3,3,0,True,True,High,Regional,Mumbai,"['West Bengal', 'Tamil Nadu']",Nashik,9,Comprehensive,Community,Complete,excellent_tech_low_exp
b96036ae-8b0b-4522-b681-c0a235364608,Varkey-Chand,Healthcare startup focusing on NLP,"We build NLP systems for healthcare applications, delivering scalable solutions and intelligent integration.",Healthcare,['Tourism'],['NLP'],['Recommendation Systems'],3,3,20,Specialized,7,83,16900000,64,Bootstrapped,6000000,Growth,"['SOC 2', 'ISO 27001']",3,20,5,True,False,Low,Regional,New Delhi,"['Gujarat', 'West Bengal']",Gurugram,12,Basic,8x5,Incomplete,incomplete_eligibility
ec15900f-cde6-42b9-ac6a-4cf972677511,Kari and Sons,Defence startup focusing on Robotics,"We build Robotics systems for defence applications, delivering scalable solutions and intelligent integration.",Defence,[],['Robotics'],[],8,6,143,Average,23,32,26800000,57,Series A,13000000,Mature,"['ISO 27001', 'CMMI']",0,8,11,True,True,Medium,Regional,Chandigarh,"['Telangana', 'Maharashtra']",Pan India,2,Comprehensive,8x5,Complete,established_weak_relevance
ae15c035-df77-4608-9a1d-040d97f762b3,"Sunder, Som and Pillai","Transportation startup focusing on Computer Vision, IoT","Sunder, Som and Pillai specializes in Computer Vision, IoT combined with innovative software to solve transportation challenges.",Transportation,['Infrastructure'],"['Computer Vision', 'IoT']",['Predictive Maintenance'],13,10,4,Strong,17,38,2000000,39,Series B,0,Early Revenue,['ISO 27001'],0,16,8,True,True,High,National,Bengaluru,"['Telangana', 'Gujarat', 'Maharashtra']",Pan India,4,Comprehensive,24x7,Complete,multi_sector
c687b87f-59d8-4c82-b16e-35d7659249f0,Datta Ltd,Disaster Management startup focusing on Predictive Analytics,Datta Ltd specializes in Predictive Analytics combined with innovative software to solve disaster management challenges.,Disaster Management,['Transportation'],['Predictive Analytics'],['Predictive Maintenance'],9,8,82,Strong,22,83,26200000,19,Series A,7000000,Early Revenue,"['ISO 27001', 'SOC 2']",0,10,12,True,True,Low,Local,Surat,"['Kerala', 'West Bengal', 'Tamil Nadu']",Pan India,8,Comprehensive,Community,Complete,high_exp_weak_tech
0792bf6c-a7e9-471b-b42c-a79b479ba6c4,Sampath-Soman,"Governance startup focusing on Data Analytics, Machine Learning, OCR","An innovative startup leveraging Data Analytics, Machine Learning, OCR to revolutionize governance operations.",Governance,"['Defence', 'Renewable Energy']","['Data Analytics', 'Machine Learning', 'OCR']","['ML', 'Computer Vision']",8,7,8,Average,18,49,14200000,60,Series C,19000000,Early Revenue,"['CMMI', 'None']",3,12,4,True,True,Medium,Regional,Mumbai,"['Gujarat', 'Maharashtra', 'Telangana', 'UP']",Chennai,5,Comprehensive,Community,Complete,high_exp_weak_tech
4bcab53c-0fd6-4ac4-97b1-907b43179b04,"Gole, Randhawa and Trivedi",Renewable Energy startup focusing on IoT,"Gole, Randhawa and Trivedi specializes in IoT combined with innovative software to solve renewable energy challenges.",Renewable Energy,['Waste Management'],['IoT'],['Computer Vision'],5,1,43,Specialized,9,81,30600000,64,Series A,6000000,Early Revenue,"['SOC 2', 'CMMI']",4,16,5,True,True,Low,National,Coimbatore,"['Delhi', 'UP', 'Tamil Nadu']",Nagpur,3,Comprehensive,24x7,Complete,strong_tech_geo_mismatch
b548ed0c-d16c-413f-8065-a9fda542f54e,"Madan, Karan and Raman","FinTech startup focusing on NLP, Data Analytics","We build NLP, Data Analytics systems for fintech applications, delivering scalable solutions and intelligent integration.",FinTech,[],"['NLP', 'Data Analytics']",[],15,14,31,Average,23,55,3600000,42,Bootstrapped,2000000,MVP,"['CMMI', 'SOC 2']",4,18,8,True,True,High,National,Indore,"['Tamil Nadu', 'Karnataka']",Indore,10,Basic,24x7,Incomplete,incomplete_eligibility
4c3d7429-c5ef-4d2b-9aa1-0fc502284022,Vala LLC,Governance startup focusing on OCR,We provide end-to-end governance services powered by OCR and a strong team of experts.,Governance,['Waste Management'],['OCR'],['Sensors'],3,1,12,Strong,4,87,6500000,22,Series C,1000000,Prototype,['None'],4,8,9,True,False,Low,Local,Gurugram,"['UP', 'Gujarat', 'Kerala']",Pan India,1,Comprehensive,Community,Complete,excellent_tech_low_exp
e08e1a0a-5ad6-4a94-b45e-57ee3d257dc7,Varughese-Borra,Waste Management startup focusing on Route Optimization,We provide end-to-end waste management services powered by Route Optimization and a strong team of experts.,Waste Management,[],['Route Optimization'],[],4,4,73,Strong,7,45,49800000,44,Series B,7000000,MVP,"['SOC 2', 'ISO 27001']",1,8,3,True,True,Low,National,Ahmedabad,"['Kerala', 'West Bengal', 'Maharashtra', 'UP']",Pan India,7,Comprehensive,24x7,Incomplete,incomplete_eligibility
cfa8284a-31bc-443c-b8b1-144935eab677,"Guha, Tandon and Raj","Rural Development startup focusing on Renewable Tech, Data Analytics, Mobile Tech","We provide end-to-end rural development services powered by Renewable Tech, Data Analytics, Mobile Tech and a strong team of experts.",Rural Development,[],"['Renewable Tech', 'Data Analytics', 'Mobile Tech']",[],2,2,161,Average,21,43,1000000,73,Series A,4000000,Prototype,"['SOC 2', 'CMMI']",1,6,10,False,False,Medium,Local,Nashik,"['Delhi', 'Kerala', 'Tamil Nadu']",Pan India,11,Comprehensive,8x5,Complete,early_stage_excellent_prototype
7247bc35-2903-4a0f-9562-26548a05155d,More Inc,"Agriculture startup focusing on Drones, Satellite Imaging","An innovative startup leveraging Drones, Satellite Imaging to revolutionize agriculture operations.",Agriculture,['Smart City'],"['Drones', 'Satellite Imaging']",['Edge Computing'],2,1,37,Average,10,60,17800000,39,Seed,5000000,MVP,['ISO 27001'],3,11,1,True,True,High,Local,Mumbai,['Tamil Nadu'],Mumbai,8,Basic,24x7,Complete,excellent_tech_low_exp
64816f91-e544-4551-ba11-72f7e8407129,"Oak, Agate and Venkataraman",Cybersecurity startup focusing on Network Security,An innovative startup leveraging Network Security to revolutionize cybersecurity operations.,Cybersecurity,['Environment'],['Network Security'],['Satellite Imaging'],5,1,10,Specialized,20,90,2600000,32,Series B,5000000,MVP,['SOC 2'],4,2,2,True,True,Low,Regional,New Delhi,['West Bengal'],Kolkata,12,Basic,8x5,Incomplete,incomplete_eligibility
b5b9dec8-754c-4bf7-99c8-1368813164e8,"Chacko, Choudhary and Dhar",Infrastructure startup focusing on Predictive Maintenance,We provide end-to-end infrastructure services powered by Predictive Maintenance and a strong team of experts.,Infrastructure,[],['Predictive Maintenance'],[],6,6,4,Strong,11,33,25800000,17,Series B,4000000,MVP,['None'],4,8,14,True,True,Low,Regional,New Delhi,['Delhi'],Pan India,2,Advanced,8x5,Complete,multi_sector
715a8e54-cb5f-40a5-a8d4-ba6af60155bb,Swamy-Deo,"Smart City startup focusing on Data Analytics, Edge Computing, IoT","Swamy-Deo specializes in Data Analytics, Edge Computing, IoT combined with innovative software to solve smart city challenges.",Smart City,['Rural Development'],"['Data Analytics', 'Edge Computing', 'IoT']",['Renewable Tech'],12,10,197,Specialized,25,61,47900000,62,Seed,1000000,MVP,['None'],2,3,13,True,True,Medium,Regional,Ahmedabad,"['Karnataka', 'Gujarat', 'Delhi']",Pan India,4,Advanced,Community,Complete,established_weak_relevance
b43931f5-efa5-4801-98b5-7a9fc030747b,Iyer-Desai,"Cybersecurity startup focusing on Network Security, AI, Blockchain","Iyer-Desai specializes in Network Security, AI, Blockchain combined with innovative software to solve cybersecurity challenges.",Cybersecurity,['Tourism'],"['Network Security', 'AI', 'Blockchain']",['NLP'],15,13,38,Average,17,56,23800000,57,Bootstrapped,7000000,MVP,['None'],2,1,11,True,True,Medium,Regional,Nagpur,"['Maharashtra', 'Tamil Nadu', 'Telangana', 'West Bengal']",Kolkata,1,Advanced,8x5,Complete,established_weak_relevance
7e7a669d-c0c4-4dd0-9ac9-ff976a1f6043,Krishnan-Uppal,"FinTech startup focusing on Fraud Detection, AI","An innovative startup leveraging Fraud Detection, AI to revolutionize fintech operations.",FinTech,['Transportation'],"['Fraud Detection', 'AI']",['Route Optimization'],2,0,10,Strong,16,55,11100000,76,Series A,19000000,Growth,"['None', 'SOC 2']",2,1,3,False,False,Medium,National,Pune,['Telangana'],Bhopal,11,Comprehensive,24x7,Complete,multi_sector
77169a9e-57f2-4782-8627-433fd0a36e75,"Yogi, Karan and Kala",Environment startup focusing on Data Analytics,"We build Data Analytics systems for environment applications, delivering scalable solutions and intelligent integration.",Environment,[],['Data Analytics'],[],2,2,8,Strong,8,56,2200000,48,Series C,6000000,Growth,['CMMI'],4,18,8,True,True,Low,Local,Pune,"['West Bengal', 'Maharashtra', 'UP']",Pan India,11,Advanced,8x5,Complete,excellent_tech_excellent_exp
3efb510d-6da8-4223-b53d-4df753e1cfad,Krish-Atwal,"Agriculture startup focusing on Satellite Imaging, ML, IoT","An innovative startup leveraging Satellite Imaging, ML, IoT to revolutionize agriculture operations.",Agriculture,"['Rural Development', 'Waste Management']","['Satellite Imaging', 'ML', 'IoT']","['Computer Vision', 'Data Analytics']",9,2,10,Average,25,49,22200000,71,Series B,12000000,Prototype,"['None', 'ISO 27001']",1,17,7,True,True,Low,Local,Kochi,"['Maharashtra', 'Gujarat']",Indore,7,Comprehensive,24x7,Complete,excellent_tech_excellent_exp
e488d166-25b0-4e11-a5bb-ccc5c638d000,"Chatterjee, Mitra and Misra",Water Management startup focusing on Predictive Analytics,"We build Predictive Analytics systems for water management applications, delivering scalable solutions and intelligent integration.",Water Management,[],['Predictive Analytics'],[],14,14,30,Average,19,37,21200000,70,Series A,7000000,Growth,"['CMMI', 'None']",1,12,13,True,True,Low,Regional,Gurugram,"['Gujarat', 'Telangana']",Guwahati,10,Advanced,8x5,Complete,established_weak_relevance
00ef1193-c3d1-4e92-919f-57886c091bbe,"Bajwa, Chakraborty and Majumdar",Education startup focusing on NLP,"We build NLP systems for education applications, delivering scalable solutions and intelligent integration.",Education,[],['NLP'],[],3,3,9,Strong,12,83,24100000,32,Series A,11000000,Mature,['ISO 27001'],1,9,10,True,True,Low,National,Mumbai,['Karnataka'],Pan India,7,Advanced,8x5,Complete,excellent_tech_excellent_exp
007ace10-1ce1-4078-b60f-65d1015e69bb,Kaur Ltd,Environment startup focusing on IoT,"We build IoT systems for environment applications, delivering scalable solutions and intelligent integration.",Environment,"['Water Management', 'Logistics']",['IoT'],"['Route Optimization', 'Predictive Analytics']",8,4,42,Average,18,72,11400000,46,Seed,15000000,Growth,"['None', 'SOC 2']",5,12,13,True,True,Low,Regional,Surat,"['Delhi', 'UP', 'West Bengal']",Pan India,1,Basic,8x5,Incomplete,incomplete_eligibility
ea3a9782-7d0c-4143-bc32-99f7b89f9668,Sastry-Desai,Tourism startup focusing on VR/AR,We provide end-to-end tourism services powered by VR/AR and a strong team of experts.,Tourism,[],['VR/AR'],[],1,1,14,Average,4,89,36700000,71,Series C,18000000,Early Revenue,['CMMI'],5,1,11,True,False,Low,Regional,Mumbai,['Karnataka'],Chennai,3,Advanced,24x7,Complete,early_stage_excellent_prototype
a2b3b4c5-3ff8-4880-a7a2-934fcf9c482a,Modi and Sons,Public Safety startup focusing on Predictive Analytics,Modi and Sons specializes in Predictive Analytics combined with innovative software to solve public safety challenges.,Public Safety,"['Waste Management', 'Rural Development']",['Predictive Analytics'],"['Route Optimization', 'Data Analytics']",2,1,20,Strong,18,68,7500000,15,Series B,8000000,MVP,['CMMI'],0,0,11,False,False,Medium,Local,Hyderabad,"['UP', 'Delhi', 'Maharashtra', 'Kerala']",Jaipur,9,Advanced,Community,Complete,excellent_tech_low_exp
0066d23d-5a04-48ce-949c-5a07274c0ea8,Borde PLC,"Tourism startup focusing on VR/AR, NLP","Borde PLC specializes in VR/AR, NLP combined with innovative software to solve tourism challenges.",Tourism,"['Skill Development', 'Transportation']","['VR/AR', 'NLP']","['Predictive Maintenance', 'Machine Learning']",2,1,154,Average,20,44,47500000,69,Series B,8000000,Early Revenue,['SOC 2'],5,18,8,False,False,Low,National,Gurugram,['Delhi'],Pan India,7,Basic,24x7,Complete,excellent_tech_low_exp
cf6f9516-64cd-4c4d-bffd-11a7a158a82d,Behl-Kar,"Healthcare startup focusing on NLP, Wearables","An innovative startup leveraging NLP, Wearables to revolutionize healthcare operations.",Healthcare,[],"['NLP', 'Wearables']",[],1,1,2,Strong,8,89,33800000,80,Series B,17000000,Early Revenue,['SOC 2'],0,13,2,False,True,Medium,Local,Hyderabad,"['Tamil Nadu', 'Telangana']",Surat,11,Advanced,24x7,Complete,multi_sector
33b63ae5-177a-4864-bec4-b864481ab177,"Gara, Balan and Golla","Defence startup focusing on Drones, Cybersecurity, Computer Vision","We build Drones, Cybersecurity, Computer Vision systems for defence applications, delivering scalable solutions and intelligent integration.",Defence,['Transportation'],"['Drones', 'Cybersecurity', 'Computer Vision']",['Computer Vision'],9,9,10,Average,14,37,48800000,40,Series B,10000000,Prototype,"['ISO 27001', 'SOC 2']",5,19,8,True,True,Low,Regional,Mumbai,"['Telangana', 'Kerala', 'West Bengal']",Noida,12,Basic,Community,Complete,high_exp_weak_tech
ca374de5-efa4-4280-b34f-be4e9a67b53c,Ganesan Group,Agriculture startup focusing on IoT,We provide end-to-end agriculture services powered by IoT and a strong team of experts.,Agriculture,[],['IoT'],[],1,1,44,Strong,17,79,17400000,59,Series B,6000000,MVP,['CMMI'],4,2,7,False,False,Medium,Regional,Nagpur,"['Delhi', 'Karnataka', 'West Bengal']",Pan India,1,Comprehensive,24x7,Complete,early_stage_excellent_prototype
250bb9e1-312b-4de8-b962-708c4f98ecf2,"Ganesan, Gulati and Divan","Smart City startup focusing on Computer Vision, IoT","An innovative startup leveraging Computer Vision, IoT to revolutionize smart city operations.",Smart City,"['FinTech', 'Waste Management']","['Computer Vision', 'IoT']","['NLP', 'IoT']",15,14,79,Strong,24,81,28300000,80,Bootstrapped,20000000,Early Revenue,['None'],4,13,9,True,True,Low,Local,Pune,"['Telangana', 'Tamil Nadu', 'Kerala']",Pan India,5,Advanced,24x7,Complete,high_exp_weak_tech
56ce0abf-c8e0-416b-a744-b9abf863d757,"Sachar, Hayre and Roy","Agriculture startup focusing on Satellite Imaging, Drones","We build Satellite Imaging, Drones systems for agriculture applications, delivering scalable solutions and intelligent integration.",Agriculture,['FinTech'],"['Satellite Imaging', 'Drones']",['NLP'],1,0,97,Average,25,51,18500000,24,Series A,3000000,MVP,['ISO 27001'],1,1,8,False,True,High,National,Patna,"['UP', 'Tamil Nadu', 'Karnataka']",Pan India,5,Advanced,8x5,Complete,excellent_tech_low_exp
0a483038-70f4-45a9-87bc-1646b2378058,"Wagle, Choudhry and Dash",Waste Management startup focusing on IoT,An innovative startup leveraging IoT to revolutionize waste management operations.,Waste Management,['Healthcare'],['IoT'],['Medical AI'],2,2,40,Strong,20,90,27700000,23,Series C,7000000,Prototype,"['SOC 2', 'ISO 27001']",5,18,3,True,False,Low,National,Nashik,"['Telangana', 'Delhi']",Pan India,11,Comprehensive,24x7,Complete,early_stage_excellent_prototype
2cc8aba7-9629-479d-bc80-e4437e4e5206,Sekhon-Lad,"Tourism startup focusing on NLP, VR/AR, Recommendation Systems","An innovative startup leveraging NLP, VR/AR, Recommendation Systems to revolutionize tourism operations.",Tourism,"['Transportation', 'Disaster Management']","['NLP', 'VR/AR', 'Recommendation Systems']",['IoT'],4,4,32,Strong,23,84,21000000,46,Bootstrapped,13000000,Early Revenue,"['ISO 27001', 'CMMI']",3,18,6,True,False,High,Local,Patna,"['Maharashtra', 'Delhi']",Pan India,4,Basic,Community,Incomplete,incomplete_eligibility
a91c6495-eaaa-4603-804a-83d0885784f3,"Prabhakar, Lal and Parmer",Healthcare startup focusing on Computer Vision,"Prabhakar, Lal and Parmer specializes in Computer Vision combined with innovative software to solve healthcare challenges.",Healthcare,"['Agriculture', 'Public Safety']",['Computer Vision'],"['Computer Vision', 'Satellite Imaging']",2,0,17,Specialized,22,80,22800000,28,Bootstrapped,11000000,Early Revenue,"['CMMI', 'None']",4,8,14,True,True,Low,Regional,Lucknow,"['Delhi', 'West Bengal']",Bhubaneswar,7,Basic,24x7,Complete,excellent_tech_low_exp
56678c56-e08f-4fc9-9e65-a1e842c63e36,Kohli-Karnik,Smart City startup focusing on Computer Vision,Kohli-Karnik specializes in Computer Vision combined with innovative software to solve smart city challenges.,Smart City,['Rural Development'],['Computer Vision'],['IoT'],2,0,28,Average,2,60,14500000,45,Series C,2000000,Mature,"['None', 'SOC 2']",5,7,14,True,False,Medium,Regional,Chennai,"['West Bengal', 'Delhi']",Pan India,1,Basic,Community,Complete,excellent_tech_low_exp
ce43b7aa-6d83-464d-98ff-089f05926d30,Prasad Inc,"Disaster Management startup focusing on Predictive Analytics, Satellite Imaging, IoT","Prasad Inc specializes in Predictive Analytics, Satellite Imaging, IoT combined with innovative software to solve disaster management challenges.",Disaster Management,['Renewable Energy'],"['Predictive Analytics', 'Satellite Imaging', 'IoT']",['Smart Grids'],8,8,27,Average,16,81,29000000,23,Seed,17000000,Mature,['CMMI'],4,0,4,True,True,Low,Regional,Visakhapatnam,"['Gujarat', 'Karnataka', 'Delhi', 'Maharashtra']",Pan India,12,Advanced,Community,Complete,established_weak_relevance
129d1fab-b849-41f3-a56c-641de6d05083,Boase-Chaudhary,"Governance startup focusing on OCR, Blockchain, Machine Learning","An innovative startup leveraging OCR, Blockchain, Machine Learning to revolutionize governance operations.",Governance,['Environment'],"['OCR', 'Blockchain', 'Machine Learning']",['IoT'],1,1,9,Average,25,45,43900000,53,Series C,10000000,Growth,['CMMI'],4,0,2,True,True,Low,Regional,Pune,"['West Bengal', 'Kerala']",Pan India,2,Comprehensive,Community,Complete,early_stage_excellent_prototype
0642c23f-c71d-4e86-9368-86177acc6f5a,"Jha, Thaker and Biswas","Rural Development startup focusing on Mobile Tech, IoT, Renewable Tech","Jha, Thaker and Biswas specializes in Mobile Tech, IoT, Renewable Tech combined with innovative software to solve rural development challenges.",Rural Development,"['Cybersecurity', 'Renewable Energy']","['Mobile Tech', 'IoT', 'Renewable Tech']","['Predictive Analytics', 'Threat Detection']",5,0,121,Strong,15,89,45500000,67,Seed,19000000,Prototype,['None'],4,17,7,True,True,Low,Regional,Nashik,"['UP', 'Telangana', 'Gujarat']",Pan India,8,Basic,24x7,Incomplete,incomplete_eligibility
fef68efd-78fc-4b7b-9c1b-9c248043c14f,"Oommen, Tara and Puri",Waste Management startup focusing on Sensors,"We build Sensors systems for waste management applications, delivering scalable solutions and intelligent integration.",Waste Management,[],['Sensors'],[],15,8,37,Specialized,16,70,28400000,31,Series C,0,Early Revenue,['SOC 2'],1,7,1,True,True,High,Local,Noida,"['Delhi', 'Telangana']",Ahmedabad,1,Comprehensive,24x7,Complete,highly_specialized
8f6d860b-95f0-4dc6-87ac-125d515e053f,"Deshmukh, Dasgupta and Sachdeva",Renewable Energy startup focusing on IoT,"Deshmukh, Dasgupta and Sachdeva specializes in IoT combined with innovative software to solve renewable energy challenges.",Renewable Energy,"['Cybersecurity', 'Healthcare']",['IoT'],"['AI', 'Data Analytics']",14,10,8,Average,14,64,19300000,10,Seed,13000000,Prototype,['SOC 2'],1,2,4,True,True,Medium,Local,Indore,"['Telangana', 'Tamil Nadu']",Nashik,8,Basic,Community,Complete,highly_specialized
418260b7-c9c1-46b3-8f1e-08b854b92819,Parekh-Chadha,"Infrastructure startup focusing on Sensors, Predictive Maintenance","We provide end-to-end infrastructure services powered by Sensors, Predictive Maintenance and a strong team of experts.",Infrastructure,"['Tourism', 'Transportation']","['Sensors', 'Predictive Maintenance']","['Computer Vision', 'Recommendation Systems']",6,2,11,Strong,24,37,19200000,78,Seed,1000000,MVP,['CMMI'],3,20,4,True,True,Low,National,New Delhi,"['Telangana', 'Delhi']",Pan India,4,Comprehensive,Community,Complete,strong_tech_geo_mismatch
733c96ef-e35c-479a-beab-7eeabfc30b04,Gaba-Dixit,"Agriculture startup focusing on Computer Vision, Satellite Imaging, IoT","We build Computer Vision, Satellite Imaging, IoT systems for agriculture applications, delivering scalable solutions and intelligent integration.",Agriculture,['Logistics'],"['Computer Vision', 'Satellite Imaging', 'IoT']",['Blockchain'],9,2,12,Specialized,13,69,7100000,38,Series B,2000000,Growth,['None'],3,5,8,True,True,Medium,Local,Pune,['Karnataka'],Pan India,12,Basic,8x5,Complete,strong_sector_weak_scale
17079fe9-8209-4ef0-bb58-b51985ebe151,"Kade, Karpe and Dar","Waste Management startup focusing on IoT, Route Optimization, Computer Vision","An innovative startup leveraging IoT, Route Optimization, Computer Vision to revolutionize waste management operations.",Waste Management,[],"['IoT', 'Route Optimization', 'Computer Vision']",[],8,1,9,Average,20,73,1300000,29,Bootstrapped,16000000,Early Revenue,"['None', 'ISO 27001']",0,17,4,True,True,High,National,Patna,"['Tamil Nadu', 'West Bengal', 'UP', 'Karnataka']",Pan India,5,Comprehensive,Community,Incomplete,incomplete_eligibility
450ecd0f-b264-40cd-8878-4f092cd4c6ce,Shankar PLC,"Healthcare startup focusing on Medical AI, Wearables","An innovative startup leveraging Medical AI, Wearables to revolutionize healthcare operations.",Healthcare,['Public Safety'],"['Medical AI', 'Wearables']",['Biometrics'],13,11,2,Specialized,21,47,17400000,21,Series C,4000000,Growth,"['ISO 27001', 'CMMI']",3,4,8,True,True,High,Local,Jaipur,"['Karnataka', 'Gujarat', 'Telangana']",New Delhi,12,Basic,Community,Complete,established_weak_relevance
32036245-2640-4311-a87a-cad75ea538e5,Kumer PLC,"Healthcare startup focusing on Computer Vision, NLP","Kumer PLC specializes in Computer Vision, NLP combined with innovative software to solve healthcare challenges.",Healthcare,['Disaster Management'],"['Computer Vision', 'NLP']",['IoT'],10,9,10,Strong,12,33,39800000,77,Series A,1000000,Prototype,"['None', 'CMMI']",0,17,0,True,True,Medium,National,Coimbatore,"['Telangana', 'West Bengal', 'Delhi']",Pan India,7,Comprehensive,8x5,Incomplete,incomplete_eligibility
5ac9ffaa-1ba5-44f8-b272-9c91bc6389d7,"Borde, Seth and Rajagopal","Logistics startup focusing on IoT, Route Optimization","Borde, Seth and Rajagopal specializes in IoT, Route Optimization combined with innovative software to solve logistics challenges.",Logistics,"['Agriculture', 'Public Safety']","['IoT', 'Route Optimization']","['Computer Vision', 'IoT']",12,6,183,Strong,15,86,20800000,48,Series B,4000000,Early Revenue,"['SOC 2', 'ISO 27001']",2,8,2,True,True,Medium,Local,Bhopal,"['Kerala', 'Telangana', 'West Bengal']",Visakhapatnam,5,Basic,8x5,Complete,strong_tech_geo_mismatch
60cb187d-032a-4b8d-97fa-2a8947191b09,Munshi Inc,"Public Safety startup focusing on Predictive Analytics, IoT, Computer Vision","An innovative startup leveraging Predictive Analytics, IoT, Computer Vision to revolutionize public safety operations.",Public Safety,[],"['Predictive Analytics', 'IoT', 'Computer Vision']",[],5,1,15,Specialized,23,82,21000000,45,Series C,16000000,Prototype,['ISO 27001'],2,7,5,True,True,Medium,Regional,Coimbatore,"['West Bengal', 'Karnataka']",Surat,1,Advanced,Community,Complete,strong_tech_geo_mismatch
30112291-9d18-4ae3-8821-00f000bf07eb,Vaidya-Upadhyay,Healthcare startup focusing on Computer Vision,We provide end-to-end healthcare services powered by Computer Vision and a strong team of experts.,Healthcare,['Renewable Energy'],['Computer Vision'],['IoT'],13,13,22,Specialized,16,81,16100000,25,Seed,3000000,Prototype,['CMMI'],4,14,3,True,True,High,Local,Guwahati,"['Delhi', 'Maharashtra']",Pan India,8,Basic,8x5,Incomplete,incomplete_eligibility
a1546a27-5f54-466e-bf0e-a84df06e4a49,Chandra Group,Public Safety startup focusing on Biometrics,"We build Biometrics systems for public safety applications, delivering scalable solutions and intelligent integration.",Public Safety,"['Waste Management', 'Renewable Energy']",['Biometrics'],"['IoT', 'Predictive Analytics']",2,1,41,Strong,7,43,39800000,80,Bootstrapped,0,Mature,['None'],3,3,4,True,True,High,Regional,Jaipur,"['West Bengal', 'Tamil Nadu', 'Gujarat', 'Telangana']",Pan India,12,Advanced,8x5,Complete,excellent_tech_low_exp
596e3a8e-0fed-4fed-8564-8f953f2823a1,Morar-Palla,"Skill Development startup focusing on Machine Learning, VR/AR","An innovative startup leveraging Machine Learning, VR/AR to revolutionize skill development operations.",Skill Development,"['Transportation', 'Public Safety']","['Machine Learning', 'VR/AR']","['Route Optimization', 'Computer Vision']",5,4,184,Strong,12,55,14600000,23,Series C,15000000,Early Revenue,['SOC 2'],3,6,5,True,True,High,Local,Noida,"['Maharashtra', 'Delhi']",Kochi,6,Advanced,24x7,Incomplete,incomplete_eligibility
c1c6aefa-fc7c-4951-897c-e748db1654eb,"Dewan, Shroff and Lad","Agriculture startup focusing on Computer Vision, Satellite Imaging","We provide end-to-end agriculture services powered by Computer Vision, Satellite Imaging and a strong team of experts.",Agriculture,[],"['Computer Vision', 'Satellite Imaging']",[],3,3,33,Average,4,63,25200000,60,Bootstrapped,3000000,MVP,"['ISO 27001', 'CMMI']",1,1,6,True,False,Medium,Regional,Guwahati,['Karnataka'],Pan India,11,Advanced,8x5,Complete,strong_sector_weak_scale
3bf27ae3-08d1-4a64-b12d-da3e902c9ed4,Memon-Choudhury,Waste Management startup focusing on Sensors,We provide end-to-end waste management services powered by Sensors and a strong team of experts.,Waste Management,"['Transportation', 'Education']",['Sensors'],"['Computer Vision', 'Machine Learning']",9,8,8,Specialized,13,69,32000000,72,Seed,16000000,Early Revenue,"['ISO 27001', 'CMMI']",1,9,0,True,True,High,Regional,Visakhapatnam,"['Gujarat', 'Tamil Nadu']",Gurugram,11,Comprehensive,Community,Complete,established_weak_relevance
423c5368-9907-45ba-8381-7050730e4269,Kumar LLC,"Logistics startup focusing on Route Optimization, Predictive Analytics","We build Route Optimization, Predictive Analytics systems for logistics applications, delivering scalable solutions and intelligent integration.",Logistics,[],"['Route Optimization', 'Predictive Analytics']",[],2,2,76,Specialized,13,66,35300000,12,Series C,2000000,Early Revenue,"['SOC 2', 'ISO 27001']",5,14,8,True,False,High,National,Patna,"['Kerala', 'Tamil Nadu', 'UP', 'West Bengal']",Nagpur,2,Comprehensive,24x7,Complete,early_stage_excellent_prototype
5bf323e2-6ee6-48ae-b954-8b7acae382a9,Viswanathan Inc,"Cybersecurity startup focusing on Blockchain, Network Security","Viswanathan Inc specializes in Blockchain, Network Security combined with innovative software to solve cybersecurity challenges.",Cybersecurity,"['FinTech', 'Tourism']","['Blockchain', 'Network Security']","['AI', 'Mobile Tech']",10,1,11,Strong,13,41,31600000,34,Seed,9000000,MVP,"['CMMI', 'None']",4,1,13,True,True,High,National,Bengaluru,"['Telangana', 'Kerala', 'Gujarat', 'Karnataka']",Kochi,1,Comprehensive,24x7,Incomplete,incomplete_eligibility
74b85d89-3c21-4571-9054-2d3c8f3f54e2,"Rattan, Mitter and Barad","Defence startup focusing on Drones, Robotics, AI","Rattan, Mitter and Barad specializes in Drones, Robotics, AI combined with innovative software to solve defence challenges.",Defence,"['Transportation', 'Water Management']","['Drones', 'Robotics', 'AI']","['Computer Vision', 'Predictive Analytics']",2,2,10,Specialized,20,69,45400000,25,Series B,10000000,Prototype,['CMMI'],4,11,4,False,False,Low,National,Bhopal,"['Gujarat', 'Kerala', 'UP', 'Karnataka']",Pan India,9,Advanced,24x7,Complete,early_stage_excellent_prototype
2f6b8eaa-b691-4d41-ad14-756531ecfbee,Pillai-Rama,"Education startup focusing on Machine Learning, Recommendation Systems, VR/AR","An innovative startup leveraging Machine Learning, Recommendation Systems, VR/AR to revolutionize education operations.",Education,"['Cybersecurity', 'Transportation']","['Machine Learning', 'Recommendation Systems', 'VR/AR']","['Computer Vision', 'Threat Detection']",14,3,6,Specialized,14,84,30000000,49,Bootstrapped,5000000,Growth,['ISO 27001'],0,16,13,True,True,High,Regional,Bhopal,['Karnataka'],Hyderabad,9,Basic,8x5,Complete,strong_sector_weak_scale
c535c08d-0f5c-43b3-9a7a-24f592d708eb,Dani-Bhatt,Agriculture startup focusing on Computer Vision,"We build Computer Vision systems for agriculture applications, delivering scalable solutions and intelligent integration.",Agriculture,"['Transportation', 'Waste Management']",['Computer Vision'],['Route Optimization'],9,0,125,Average,22,79,3700000,51,Seed,20000000,Mature,['CMMI'],5,13,4,True,True,Low,National,Lucknow,"['Tamil Nadu', 'UP']",Bengaluru,8,Advanced,Community,Incomplete,incomplete_eligibility
56ac2702-571f-4ba1-95c5-add76f7390f4,Pandya-Luthra,Water Management startup focusing on Machine Learning,We provide end-to-end water management services powered by Machine Learning and a strong team of experts.,Water Management,['Defence'],['Machine Learning'],['Drones'],12,6,18,Specialized,22,82,28400000,21,Series B,12000000,Prototype,['ISO 27001'],2,0,12,True,True,High,National,Kolkata,"['Maharashtra', 'Delhi', 'UP']",Noida,4,Basic,8x5,Complete,excellent_tech_excellent_exp
216e9a86-6151-42ab-a199-6b79ee5f61e7,Mane-Kapadia,Waste Management startup focusing on Computer Vision,"We build Computer Vision systems for waste management applications, delivering scalable solutions and intelligent integration.",Waste Management,['Defence'],['Computer Vision'],['AI'],2,1,10,Strong,21,40,43400000,31,Bootstrapped,12000000,Prototype,['CMMI'],1,16,10,True,False,Medium,National,Patna,"['Kerala', 'Maharashtra', 'West Bengal']",Noida,2,Comprehensive,Community,Complete,strong_sector_weak_scale
833eb1a5-4478-4bf6-a46c-1e9b01f531ae,Bhatnagar-Chokshi,"Water Management startup focusing on IoT, Sensors, Machine Learning","Bhatnagar-Chokshi specializes in IoT, Sensors, Machine Learning combined with innovative software to solve water management challenges.",Water Management,['Environment'],"['IoT', 'Sensors', 'Machine Learning']",['IoT'],2,1,8,Average,8,73,14500000,16,Series A,3000000,Growth,"['ISO 27001', 'CMMI']",3,15,5,True,True,Low,Local,Nagpur,['West Bengal'],Pan India,2,Comprehensive,8x5,Complete,excellent_tech_low_exp
ca70d80c-c087-42d7-9e6a-cce0bcb51e17,Sodhi-Dey,"Environment startup focusing on IoT, Satellite Imaging, Data Analytics","An innovative startup leveraging IoT, Satellite Imaging, Data Analytics to revolutionize environment operations.",Environment,"['Governance', 'Defence']","['IoT', 'Satellite Imaging', 'Data Analytics']","['AI', 'Data Analytics']",4,3,5,Average,4,51,9000000,79,Seed,18000000,Growth,['CMMI'],5,18,13,True,False,High,Local,Kochi,"['Karnataka', 'Kerala', 'West Bengal', 'Delhi']",Gurugram,9,Basic,8x5,Complete,multi_sector
8a8d320a-3aec-411e-9984-7461e560ef9d,Sur-Sood,"FinTech startup focusing on Fraud Detection, AI","We build Fraud Detection, AI systems for fintech applications, delivering scalable solutions and intelligent integration.",FinTech,[],"['Fraud Detection', 'AI']",[],2,2,107,Average,23,85,34500000,30,Series A,0,Early Revenue,"['ISO 27001', 'None']",2,12,4,True,True,Low,National,Delhi,"['Kerala', 'West Bengal', 'UP']",Pan India,9,Comprehensive,Community,Complete,early_stage_excellent_prototype
df573d6e-930a-4728-979e-e11e9bf05d38,Kota-Aggarwal,"Environment startup focusing on IoT, Satellite Imaging","We provide end-to-end environment services powered by IoT, Satellite Imaging and a strong team of experts.",Environment,[],"['IoT', 'Satellite Imaging']",[],14,0,18,Specialized,23,75,48700000,39,Series A,16000000,Early Revenue,['None'],4,10,2,True,True,High,Local,Ahmedabad,"['West Bengal', 'UP', 'Kerala']",Pan India,12,Comprehensive,24x7,Complete,excellent_tech_excellent_exp
e90fb131-e712-4635-9c18-419d98a04e67,Din LLC,Agriculture startup focusing on Drones,We provide end-to-end agriculture services powered by Drones and a strong team of experts.,Agriculture,['Defence'],['Drones'],['AI'],8,6,188,Strong,10,76,23100000,45,Series B,15000000,Mature,"['CMMI', 'None']",1,19,13,True,True,High,Regional,Nashik,"['Telangana', 'Gujarat']",Pan India,8,Comprehensive,8x5,Complete,high_exp_weak_tech
32f7b98e-27bb-4847-a0e6-6fab6c128f65,Setty Group,Infrastructure startup focusing on Sensors,An innovative startup leveraging Sensors to revolutionize infrastructure operations.,Infrastructure,['Logistics'],['Sensors'],['IoT'],11,10,63,Average,17,76,45200000,13,Series C,10000000,Growth,['ISO 27001'],5,3,5,True,True,Medium,National,New Delhi,"['Gujarat', 'Tamil Nadu', 'Telangana']",New Delhi,8,Comprehensive,24x7,Complete,strong_tech_geo_mismatch
782512c8-5e2a-4d38-94e0-fb241593a3f3,Sengupta-Chand,"Transportation startup focusing on Computer Vision, Route Optimization","An innovative startup leveraging Computer Vision, Route Optimization to revolutionize transportation operations.",Transportation,[],"['Computer Vision', 'Route Optimization']",[],11,11,44,Average,13,46,27900000,23,Bootstrapped,10000000,MVP,"['CMMI', 'ISO 27001']",2,12,5,True,True,High,Local,Bhopal,"['Delhi', 'Gujarat']",Chandigarh,2,Basic,Community,Complete,established_weak_relevance
23ac318d-1ba5-48de-90f3-ee5bfc428806,Cheema Inc,"Education startup focusing on NLP, Machine Learning","An innovative startup leveraging NLP, Machine Learning to revolutionize education operations.",Education,"['Public Safety', 'FinTech']","['NLP', 'Machine Learning']","['Biometrics', 'Fraud Detection']",2,2,54,Strong,2,42,39500000,46,Series A,20000000,Mature,['ISO 27001'],0,15,15,True,True,Low,National,Nashik,"['Delhi', 'Tamil Nadu', 'Kerala']",Pan India,6,Basic,24x7,Complete,early_stage_excellent_prototype
089b0127-9fb0-45af-83e4-a95a4d48d817,"Apte, Varughese and Konda","Water Management startup focusing on Sensors, Predictive Analytics","We provide end-to-end water management services powered by Sensors, Predictive Analytics and a strong team of experts.",Water Management,[],"['Sensors', 'Predictive Analytics']",[],13,11,7,Average,24,84,45300000,37,Series C,3000000,MVP,"['CMMI', 'SOC 2']",0,0,8,True,True,Low,National,Nagpur,['Tamil Nadu'],Pan India,1,Advanced,8x5,Complete,high_exp_weak_tech
54963668-43a2-4792-93a2-8e82520e1b76,Balan PLC,"Rural Development startup focusing on IoT, Data Analytics, Mobile Tech","We provide end-to-end rural development services powered by IoT, Data Analytics, Mobile Tech and a strong team of experts.",Rural Development,['Skill Development'],"['IoT', 'Data Analytics', 'Mobile Tech']",['VR/AR'],11,9,10,Strong,25,38,26900000,54,Series A,17000000,Growth,"['ISO 27001', 'SOC 2']",4,16,13,True,True,Medium,National,Kochi,"['Tamil Nadu', 'Telangana', 'Maharashtra']",Bhubaneswar,9,Advanced,Community,Complete,high_exp_weak_tech
9acffb6c-e827-41f1-a107-8d288496c895,Sem-Krishnan,"Environment startup focusing on IoT, Data Analytics","We build IoT, Data Analytics systems for environment applications, delivering scalable solutions and intelligent integration.",Environment,"['Waste Management', 'Tourism']","['IoT', 'Data Analytics']","['NLP', 'Computer Vision']",13,13,6,Strong,15,81,6900000,10,Series A,11000000,MVP,['ISO 27001'],1,4,3,True,True,Medium,Regional,Mumbai,"['Karnataka', 'Gujarat']",Jaipur,1,Comprehensive,8x5,Complete,established_weak_relevance
6cfb0efc-7d1a-4efa-81ea-291c5d2d14fc,"Parsa, De and Mandal","Governance startup focusing on Machine Learning, Data Analytics","An innovative startup leveraging Machine Learning, Data Analytics to revolutionize governance operations.",Governance,"['Defence', 'Education']","['Machine Learning', 'Data Analytics']","['Robotics', 'Recommendation Systems']",7,7,41,Specialized,20,39,46000000,66,Bootstrapped,4000000,Early Revenue,['None'],2,6,2,True,True,High,Local,New Delhi,['Telangana'],Pan India,3,Basic,Community,Complete,highly_specialized
bf1ec87c-9dc1-4dac-b71c-7497a204f08a,"Bhandari, Pandya and Kulkarni","Cybersecurity startup focusing on Threat Detection, Blockchain, Network Security","We provide end-to-end cybersecurity services powered by Threat Detection, Blockchain, Network Security and a strong team of experts.",Cybersecurity,"['Smart City', 'Water Management']","['Threat Detection', 'Blockchain', 'Network Security']","['Computer Vision', 'IoT']",9,3,8,Average,9,64,36700000,80,Seed,15000000,Growth,['CMMI'],1,5,11,True,True,Medium,Regional,Jaipur,"['Gujarat', 'Tamil Nadu', 'Delhi']",Delhi,3,Comprehensive,8x5,Complete,strong_sector_weak_scale
2608d865-08ba-41c4-88bc-443d408f8539,Kashyap Inc,"Waste Management startup focusing on IoT, Computer Vision, Sensors","Kashyap Inc specializes in IoT, Computer Vision, Sensors combined with innovative software to solve waste management challenges.",Waste Management,[],"['IoT', 'Computer Vision', 'Sensors']",[],15,15,63,Strong,22,73,33000000,70,Seed,6000000,Growth,['SOC 2'],0,10,5,True,True,Low,Local,Patna,"['Kerala', 'Telangana']",Hyderabad,6,Comprehensive,Community,Complete,high_exp_weak_tech
eedf5a27-29e3-437b-bb18-b7a8c1862bb5,Sagar-Lata,"Agriculture startup focusing on Drones, IoT, Computer Vision","We build Drones, IoT, Computer Vision systems for agriculture applications, delivering scalable solutions and intelligent integration.",Agriculture,"['Water Management', 'Renewable Energy']","['Drones', 'IoT', 'Computer Vision']","['Predictive Analytics', 'Smart Grids']",2,2,5,Average,25,71,13600000,63,Series B,15000000,MVP,['CMMI'],2,7,0,False,False,Medium,National,Visakhapatnam,"['Maharashtra', 'Telangana', 'Delhi', 'Tamil Nadu']",Patna,1,Basic,Community,Complete,early_stage_excellent_prototype
11cfc8f9-eebe-43c3-9824-c097ce4480b3,Dua-Raj,Defence startup focusing on Computer Vision,Dua-Raj specializes in Computer Vision combined with innovative software to solve defence challenges.,Defence,['Agriculture'],['Computer Vision'],['Satellite Imaging'],1,1,177,Specialized,18,90,36200000,51,Series C,7000000,MVP,['ISO 27001'],5,3,4,False,False,High,National,Pune,"['Telangana', 'Karnataka']",Pune,9,Advanced,Community,Complete,excellent_tech_low_exp
5476c7f4-1887-4891-a154-da73625d95ea,Brar-Virk,"Rural Development startup focusing on Renewable Tech, Mobile Tech, IoT","An innovative startup leveraging Renewable Tech, Mobile Tech, IoT to revolutionize rural development operations.",Rural Development,"['Logistics', 'Skill Development']","['Renewable Tech', 'Mobile Tech', 'IoT']","['Machine Learning', 'Blockchain']",3,1,10,Strong,15,71,800000,45,Bootstrapped,18000000,Mature,"['ISO 27001', 'SOC 2']",0,11,5,True,True,High,National,Mumbai,['Telangana'],Pan India,12,Comprehensive,Community,Complete,strong_sector_weak_scale
0f10fb2d-6363-4874-aaa8-51c745803314,Bajaj PLC,"FinTech startup focusing on AI, NLP","We provide end-to-end fintech services powered by AI, NLP and a strong team of experts.",FinTech,"['Smart City', 'Agriculture']","['AI', 'NLP']","['Drones', 'Edge Computing']",4,0,10,Strong,23,37,4200000,36,Seed,12000000,Prototype,['SOC 2'],0,6,5,True,True,High,National,Kochi,"['West Bengal', 'Telangana', 'Karnataka', 'Kerala']",Pan India,2,Basic,24x7,Complete,highly_specialized
01ef38c1-92ac-4228-aec8-cd80b301d548,Ghose-Sundaram,Public Safety startup focusing on IoT,Ghose-Sundaram specializes in IoT combined with innovative software to solve public safety challenges.,Public Safety,[],['IoT'],[],2,2,84,Specialized,25,76,47700000,41,Seed,1000000,Early Revenue,['CMMI'],3,10,6,True,True,Medium,National,Surat,"['UP', 'Maharashtra', 'West Bengal']",Visakhapatnam,3,Basic,8x5,Complete,early_stage_excellent_prototype
7c8bad68-5b41-45c5-b2a4-664d5372bef7,Chaudhry-Sagar,"Water Management startup focusing on Machine Learning, Sensors, IoT","Chaudhry-Sagar specializes in Machine Learning, Sensors, IoT combined with innovative software to solve water management challenges.",Water Management,[],"['Machine Learning', 'Sensors', 'IoT']",[],12,11,2,Specialized,25,53,6500000,12,Series A,12000000,Prototype,['SOC 2'],5,18,11,True,True,Low,National,Patna,"['Karnataka', 'Maharashtra', 'West Bengal', 'Delhi']",Pan India,5,Basic,24x7,Complete,high_exp_weak_tech
09f1a286-ee8c-4ebe-a2e0-b06463464ca7,"Bakshi, Vasa and Sekhon","FinTech startup focusing on NLP, Data Analytics","An innovative startup leveraging NLP, Data Analytics to revolutionize fintech operations.",FinTech,"['Waste Management', 'Infrastructure']","['NLP', 'Data Analytics']","['IoT', 'Sensors']",15,15,6,Specialized,17,60,21600000,25,Seed,17000000,Growth,"['ISO 27001', 'CMMI']",4,19,1,True,True,Medium,National,Coimbatore,['Kerala'],Pan India,7,Basic,8x5,Complete,high_exp_weak_tech
3b4cd7e6-9864-4784-accd-37df92bcbd6f,Grewal-Nadkarni,"Cybersecurity startup focusing on Threat Detection, AI, Network Security","We build Threat Detection, AI, Network Security systems for cybersecurity applications, delivering scalable solutions and intelligent integration.",Cybersecurity,['Logistics'],"['Threat Detection', 'AI', 'Network Security']",['Blockchain'],14,2,2,Specialized,19,88,3000000,25,Series B,15000000,Mature,"['None', 'SOC 2']",2,19,2,True,True,Medium,Regional,Patna,"['Gujarat', 'Tamil Nadu', 'Delhi']",Pan India,5,Advanced,8x5,Complete,strong_sector_weak_scale
08371671-4a60-4f6d-980b-8d8e1cac4aa4,"Tara, Borde and Ray","Cybersecurity startup focusing on Threat Detection, Blockchain","Tara, Borde and Ray specializes in Threat Detection, Blockchain combined with innovative software to solve cybersecurity challenges.",Cybersecurity,['Rural Development'],"['Threat Detection', 'Blockchain']",['IoT'],9,0,3,Strong,23,55,1300000,62,Series A,2000000,Growth,['CMMI'],4,1,0,True,True,High,Local,Coimbatore,"['West Bengal', 'Maharashtra', 'UP']",Pan India,12,Basic,24x7,Complete,strong_sector_weak_scale
5b814bd9-206d-436f-a9f3-6639f7e327f0,Toor PLC,Healthcare startup focusing on NLP,"We build NLP systems for healthcare applications, delivering scalable solutions and intelligent integration.",Healthcare,['Agriculture'],['NLP'],['Computer Vision'],7,7,25,Average,18,63,17000000,20,Series A,15000000,Early Revenue,['CMMI'],1,3,6,True,True,Low,Local,Patna,"['Telangana', 'Gujarat', 'Tamil Nadu', 'Kerala']",Surat,8,Advanced,Community,Complete,strong_sector_weak_scale
419922db-1df5-44a2-8763-3356abc20f98,"Pandya, Kumer and Gopal",Governance startup focusing on OCR,We provide end-to-end governance services powered by OCR and a strong team of experts.,Governance,"['Environment', 'Disaster Management']",['OCR'],"['Satellite Imaging', 'Sensors']",6,1,5,Average,19,82,47200000,42,Seed,2000000,Early Revenue,['SOC 2'],1,15,0,True,True,Low,Local,Chennai,"['Kerala', 'UP', 'Karnataka', 'Telangana']",Pan India,2,Basic,8x5,Complete,highly_specialized
15960698-0589-45d0-a69b-7127b6cc9988,Brar and Sons,Rural Development startup focusing on Data Analytics,"We build Data Analytics systems for rural development applications, delivering scalable solutions and intelligent integration.",Rural Development,['Disaster Management'],['Data Analytics'],['Satellite Imaging'],1,1,5,Average,8,72,38700000,44,Bootstrapped,10000000,MVP,['None'],4,19,1,False,False,Medium,National,Chandigarh,"['Delhi', 'Maharashtra', 'West Bengal', 'UP']",Patna,11,Basic,24x7,Incomplete,incomplete_eligibility
ebbae0ef-ea40-4269-b6c2-4a84d6bc2cf7,Kanda Inc,Public Safety startup focusing on Biometrics,Kanda Inc specializes in Biometrics combined with innovative software to solve public safety challenges.,Public Safety,"['Infrastructure', 'Water Management']",['Biometrics'],"['IoT', 'Sensors']",3,1,28,Strong,8,78,29200000,44,Series A,13000000,MVP,['None'],4,18,3,True,False,Low,Local,Nashik,"['Telangana', 'Kerala', 'West Bengal']",Pan India,1,Basic,24x7,Complete,highly_specialized
6246a156-b4ab-45f0-9dc6-553146934ca6,"Mall, Lall and Madan",Healthcare startup focusing on Medical AI,"Mall, Lall and Madan specializes in Medical AI combined with innovative software to solve healthcare challenges.",Healthcare,"['Rural Development', 'Infrastructure']",['Medical AI'],"['IoT', 'Sensors']",1,0,2,Average,22,74,48300000,20,Series C,18000000,Mature,"['SOC 2', 'ISO 27001']",0,14,0,False,True,Low,National,Bhopal,"['Tamil Nadu', 'Telangana', 'Maharashtra']",Pan India,8,Advanced,Community,Complete,multi_sector
558f4fe0-60f0-4539-baa4-ae7a4ccc2eaf,Lal-Bansal,"Logistics startup focusing on Blockchain, IoT","We build Blockchain, IoT systems for logistics applications, delivering scalable solutions and intelligent integration.",Logistics,"['Renewable Energy', 'Tourism']","['Blockchain', 'IoT']","['NLP', 'Predictive Analytics']",1,0,44,Strong,7,54,16300000,70,Series C,2000000,Early Revenue,"['ISO 27001', 'None']",5,2,5,False,False,Low,National,Surat,"['UP', 'Telangana', 'Delhi', 'Gujarat']",Visakhapatnam,10,Comprehensive,24x7,Complete,highly_specialized
500bb052-7e57-4953-bfa2-fc34df8c0310,Shankar Ltd,"Healthcare startup focusing on Data Analytics, Computer Vision, NLP","Shankar Ltd specializes in Data Analytics, Computer Vision, NLP combined with innovative software to solve healthcare challenges.",Healthcare,[],"['Data Analytics', 'Computer Vision', 'NLP']",[],2,2,3,Strong,17,48,2200000,73,Series C,17000000,MVP,"['CMMI', 'SOC 2']",0,14,12,True,False,High,Local,Guwahati,"['Tamil Nadu', 'Kerala', 'Delhi', 'UP']",Gurugram,10,Advanced,8x5,Complete,early_stage_excellent_prototype
1bafd087-160e-4e0e-b33c-8f292325518a,Pingle PLC,"Environment startup focusing on Data Analytics, Sensors","We provide end-to-end environment services powered by Data Analytics, Sensors and a strong team of experts.",Environment,['Logistics'],"['Data Analytics', 'Sensors']",['Predictive Analytics'],10,9,31,Average,14,30,29600000,41,Series C,18000000,MVP,"['CMMI', 'None']",5,16,7,True,True,High,Local,Indore,"['Tamil Nadu', 'Kerala']",Pan India,9,Advanced,Community,Complete,high_exp_weak_tech
5bfdd6db-3a91-4ab6-8a9e-d26b298d2875,"Ganesan, Dalal and Sankar","Tourism startup focusing on VR/AR, Mobile Tech","Ganesan, Dalal and Sankar specializes in VR/AR, Mobile Tech combined with innovative software to solve tourism challenges.",Tourism,[],"['VR/AR', 'Mobile Tech']",[],3,0,3,Specialized,16,36,18300000,30,Seed,6000000,Growth,"['ISO 27001', 'SOC 2']",1,7,1,True,False,Medium,National,Chandigarh,['Kerala'],Pan India,3,Advanced,24x7,Complete,excellent_tech_low_exp
266442d9-b31a-4571-b652-aa55a34dab11,Kaul-Mitter,"Water Management startup focusing on IoT, Sensors","We provide end-to-end water management services powered by IoT, Sensors and a strong team of experts.",Water Management,['Cybersecurity'],"['IoT', 'Sensors']",['Threat Detection'],7,5,22,Strong,22,78,40300000,63,Series B,2000000,Mature,['None'],4,17,1,True,True,High,National,Coimbatore,['Kerala'],Pan India,2,Advanced,8x5,Complete,excellent_tech_excellent_exp
b813bfda-9ecb-4a68-81c3-46006f71841c,Mangat and Sons,"Rural Development startup focusing on IoT, Renewable Tech, Mobile Tech","Mangat and Sons specializes in IoT, Renewable Tech, Mobile Tech combined with innovative software to solve rural development challenges.",Rural Development,['Governance'],"['IoT', 'Renewable Tech', 'Mobile Tech']",['Data Analytics'],3,3,26,Specialized,21,55,33900000,78,Series C,17000000,Growth,"['CMMI', 'None']",2,2,10,True,False,High,Regional,Jaipur,['Maharashtra'],Pan India,12,Comprehensive,Community,Incomplete,incomplete_eligibility
c3ae24ed-b233-490b-bb2b-949499dbb957,Kadakia-Shan,"Defence startup focusing on AI, Cybersecurity, Computer Vision","We build AI, Cybersecurity, Computer Vision systems for defence applications, delivering scalable solutions and intelligent integration.",Defence,[],"['AI', 'Cybersecurity', 'Computer Vision']",[],12,6,2,Strong,25,68,4000000,64,Series C,17000000,Growth,['CMMI'],2,7,13,True,True,High,National,Delhi,['UP'],Patna,6,Advanced,Community,Complete,highly_specialized
9cb7a5b0-a92b-4f4b-a399-4c1c0e901a51,Sahota Group,Healthcare startup focusing on Medical AI,"We build Medical AI systems for healthcare applications, delivering scalable solutions and intelligent integration.",Healthcare,['Disaster Management'],['Medical AI'],['Satellite Imaging'],10,10,126,Average,22,54,12800000,32,Series A,17000000,Mature,"['CMMI', 'SOC 2']",3,1,10,True,True,Medium,Regional,New Delhi,['Tamil Nadu'],Jaipur,6,Advanced,24x7,Incomplete,incomplete_eligibility
30467a09-2052-4291-a7c1-38bc0089c2b6,Sodhi-Lala,"Waste Management startup focusing on Computer Vision, Sensors","We provide end-to-end waste management services powered by Computer Vision, Sensors and a strong team of experts.",Waste Management,"['Smart City', 'Tourism']","['Computer Vision', 'Sensors']","['NLP', 'IoT']",2,2,2,Strong,22,41,40900000,61,Series B,10000000,Early Revenue,['ISO 27001'],3,20,10,False,True,Low,Local,Nashik,"['Telangana', 'UP', 'Karnataka', 'Maharashtra']",Delhi,3,Advanced,24x7,Complete,early_stage_excellent_prototype
385c690b-cdf8-4933-b6e4-a013e34f2628,"Jaggi, Sami and Bora","Disaster Management startup focusing on Predictive Analytics, IoT","An innovative startup leveraging Predictive Analytics, IoT to revolutionize disaster management operations.",Disaster Management,['Water Management'],"['Predictive Analytics', 'IoT']",['IoT'],1,1,15,Specialized,17,70,46600000,74,Series B,1000000,Prototype,['ISO 27001'],3,18,12,False,False,High,Local,Noida,['Telangana'],Patna,8,Basic,24x7,Complete,excellent_tech_low_exp
965fa9bc-6792-40a6-8ac2-6d52ef732033,"Badami, Sandal and Acharya","Rural Development startup focusing on Renewable Tech, Mobile Tech, IoT","An innovative startup leveraging Renewable Tech, Mobile Tech, IoT to revolutionize rural development operations.",Rural Development,[],"['Renewable Tech', 'Mobile Tech', 'IoT']",[],11,6,3,Strong,22,78,10400000,77,Series B,10000000,MVP,"['None', 'CMMI']",4,12,1,True,True,Medium,National,Lucknow,"['Gujarat', 'Tamil Nadu']",Pan India,5,Basic,8x5,Complete,excellent_tech_excellent_exp
c1ce7d8c-3fda-47d5-af86-8b82cfbd5d8d,Venkatesh Group,"Infrastructure startup focusing on Computer Vision, IoT","Venkatesh Group specializes in Computer Vision, IoT combined with innovative software to solve infrastructure challenges.",Infrastructure,"['Renewable Energy', 'Logistics']","['Computer Vision', 'IoT']","['Route Optimization', 'Smart Grids']",1,1,29,Strong,4,38,17300000,28,Seed,4000000,Growth,"['CMMI', 'None']",4,2,14,False,False,Low,Local,Surat,"['Telangana', 'West Bengal', 'Maharashtra']",Pan India,9,Comprehensive,24x7,Complete,highly_specialized
2b90c422-34ec-4309-93be-b01b487375f6,Dutta LLC,"Defence startup focusing on Cybersecurity, Computer Vision","Dutta LLC specializes in Cybersecurity, Computer Vision combined with innovative software to solve defence challenges.",Defence,[],"['Cybersecurity', 'Computer Vision']",[],11,8,2,Strong,17,68,13000000,52,Seed,10000000,Mature,['None'],4,7,10,True,True,Low,Regional,Bengaluru,['Maharashtra'],Pan India,12,Advanced,24x7,Complete,excellent_tech_excellent_exp
81ac9840-7035-4b6f-934b-11f9dbd38236,Padmanabhan LLC,Disaster Management startup focusing on IoT,An innovative startup leveraging IoT to revolutionize disaster management operations.,Disaster Management,"['Water Management', 'Logistics']",['IoT'],"['IoT', 'Sensors']",8,6,33,Specialized,10,60,10700000,78,Series C,19000000,MVP,"['ISO 27001', 'CMMI']",5,20,10,True,True,Low,National,Guwahati,['Telangana'],Kolkata,9,Comprehensive,Community,Complete,established_weak_relevance
dbae877c-4e65-452a-999f-e83845a3dbf2,Sarin LLC,"Environment startup focusing on Satellite Imaging, IoT, Sensors","An innovative startup leveraging Satellite Imaging, IoT, Sensors to revolutionize environment operations.",Environment,"['Public Safety', 'Tourism']","['Satellite Imaging', 'IoT', 'Sensors']","['Computer Vision', 'Mobile Tech']",6,3,40,Average,13,32,34800000,27,Bootstrapped,19000000,Mature,"['None', 'ISO 27001']",2,4,6,True,True,High,National,Gurugram,"['Telangana', 'Delhi', 'Maharashtra', 'Tamil Nadu']",Pan India,2,Comprehensive,Community,Complete,highly_specialized
d0adbb40-8c8a-45c5-b3e8-0121af3c4777,Tank Ltd,"Infrastructure startup focusing on IoT, Computer Vision","Tank Ltd specializes in IoT, Computer Vision combined with innovative software to solve infrastructure challenges.",Infrastructure,['Smart City'],"['IoT', 'Computer Vision']",['IoT'],1,0,10,Strong,1,31,700000,33,Bootstrapped,16000000,Growth,"['CMMI', 'SOC 2']",0,1,0,False,False,Low,Local,Kolkata,['Tamil Nadu'],Noida,7,Basic,24x7,Complete,excellent_tech_low_exp
f9581d2f-9052-4a59-83fd-5d0f59bcbb0c,Ghosh and Sons,"Healthcare startup focusing on Data Analytics, Computer Vision","An innovative startup leveraging Data Analytics, Computer Vision to revolutionize healthcare operations.",Healthcare,"['Renewable Energy', 'Infrastructure']","['Data Analytics', 'Computer Vision']","['Predictive Maintenance', 'Predictive Analytics']",11,10,190,Specialized,23,36,15800000,62,Bootstrapped,0,MVP,['CMMI'],3,5,0,True,True,Medium,Regional,Jaipur,"['West Bengal', 'Maharashtra', 'Telangana', 'Karnataka']",Pan India,7,Advanced,Community,Complete,high_exp_weak_tech
736cf9a5-d44c-4d68-a551-776e80c55ad2,"Sridhar, Handa and Balay",Public Safety startup focusing on Computer Vision,We provide end-to-end public safety services powered by Computer Vision and a strong team of experts.,Public Safety,['Environment'],['Computer Vision'],['Sensors'],3,0,72,Specialized,13,36,14400000,10,Series B,19000000,Mature,"['CMMI', 'ISO 27001']",4,19,0,True,False,High,Local,Indore,"['UP', 'Delhi', 'Telangana', 'Tamil Nadu']",Delhi,9,Comprehensive,Community,Complete,excellent_tech_low_exp
764c9fa3-b482-4389-962c-ad38992f926b,Bora LLC,"Tourism startup focusing on Recommendation Systems, VR/AR","Bora LLC specializes in Recommendation Systems, VR/AR combined with innovative software to solve tourism challenges.",Tourism,"['Public Safety', 'Defence']","['Recommendation Systems', 'VR/AR']","['Robotics', 'IoT']",2,0,174,Average,16,84,18900000,64,Bootstrapped,18000000,Growth,"['ISO 27001', 'None']",4,7,4,True,True,Low,Regional,Nashik,"['West Bengal', 'Telangana', 'Delhi']",Bengaluru,2,Comprehensive,8x5,Complete,excellent_tech_low_exp
6ea920da-67c6-4346-ad4e-d34d5607adb3,"Sheth, Agrawal and Rai",Tourism startup focusing on Recommendation Systems,"Sheth, Agrawal and Rai specializes in Recommendation Systems combined with innovative software to solve tourism challenges.",Tourism,['Cybersecurity'],['Recommendation Systems'],['AI'],6,4,17,Average,15,54,14800000,21,Series C,5000000,Prototype,['SOC 2'],2,2,12,True,True,Low,Regional,Chennai,"['Telangana', 'UP']",Guwahati,6,Comprehensive,Community,Complete,highly_specialized
2179e5bc-931e-4c6f-8631-47cf55c2c4fe,Badami Inc,"Agriculture startup focusing on Satellite Imaging, Drones, IoT","Badami Inc specializes in Satellite Imaging, Drones, IoT combined with innovative software to solve agriculture challenges.",Agriculture,['Healthcare'],"['Satellite Imaging', 'Drones', 'IoT']",['Computer Vision'],2,2,28,Strong,20,39,16300000,65,Seed,11000000,Growth,['ISO 27001'],5,1,2,False,True,High,Regional,Indore,"['Karnataka', 'West Bengal', 'Maharashtra']",Pan India,5,Advanced,8x5,Complete,excellent_tech_excellent_exp
606152ad-12c5-48ae-a831-f5aeeefeaece,Hayer PLC,"Logistics startup focusing on Blockchain, Predictive Analytics, IoT","An innovative startup leveraging Blockchain, Predictive Analytics, IoT to revolutionize logistics operations.",Logistics,[],"['Blockchain', 'Predictive Analytics', 'IoT']",[],1,0,183,Specialized,15,45,9300000,30,Bootstrapped,4000000,Growth,['CMMI'],4,11,0,False,True,Low,Regional,Kolkata,['Maharashtra'],Hyderabad,1,Comprehensive,8x5,Complete,multi_sector
7228d63e-1137-4a1b-aed7-d6f582e7f874,Dhar Inc,"Rural Development startup focusing on IoT, Mobile Tech, Renewable Tech","Dhar Inc specializes in IoT, Mobile Tech, Renewable Tech combined with innovative software to solve rural development challenges.",Rural Development,[],"['IoT', 'Mobile Tech', 'Renewable Tech']",[],7,1,33,Strong,8,59,42000000,27,Bootstrapped,13000000,Mature,"['ISO 27001', 'CMMI']",3,8,2,True,True,High,National,Ahmedabad,"['Tamil Nadu', 'Delhi', 'Kerala']",Pan India,10,Comprehensive,24x7,Complete,excellent_tech_excellent_exp
46f9e081-db7d-4c3b-9683-00ebc5a1c0dc,"Hans, Naik and Walia",Governance startup focusing on Blockchain,"Hans, Naik and Walia specializes in Blockchain combined with innovative software to solve governance challenges.",Governance,"['Infrastructure', 'Tourism']",['Blockchain'],"['NLP', 'Computer Vision']",3,0,40,Average,20,35,50000000,70,Seed,2000000,Prototype,"['None', 'ISO 27001']",1,11,12,True,True,High,Local,Mumbai,"['Tamil Nadu', 'Delhi', 'Kerala', 'Gujarat']",Lucknow,5,Comprehensive,8x5,Complete,excellent_tech_low_exp
ee4224d7-6042-409d-902d-a3857533f509,"Deshpande, Varughese and Sankaran","Waste Management startup focusing on IoT, Sensors","Deshpande, Varughese and Sankaran specializes in IoT, Sensors combined with innovative software to solve waste management challenges.",Waste Management,[],"['IoT', 'Sensors']",[],15,15,59,Specialized,19,87,30100000,80,Series A,17000000,Mature,['None'],1,10,7,True,True,Medium,National,Ahmedabad,"['Telangana', 'Karnataka', 'UP', 'Kerala']",Pune,8,Advanced,Community,Complete,established_weak_relevance
5118f3ad-3d92-48b9-934e-99194ccdc296,Kamdar-Mutti,"Healthcare startup focusing on NLP, Data Analytics","An innovative startup leveraging NLP, Data Analytics to revolutionize healthcare operations.",Healthcare,['FinTech'],"['NLP', 'Data Analytics']",['Data Analytics'],8,6,102,Average,11,32,1700000,79,Series B,20000000,Early Revenue,['ISO 27001'],1,3,2,True,True,Low,Regional,Visakhapatnam,"['Maharashtra', 'Karnataka', 'UP', 'Telangana']",Ahmedabad,11,Advanced,8x5,Complete,high_exp_weak_tech
3649cb7c-cf88-4ee3-a121-057425eb4948,Thakur-Shere,"Defence startup focusing on Computer Vision, AI, Cybersecurity","Thakur-Shere specializes in Computer Vision, AI, Cybersecurity combined with innovative software to solve defence challenges.",Defence,[],"['Computer Vision', 'AI', 'Cybersecurity']",[],3,0,118,Strong,17,87,0,20,Series A,18000000,Early Revenue,['ISO 27001'],1,13,1,True,True,Medium,Local,Jaipur,"['Telangana', 'Gujarat']",Nagpur,8,Comprehensive,Community,Complete,excellent_tech_low_exp
88cbef43-f648-4a91-8a59-9107e940bc3f,Sane PLC,"Waste Management startup focusing on Computer Vision, IoT","We build Computer Vision, IoT systems for waste management applications, delivering scalable solutions and intelligent integration.",Waste Management,[],"['Computer Vision', 'IoT']",[],14,7,3,Average,25,77,30400000,80,Series C,11000000,Prototype,['ISO 27001'],0,0,12,True,True,Medium,National,Guwahati,"['Tamil Nadu', 'Karnataka']",Pan India,1,Advanced,24x7,Complete,highly_specialized
723e6eb8-ec76-441e-aa7d-85b674246820,Yadav Ltd,Cybersecurity startup focusing on Cryptography,Yadav Ltd specializes in Cryptography combined with innovative software to solve cybersecurity challenges.,Cybersecurity,[],['Cryptography'],[],1,1,14,Specialized,11,86,46500000,22,Series C,19000000,MVP,"['None', 'ISO 27001']",2,18,10,True,True,Medium,Regional,Mumbai,['Karnataka'],Indore,10,Comprehensive,8x5,Incomplete,incomplete_eligibility
88be41cc-64c2-4acd-8e79-9bd8d79676bf,Kapadia Inc,"Smart City startup focusing on Computer Vision, Data Analytics","An innovative startup leveraging Computer Vision, Data Analytics to revolutionize smart city operations.",Smart City,['Tourism'],"['Computer Vision', 'Data Analytics']",['Recommendation Systems'],12,7,61,Specialized,22,38,24500000,74,Seed,6000000,Mature,"['None', 'CMMI']",5,11,7,True,True,Low,Local,Bhopal,"['West Bengal', 'Kerala', 'UP', 'Maharashtra']",Jaipur,1,Basic,8x5,Complete,strong_sector_weak_scale
8b766bdc-91ef-4437-b035-63cd3e8c26fd,"Andra, Shanker and Chowdhury",FinTech startup focusing on NLP,An innovative startup leveraging NLP to revolutionize fintech operations.,FinTech,[],['NLP'],[],12,12,26,Strong,21,33,23500000,78,Seed,18000000,MVP,['SOC 2'],2,10,3,True,True,Low,Local,Coimbatore,['Karnataka'],Nagpur,11,Basic,24x7,Complete,high_exp_weak_tech
f4d19ad9-38cb-47c4-abb0-c1954bc2c092,"Contractor, Mangat and Tiwari","Renewable Energy startup focusing on ML, Smart Grids, IoT","We build ML, Smart Grids, IoT systems for renewable energy applications, delivering scalable solutions and intelligent integration.",Renewable Energy,[],"['ML', 'Smart Grids', 'IoT']",[],15,15,17,Average,25,51,40600000,27,Series B,10000000,Mature,"['None', 'CMMI']",1,2,5,True,True,High,National,Patna,"['Tamil Nadu', 'Telangana', 'Delhi', 'Karnataka']",Pan India,7,Comprehensive,8x5,Complete,established_weak_relevance
72dc8f71-346d-4bd9-8154-7594877c19b2,"Joshi, Biswas and Chahal","Smart City startup focusing on Edge Computing, Data Analytics","An innovative startup leveraging Edge Computing, Data Analytics to revolutionize smart city operations.",Smart City,"['Cybersecurity', 'Rural Development']","['Edge Computing', 'Data Analytics']","['Network Security', 'IoT']",5,3,9,Strong,12,75,5800000,21,Series C,0,MVP,['CMMI'],5,5,3,True,True,High,National,Coimbatore,"['Maharashtra', 'Gujarat']",Pan India,9,Comprehensive,24x7,Complete,highly_specialized
d065acb4-b2a5-42ea-9771-95daa2c0be1f,Chopra-Kara,Smart City startup focusing on Data Analytics,An innovative startup leveraging Data Analytics to revolutionize smart city operations.,Smart City,"['FinTech', 'Tourism']",['Data Analytics'],"['VR/AR', 'Blockchain']",9,6,44,Specialized,23,74,28100000,20,Series B,5000000,Prototype,"['ISO 27001', 'None']",0,10,7,True,True,Medium,National,Visakhapatnam,"['Maharashtra', 'Kerala']",Pan India,9,Comprehensive,24x7,Complete,multi_sector
050ebbdb-212a-4ffa-ad60-ce33d7fe58d9,"Barad, Verma and Basak","Defence startup focusing on Computer Vision, Robotics","Barad, Verma and Basak specializes in Computer Vision, Robotics combined with innovative software to solve defence challenges.",Defence,"['Environment', 'Waste Management']","['Computer Vision', 'Robotics']","['Sensors', 'Data Analytics']",11,9,9,Specialized,25,83,15000000,78,Seed,4000000,MVP,['None'],0,8,8,True,True,Medium,Regional,Nagpur,"['Telangana', 'Maharashtra']",Mumbai,6,Comprehensive,Community,Complete,high_exp_weak_tech
463f1e17-d14e-42e5-84a6-7d6810703834,"Doctor, Murty and Verma","Transportation startup focusing on Route Optimization, Predictive Maintenance, Computer Vision","Doctor, Murty and Verma specializes in Route Optimization, Predictive Maintenance, Computer Vision combined with innovative software to solve transportation challenges.",Transportation,"['Smart City', 'Cybersecurity']","['Route Optimization', 'Predictive Maintenance', 'Computer Vision']","['IoT', 'Threat Detection']",5,5,4,Specialized,8,45,25400000,55,Series A,6000000,Prototype,['ISO 27001'],3,10,1,True,True,Medium,Regional,Bhopal,"['Karnataka', 'UP']",Pan India,8,Advanced,24x7,Complete,highly_specialized
c786140b-2195-4eaa-a239-c6e15f86b494,Khare-Aggarwal,FinTech startup focusing on Fraud Detection,Khare-Aggarwal specializes in Fraud Detection combined with innovative software to solve fintech challenges.,FinTech,['Tourism'],['Fraud Detection'],['NLP'],2,1,20,Specialized,25,63,19300000,15,Seed,3000000,Prototype,"['SOC 2', 'None']",4,8,2,False,False,Low,Local,Patna,['Delhi'],Hyderabad,8,Basic,Community,Complete,excellent_tech_low_exp
1d52e6a4-0b54-48ba-9cd4-2887efc7526d,Nayak PLC,"Healthcare startup focusing on Data Analytics, Wearables, Computer Vision","We build Data Analytics, Wearables, Computer Vision systems for healthcare applications, delivering scalable solutions and intelligent integration.",Healthcare,['Public Safety'],"['Data Analytics', 'Wearables', 'Computer Vision']",['Biometrics'],3,1,8,Average,21,48,18500000,56,Series A,9000000,Prototype,"['CMMI', 'SOC 2']",1,9,6,True,True,High,Regional,Lucknow,['Tamil Nadu'],Nagpur,3,Advanced,8x5,Complete,excellent_tech_low_exp
47f87cec-6e88-4766-9c32-8fc607267aea,Badami-Pandit,"Cybersecurity startup focusing on Network Security, Cryptography","Badami-Pandit specializes in Network Security, Cryptography combined with innovative software to solve cybersecurity challenges.",Cybersecurity,[],"['Network Security', 'Cryptography']",[],15,3,28,Specialized,20,90,40200000,62,Series C,10000000,Early Revenue,['ISO 27001'],5,16,1,True,True,High,National,Bhubaneswar,['Kerala'],Pan India,12,Advanced,Community,Complete,strong_sector_weak_scale
0c77355d-fdf0-4e68-9f1b-39a0066f24d8,Bhalla-Chakraborty,"Agriculture startup focusing on ML, Satellite Imaging, Computer Vision","Bhalla-Chakraborty specializes in ML, Satellite Imaging, Computer Vision combined with innovative software to solve agriculture challenges.",Agriculture,"['Skill Development', 'Tourism']","['ML', 'Satellite Imaging', 'Computer Vision']","['NLP', 'Mobile Tech']",1,1,4,Strong,8,46,18600000,78,Seed,1000000,MVP,['ISO 27001'],5,11,15,False,True,Medium,National,Chennai,"['West Bengal', 'Kerala', 'Gujarat']",Patna,8,Advanced,24x7,Complete,early_stage_excellent_prototype
b647f0c7-91ab-4665-939b-1c5e45c7137f,Dhaliwal-Chandra,Public Safety startup focusing on Predictive Analytics,We provide end-to-end public safety services powered by Predictive Analytics and a strong team of experts.,Public Safety,"['Environment', 'Waste Management']",['Predictive Analytics'],"['Route Optimization', 'Data Analytics']",6,4,27,Strong,19,43,39700000,74,Series A,4000000,Prototype,['None'],2,11,0,True,True,High,National,Bengaluru,"['Tamil Nadu', 'Maharashtra', 'Kerala']",Pan India,7,Comprehensive,8x5,Incomplete,incomplete_eligibility
d3a6102e-af08-4333-831e-979f86fc7982,"Mitter, Manne and Toor","Waste Management startup focusing on Route Optimization, Sensors","An innovative startup leveraging Route Optimization, Sensors to revolutionize waste management operations.",Waste Management,['Tourism'],"['Route Optimization', 'Sensors']",['Recommendation Systems'],11,10,10,Strong,17,37,39700000,25,Series A,1000000,Early Revenue,['SOC 2'],1,13,3,True,True,Medium,Regional,Ahmedabad,"['Karnataka', 'West Bengal']",Patna,4,Comprehensive,24x7,Complete,high_exp_weak_tech
d31938b9-5aa8-45ec-a75c-5b0166da00f0,"Pradhan, Sibal and Ravel","Renewable Energy startup focusing on Predictive Analytics, ML, Smart Grids","An innovative startup leveraging Predictive Analytics, ML, Smart Grids to revolutionize renewable energy operations.",Renewable Energy,[],"['Predictive Analytics', 'ML', 'Smart Grids']",[],2,1,7,Strong,8,53,4700000,45,Series A,5000000,Growth,"['None', 'SOC 2']",5,20,15,True,True,Medium,Local,Nagpur,"['Karnataka', 'Kerala']",Pan India,4,Advanced,24x7,Complete,excellent_tech_low_exp
3d23c4f1-82c1-4807-8d0d-45ea09a70a54,"Manda, Shankar and Karpe","Rural Development startup focusing on Renewable Tech, Mobile Tech, Data Analytics","We build Renewable Tech, Mobile Tech, Data Analytics systems for rural development applications, delivering scalable solutions and intelligent integration.",Rural Development,[],"['Renewable Tech', 'Mobile Tech', 'Data Analytics']",[],7,3,5,Specialized,18,82,46600000,17,Seed,14000000,Mature,['ISO 27001'],2,10,1,True,True,Low,Local,Delhi,"['Telangana', 'UP', 'Karnataka', 'West Bengal']",New Delhi,8,Comprehensive,8x5,Complete,strong_tech_geo_mismatch
4a1107ea-0940-40d9-aa63-9da91d38ec1d,Varma-Sahota,"Education startup focusing on Machine Learning, NLP, Recommendation Systems","We provide end-to-end education services powered by Machine Learning, NLP, Recommendation Systems and a strong team of experts.",Education,['Smart City'],"['Machine Learning', 'NLP', 'Recommendation Systems']",['IoT'],8,8,50,Specialized,19,52,6200000,35,Seed,16000000,Growth,['ISO 27001'],4,20,5,True,True,High,National,Nagpur,"['Delhi', 'Gujarat', 'Maharashtra', 'West Bengal']",Lucknow,11,Comprehensive,8x5,Complete,high_exp_weak_tech
14931485-e893-43ef-98b9-1e5a03e47d3c,Viswanathan-Panchal,Renewable Energy startup focusing on IoT,"We build IoT systems for renewable energy applications, delivering scalable solutions and intelligent integration.",Renewable Energy,[],['IoT'],[],11,11,98,Average,16,84,31100000,32,Series B,7000000,Early Revenue,['SOC 2'],1,13,13,True,True,Low,National,Lucknow,['West Bengal'],Pan India,1,Comprehensive,24x7,Incomplete,incomplete_eligibility
b93e17f2-2166-4be1-abd5-f17b98362380,Kala-Lanka,"Healthcare startup focusing on Wearables, Medical AI, Data Analytics","Kala-Lanka specializes in Wearables, Medical AI, Data Analytics combined with innovative software to solve healthcare challenges.",Healthcare,"['Defence', 'Public Safety']","['Wearables', 'Medical AI', 'Data Analytics']","['IoT', 'Drones']",14,14,3,Specialized,24,65,18100000,80,Seed,2000000,Growth,"['None', 'CMMI']",2,12,15,True,True,Low,Regional,Kochi,"['Telangana', 'UP', 'Maharashtra']",Pan India,3,Basic,Community,Complete,high_exp_weak_tech
9ad1c9cd-39b8-4e6c-859f-8ee34e5c3e4f,Bedi Inc,"Logistics startup focusing on Route Optimization, Blockchain, IoT","We provide end-to-end logistics services powered by Route Optimization, Blockchain, IoT and a strong team of experts.",Logistics,[],"['Route Optimization', 'Blockchain', 'IoT']",[],10,8,7,Strong,22,41,49000000,55,Series C,10000000,MVP,"['ISO 27001', 'SOC 2']",1,20,15,True,True,Low,Local,Nagpur,['UP'],Pune,7,Comprehensive,24x7,Complete,high_exp_weak_tech
e305f70b-f209-42ac-ba50-453469a52b15,Bhalla-Golla,Environment startup focusing on Sensors,"We build Sensors systems for environment applications, delivering scalable solutions and intelligent integration.",Environment,[],['Sensors'],[],8,5,5,Specialized,10,44,16500000,29,Series B,5000000,Growth,['None'],5,12,7,True,True,High,National,Bhubaneswar,"['Kerala', 'Maharashtra', 'Telangana']",Coimbatore,8,Basic,24x7,Complete,multi_sector
a193fb03-bfc0-4c4b-906c-7d35e6469106,Walia-Basak,Waste Management startup focusing on Sensors,An innovative startup leveraging Sensors to revolutionize waste management operations.,Waste Management,['Tourism'],['Sensors'],['VR/AR'],6,0,8,Average,14,31,39200000,53,Series C,2000000,Mature,"['SOC 2', 'None']",2,14,15,True,True,Medium,Local,Pune,"['Karnataka', 'Telangana', 'UP', 'West Bengal']",New Delhi,3,Comprehensive,8x5,Incomplete,incomplete_eligibility
4933c185-4c0b-4c66-b3a1-d8edc4057425,Korpal and Sons,Agriculture startup focusing on Computer Vision,We provide end-to-end agriculture services powered by Computer Vision and a strong team of experts.,Agriculture,"['Disaster Management', 'Education']",['Computer Vision'],"['Predictive Analytics', 'Machine Learning']",2,0,37,Strong,20,63,29000000,68,Series B,6000000,Prototype,['CMMI'],3,15,7,True,True,Low,Regional,Nagpur,"['Karnataka', 'West Bengal', 'Telangana', 'Gujarat']",Patna,11,Comprehensive,24x7,Complete,multi_sector
02457445-7266-4707-9330-1ff751d0d270,Rai Inc,"FinTech startup focusing on AI, Data Analytics, Blockchain","An innovative startup leveraging AI, Data Analytics, Blockchain to revolutionize fintech operations.",FinTech,[],"['AI', 'Data Analytics', 'Blockchain']",[],2,2,50,Strong,9,37,9600000,13,Seed,1000000,MVP,['ISO 27001'],2,0,11,False,False,Medium,Regional,Patna,"['Tamil Nadu', 'West Bengal', 'Karnataka', 'Gujarat']",Pan India,3,Advanced,Community,Complete,strong_tech_geo_mismatch
92a82fc4-217f-45e6-90e2-89e206206a5d,Pandey-Karnik,"Rural Development startup focusing on Renewable Tech, Mobile Tech","We provide end-to-end rural development services powered by Renewable Tech, Mobile Tech and a strong team of experts.",Rural Development,['Water Management'],"['Renewable Tech', 'Mobile Tech']",['Machine Learning'],2,0,47,Specialized,3,46,19700000,54,Series A,1000000,Prototype,"['SOC 2', 'CMMI']",2,7,15,True,True,High,National,Bhopal,"['Kerala', 'Telangana', 'Delhi']",Pan India,2,Comprehensive,Community,Complete,excellent_tech_low_exp
9c23402e-6bd3-41d5-8ef2-88d7dfbc8202,"Kothari, Manne and Hari","FinTech startup focusing on NLP, AI, Fraud Detection","An innovative startup leveraging NLP, AI, Fraud Detection to revolutionize fintech operations.",FinTech,[],"['NLP', 'AI', 'Fraud Detection']",[],4,0,169,Strong,9,63,9100000,57,Seed,14000000,Growth,['CMMI'],2,7,2,True,False,High,Regional,Chandigarh,"['Kerala', 'Gujarat', 'Telangana']",Indore,4,Advanced,24x7,Complete,excellent_tech_excellent_exp
06fa0559-2a9f-4071-82d7-5b3e42b34265,Dutta-Dasgupta,"Environment startup focusing on IoT, Sensors","An innovative startup leveraging IoT, Sensors to revolutionize environment operations.",Environment,['Renewable Energy'],"['IoT', 'Sensors']",['Smart Grids'],10,1,8,Specialized,24,48,12400000,43,Seed,18000000,Early Revenue,"['None', 'ISO 27001']",4,17,5,True,True,Low,Local,Pune,"['UP', 'Kerala', 'Maharashtra']",Guwahati,12,Basic,Community,Incomplete,incomplete_eligibility
d84d8aba-aa92-4d2c-9cb1-e5974d705fd7,Kala PLC,"Infrastructure startup focusing on Predictive Maintenance, Sensors","We provide end-to-end infrastructure services powered by Predictive Maintenance, Sensors and a strong team of experts.",Infrastructure,"['Logistics', 'Tourism']","['Predictive Maintenance', 'Sensors']","['VR/AR', 'IoT']",1,1,4,Average,10,87,38900000,15,Series C,11000000,MVP,"['CMMI', 'SOC 2']",2,15,4,True,True,Low,Local,Pune,"['Tamil Nadu', 'Kerala', 'West Bengal']",Ahmedabad,2,Basic,Community,Complete,highly_specialized
9c663957-b2fb-49fd-b4d5-b29cf9bc2046,Maharaj LLC,"Skill Development startup focusing on VR/AR, Recommendation Systems, Machine Learning","An innovative startup leveraging VR/AR, Recommendation Systems, Machine Learning to revolutionize skill development operations.",Skill Development,[],"['VR/AR', 'Recommendation Systems', 'Machine Learning']",[],15,11,3,Specialized,24,55,17000000,60,Seed,10000000,Mature,"['CMMI', 'ISO 27001']",4,13,2,True,True,High,National,Noida,['Tamil Nadu'],Nashik,9,Advanced,8x5,Complete,highly_specialized
ad5850bc-7444-4d48-9e1f-e6e60f628a26,De LLC,"Environment startup focusing on Data Analytics, Sensors","De LLC specializes in Data Analytics, Sensors combined with innovative software to solve environment challenges.",Environment,"['Waste Management', 'Public Safety']","['Data Analytics', 'Sensors']",['IoT'],15,11,2,Specialized,17,32,42400000,62,Seed,6000000,Early Revenue,"['None', 'ISO 27001']",2,13,6,True,True,High,Local,Bengaluru,"['Delhi', 'West Bengal', 'Gujarat']",Patna,9,Comprehensive,Community,Complete,strong_sector_weak_scale
18228b21-94cc-4734-be2d-6a0e574ef6f4,Walia-Bahl,"Public Safety startup focusing on Predictive Analytics, Biometrics, Computer Vision","We build Predictive Analytics, Biometrics, Computer Vision systems for public safety applications, delivering scalable solutions and intelligent integration.",Public Safety,"['Smart City', 'Healthcare']","['Predictive Analytics', 'Biometrics', 'Computer Vision']","['Wearables', 'Edge Computing']",13,9,72,Average,17,42,22400000,46,Bootstrapped,9000000,MVP,"['ISO 27001', 'CMMI']",1,17,11,True,True,Low,Local,New Delhi,"['Kerala', 'UP', 'Telangana']",New Delhi,6,Comprehensive,8x5,Complete,highly_specialized
222bf57b-db50-4896-b4c1-2b7077df8f75,Dhaliwal-Varughese,Transportation startup focusing on IoT,Dhaliwal-Varughese specializes in IoT combined with innovative software to solve transportation challenges.,Transportation,[],['IoT'],[],2,2,2,Strong,2,44,29300000,23,Bootstrapped,7000000,MVP,"['CMMI', 'SOC 2']",3,2,3,False,False,Medium,Local,Kochi,"['Telangana', 'West Bengal', 'Tamil Nadu', 'Kerala']",Lucknow,4,Comprehensive,8x5,Complete,early_stage_excellent_prototype
3e5a9589-102f-4ad7-9e88-ff0fe4a753e1,"Sathe, Ratta and Srivastava",Defence startup focusing on Computer Vision,"We build Computer Vision systems for defence applications, delivering scalable solutions and intelligent integration.",Defence,['FinTech'],['Computer Vision'],['Blockchain'],15,5,47,Strong,19,75,8700000,40,Seed,1000000,MVP,"['CMMI', 'ISO 27001']",4,0,2,True,True,Medium,National,New Delhi,"['Telangana', 'Tamil Nadu']",Pune,1,Advanced,Community,Complete,highly_specialized
2f81b94b-fab0-4465-a701-bf212fa7ffb5,"Chana, Patil and Badami","Governance startup focusing on NLP, Blockchain","An innovative startup leveraging NLP, Blockchain to revolutionize governance operations.",Governance,['Infrastructure'],"['NLP', 'Blockchain']",['Sensors'],6,6,77,Strong,18,53,47900000,33,Series C,7000000,Mature,"['SOC 2', 'None']",3,20,4,True,True,Medium,National,Mumbai,"['Telangana', 'Gujarat']",Pan India,10,Comprehensive,24x7,Incomplete,incomplete_eligibility
21050842-d1e3-4695-8250-4c4401d05f07,Sangha Group,"Public Safety startup focusing on Predictive Analytics, Biometrics","Sangha Group specializes in Predictive Analytics, Biometrics combined with innovative software to solve public safety challenges.",Public Safety,['Infrastructure'],"['Predictive Analytics', 'Biometrics']",['IoT'],4,3,50,Strong,8,35,39300000,19,Bootstrapped,1000000,Prototype,"['ISO 27001', 'CMMI']",5,11,13,True,True,High,Local,Kochi,['West Bengal'],Pan India,11,Basic,Community,Incomplete,incomplete_eligibility
38a2e393-dd53-4b6b-a142-386bf4b03055,Patla-Bumb,"Cybersecurity startup focusing on Blockchain, AI, Cryptography","An innovative startup leveraging Blockchain, AI, Cryptography to revolutionize cybersecurity operations.",Cybersecurity,['Education'],"['Blockchain', 'AI', 'Cryptography']",['Machine Learning'],10,9,3,Strong,17,65,48400000,59,Series B,5000000,MVP,['None'],2,4,4,True,True,Low,Regional,New Delhi,"['Gujarat', 'Tamil Nadu', 'West Bengal', 'UP']",Pan India,4,Comprehensive,Community,Complete,high_exp_weak_tech
c308b9dc-037d-44af-a9c1-4c498e371434,"Iyer, Soman and Nadkarni",Smart City startup focusing on Edge Computing,"We build Edge Computing systems for smart city applications, delivering scalable solutions and intelligent integration.",Smart City,"['Infrastructure', 'Transportation']",['Edge Computing'],['Computer Vision'],8,0,42,Average,22,31,30600000,52,Seed,0,Early Revenue,"['None', 'ISO 27001']",4,10,6,True,True,High,Regional,Bhubaneswar,"['Telangana', 'Kerala', 'Delhi']",Pan India,3,Comprehensive,Community,Complete,multi_sector
11b06966-9790-4bc4-94d5-0519cd350b7c,Muni-Kalita,"Waste Management startup focusing on Sensors, Route Optimization","An innovative startup leveraging Sensors, Route Optimization to revolutionize waste management operations.",Waste Management,['Renewable Energy'],"['Sensors', 'Route Optimization']",['ML'],8,7,141,Specialized,10,39,4100000,61,Series C,4000000,Prototype,"['SOC 2', 'ISO 27001']",4,9,3,True,True,Low,Regional,Visakhapatnam,"['Delhi', 'Karnataka', 'Maharashtra', 'Tamil Nadu']",Jaipur,11,Comprehensive,Community,Complete,high_exp_weak_tech
9eb958b0-21db-4304-a0b0-70ece4b62435,Choudhary Ltd,"Public Safety startup focusing on IoT, Biometrics","We build IoT, Biometrics systems for public safety applications, delivering scalable solutions and intelligent integration.",Public Safety,[],"['IoT', 'Biometrics']",[],11,11,94,Average,17,34,34000000,33,Series A,8000000,Mature,['None'],0,6,6,True,True,High,Local,Gurugram,['Karnataka'],Pan India,12,Basic,8x5,Complete,strong_tech_geo_mismatch
5a091fbe-1600-40fa-97e9-ce1257a31223,Aurora PLC,Agriculture startup focusing on Computer Vision,We provide end-to-end agriculture services powered by Computer Vision and a strong team of experts.,Agriculture,[],['Computer Vision'],[],3,1,125,Specialized,16,64,27500000,29,Series B,12000000,Early Revenue,['ISO 27001'],4,3,10,True,False,High,National,Pune,"['Tamil Nadu', 'UP', 'Kerala', 'Maharashtra']",Pan India,1,Advanced,8x5,Complete,excellent_tech_low_exp
3f69ad3f-9fd1-4868-ba5e-885178fc7859,"Johal, Sampath and Nadkarni","Tourism startup focusing on Recommendation Systems, VR/AR, NLP","Johal, Sampath and Nadkarni specializes in Recommendation Systems, VR/AR, NLP combined with innovative software to solve tourism challenges.",Tourism,"['Disaster Management', 'Rural Development']","['Recommendation Systems', 'VR/AR', 'NLP']","['Drones', 'Renewable Tech']",3,1,129,Average,24,41,37000000,26,Bootstrapped,19000000,MVP,"['SOC 2', 'ISO 27001']",0,6,5,True,True,Medium,National,Mumbai,['Tamil Nadu'],New Delhi,9,Basic,8x5,Complete,excellent_tech_low_exp
e2c5694f-dca7-4c05-9510-e50aa149f6e2,Dara Inc,"Water Management startup focusing on IoT, Machine Learning, Predictive Analytics","Dara Inc specializes in IoT, Machine Learning, Predictive Analytics combined with innovative software to solve water management challenges.",Water Management,"['Disaster Management', 'Logistics']","['IoT', 'Machine Learning', 'Predictive Analytics']",['IoT'],14,12,121,Strong,25,65,4900000,30,Bootstrapped,1000000,MVP,"['CMMI', 'SOC 2']",0,5,0,True,True,Low,Local,Lucknow,"['Telangana', 'Gujarat']",Noida,4,Basic,8x5,Complete,multi_sector
2f4effdf-e40d-4fff-9187-36186fd23a8b,"Yadav, Bobal and Chokshi",Waste Management startup focusing on Computer Vision,"We build Computer Vision systems for waste management applications, delivering scalable solutions and intelligent integration.",Waste Management,['Healthcare'],['Computer Vision'],['Computer Vision'],14,12,140,Average,20,64,8700000,17,Series B,5000000,Growth,"['SOC 2', 'ISO 27001']",1,17,6,True,True,High,National,Bhopal,"['Delhi', 'West Bengal']",Pan India,9,Advanced,Community,Complete,high_exp_weak_tech
731b39ed-4a42-48a5-8d0f-750acb49f288,Sastry Group,Education startup focusing on Recommendation Systems,Sastry Group specializes in Recommendation Systems combined with innovative software to solve education challenges.,Education,"['Infrastructure', 'Public Safety']",['Recommendation Systems'],"['Computer Vision', 'Sensors']",1,0,10,Strong,8,75,33900000,74,Series C,4000000,Prototype,['None'],1,14,2,False,False,High,National,Nashik,['Kerala'],Bhubaneswar,7,Basic,Community,Complete,excellent_tech_low_exp
591a5adf-3fc2-4c9e-b8e0-d5e028fe040c,Yogi and Sons,"Healthcare startup focusing on Computer Vision, Medical AI, Data Analytics","We build Computer Vision, Medical AI, Data Analytics systems for healthcare applications, delivering scalable solutions and intelligent integration.",Healthcare,['FinTech'],"['Computer Vision', 'Medical AI', 'Data Analytics']",['Fraud Detection'],15,13,69,Average,23,74,22700000,62,Bootstrapped,11000000,Mature,"['SOC 2', 'None']",5,9,11,True,True,High,Regional,New Delhi,['Telangana'],Nashik,7,Advanced,Community,Complete,high_exp_weak_tech
4d84d83f-cd3f-401e-8ea9-e8ec65fffe6d,Bhavsar-Kalita,"Public Safety startup focusing on Predictive Analytics, Biometrics, Computer Vision","An innovative startup leveraging Predictive Analytics, Biometrics, Computer Vision to revolutionize public safety operations.",Public Safety,['Defence'],"['Predictive Analytics', 'Biometrics', 'Computer Vision']",['Drones'],6,3,179,Average,13,68,45600000,30,Series A,13000000,Prototype,"['None', 'ISO 27001']",4,19,0,True,True,Medium,Regional,Nagpur,"['Telangana', 'Kerala', 'Delhi', 'Tamil Nadu']",Pan India,8,Comprehensive,Community,Incomplete,incomplete_eligibility
b12c30a8-56d9-4de3-9ea9-6e2246c44ddd,"Prabhu, Bakshi and Lal","Public Safety startup focusing on Computer Vision, Predictive Analytics, IoT","We provide end-to-end public safety services powered by Computer Vision, Predictive Analytics, IoT and a strong team of experts.",Public Safety,['Smart City'],"['Computer Vision', 'Predictive Analytics', 'IoT']",['Edge Computing'],11,10,26,Average,12,62,43500000,46,Seed,19000000,Mature,"['ISO 27001', 'SOC 2']",3,7,9,True,True,Medium,National,Nagpur,"['Delhi', 'Kerala', 'Gujarat']",Pan India,7,Advanced,Community,Incomplete,incomplete_eligibility
75c74d7a-c3e4-4153-b52b-c0c070451add,Bal-Raj,"Infrastructure startup focusing on Computer Vision, IoT","Bal-Raj specializes in Computer Vision, IoT combined with innovative software to solve infrastructure challenges.",Infrastructure,[],"['Computer Vision', 'IoT']",[],9,9,35,Average,10,55,8300000,61,Series B,9000000,Mature,['ISO 27001'],4,5,8,True,True,High,Regional,Lucknow,['Delhi'],Pan India,11,Basic,24x7,Complete,high_exp_weak_tech
ff8dbc88-3b16-402e-83a3-79420e45be38,Ramaswamy-Swamy,"Disaster Management startup focusing on Predictive Analytics, Drones, IoT","We provide end-to-end disaster management services powered by Predictive Analytics, Drones, IoT and a strong team of experts.",Disaster Management,['Infrastructure'],"['Predictive Analytics', 'Drones', 'IoT']",['Computer Vision'],14,13,45,Average,14,33,700000,29,Bootstrapped,6000000,Prototype,"['CMMI', 'None']",3,3,11,True,True,High,Local,Bengaluru,"['Kerala', 'Tamil Nadu', 'Karnataka']",Kolkata,10,Basic,24x7,Complete,strong_sector_weak_scale
8f636c8a-a988-4495-8014-056917cdcaf9,Rastogi Ltd,"Infrastructure startup focusing on Predictive Maintenance, Computer Vision","Rastogi Ltd specializes in Predictive Maintenance, Computer Vision combined with innovative software to solve infrastructure challenges.",Infrastructure,"['Water Management', 'Governance']","['Predictive Maintenance', 'Computer Vision']","['NLP', 'Machine Learning']",11,1,40,Average,16,86,1500000,24,Bootstrapped,1000000,MVP,"['None', 'SOC 2']",2,4,1,True,True,Medium,Regional,Chennai,"['Kerala', 'UP', 'West Bengal']",Pan India,5,Basic,24x7,Complete,excellent_tech_excellent_exp
57bc1cbb-5899-4bed-abac-8f8a7e19d27b,Sahota Group,Cybersecurity startup focusing on AI,"We build AI systems for cybersecurity applications, delivering scalable solutions and intelligent integration.",Cybersecurity,[],['AI'],[],10,10,40,Specialized,10,51,48000000,33,Seed,6000000,Early Revenue,"['ISO 27001', 'SOC 2']",3,9,15,True,True,Medium,Regional,Kolkata,"['Gujarat', 'UP', 'Tamil Nadu']",Gurugram,6,Basic,8x5,Complete,established_weak_relevance
fa01ff9a-5bda-48ef-8778-0b46c844dcc1,Bala Inc,Renewable Energy startup focusing on ML,We provide end-to-end renewable energy services powered by ML and a strong team of experts.,Renewable Energy,['Waste Management'],['ML'],['IoT'],8,8,7,Strong,13,90,37900000,41,Bootstrapped,2000000,Growth,['SOC 2'],5,14,15,True,True,Low,Regional,Visakhapatnam,"['UP', 'Delhi', 'Tamil Nadu']",Lucknow,12,Comprehensive,24x7,Complete,high_exp_weak_tech
2e9f867e-d43f-4998-a6f0-4e5eb0899e5f,"Vohra, Ganesh and Chacko",Infrastructure startup focusing on Computer Vision,"We build Computer Vision systems for infrastructure applications, delivering scalable solutions and intelligent integration.",Infrastructure,['Defence'],['Computer Vision'],['Drones'],3,1,30,Average,5,33,25000000,57,Series A,1000000,Mature,['None'],2,19,2,True,False,Medium,Regional,Ahmedabad,"['West Bengal', 'Delhi', 'Kerala']",Pan India,6,Basic,24x7,Complete,excellent_tech_low_exp
140d7b9d-dc14-4ab4-aad5-0a4e6e7d73e1,"Kalita, Prabhakar and Bajaj","Rural Development startup focusing on IoT, Mobile Tech","We build IoT, Mobile Tech systems for rural development applications, delivering scalable solutions and intelligent integration.",Rural Development,"['Water Management', 'Education']","['IoT', 'Mobile Tech']","['Sensors', 'Recommendation Systems']",1,1,6,Strong,7,37,25000000,75,Series C,6000000,Growth,['ISO 27001'],5,6,7,True,False,Low,National,Bhubaneswar,"['UP', 'Maharashtra']",Pan India,8,Comprehensive,24x7,Complete,early_stage_excellent_prototype
bb0ea512-07b2-4f99-b53a-40af4c93bf6f,"Hora, Vala and Desai","Transportation startup focusing on Predictive Maintenance, Route Optimization","We provide end-to-end transportation services powered by Predictive Maintenance, Route Optimization and a strong team of experts.",Transportation,[],"['Predictive Maintenance', 'Route Optimization']",[],6,5,3,Average,12,89,35400000,49,Series A,7000000,Growth,['ISO 27001'],4,18,3,True,True,Medium,Regional,Surat,"['Delhi', 'Tamil Nadu', 'Telangana', 'UP']",Pan India,12,Advanced,24x7,Complete,highly_specialized
184516f1-550a-43fd-9441-1e881d88dc6b,Wali-Ganguly,"Public Safety startup focusing on Biometrics, Predictive Analytics, Computer Vision","We provide end-to-end public safety services powered by Biometrics, Predictive Analytics, Computer Vision and a strong team of experts.",Public Safety,[],"['Biometrics', 'Predictive Analytics', 'Computer Vision']",[],5,1,84,Specialized,18,46,29400000,42,Series A,1000000,Mature,['ISO 27001'],0,1,10,True,True,Medium,Local,Patna,['UP'],Gurugram,3,Basic,Community,Incomplete,incomplete_eligibility
bdfcfa92-b71f-427f-803e-93f3746edce9,Karnik Ltd,"Agriculture startup focusing on Drones, Satellite Imaging, IoT","An innovative startup leveraging Drones, Satellite Imaging, IoT to revolutionize agriculture operations.",Agriculture,"['Skill Development', 'Governance']","['Drones', 'Satellite Imaging', 'IoT']","['NLP', 'Machine Learning']",7,4,126,Average,12,65,37000000,68,Series A,15000000,Early Revenue,"['SOC 2', 'None']",5,3,1,True,True,Low,Local,Mumbai,"['West Bengal', 'Maharashtra', 'Kerala', 'UP']",Pan India,11,Comprehensive,24x7,Incomplete,incomplete_eligibility
c5ac7161-5d64-44cd-8f3b-68a0e5d25ed7,"Raman, Munshi and Warrior","Agriculture startup focusing on Drones, Satellite Imaging","We provide end-to-end agriculture services powered by Drones, Satellite Imaging and a strong team of experts.",Agriculture,['Smart City'],"['Drones', 'Satellite Imaging']",['Edge Computing'],15,10,27,Specialized,16,35,38900000,30,Seed,6000000,Prototype,['None'],3,17,3,True,True,Low,National,Gurugram,"['UP', 'Maharashtra', 'Telangana', 'Kerala']",Pan India,1,Comprehensive,Community,Complete,highly_specialized
ef3bc3ec-35b1-469e-8158-9bf2024f58a4,Sani-Mitra,"Tourism startup focusing on Recommendation Systems, Mobile Tech","We build Recommendation Systems, Mobile Tech systems for tourism applications, delivering scalable solutions and intelligent integration.",Tourism,"['Defence', 'Education']","['Recommendation Systems', 'Mobile Tech']","['Computer Vision', 'Machine Learning']",6,1,158,Specialized,16,77,11300000,57,Series C,17000000,Prototype,"['ISO 27001', 'None']",2,6,4,True,True,High,Regional,Bengaluru,['Maharashtra'],Pan India,10,Basic,8x5,Complete,strong_sector_weak_scale
30aac680-7135-465c-883c-7eda5f4086d9,Krishnamurthy LLC,"Renewable Energy startup focusing on Smart Grids, Predictive Analytics","We build Smart Grids, Predictive Analytics systems for renewable energy applications, delivering scalable solutions and intelligent integration.",Renewable Energy,"['Cybersecurity', 'Tourism']","['Smart Grids', 'Predictive Analytics']","['AI', 'Mobile Tech']",2,0,8,Specialized,24,37,16700000,78,Bootstrapped,9000000,Early Revenue,['SOC 2'],2,6,14,True,False,Low,Regional,Nashik,"['Delhi', 'Kerala', 'West Bengal', 'UP']",Delhi,2,Basic,Community,Complete,multi_sector
423a7295-8477-4e00-bc04-b034e28e3e57,"Shroff, Ray and Ramachandran","FinTech startup focusing on AI, Fraud Detection, NLP","We build AI, Fraud Detection, NLP systems for fintech applications, delivering scalable solutions and intelligent integration.",FinTech,"['Skill Development', 'Public Safety']","['AI', 'Fraud Detection', 'NLP']","['NLP', 'Computer Vision']",2,1,44,Specialized,12,85,23000000,41,Series B,12000000,MVP,"['SOC 2', 'CMMI']",2,3,3,False,False,Low,Regional,Surat,['Telangana'],Pan India,8,Advanced,8x5,Complete,excellent_tech_low_exp
5f468b14-3659-4c22-92d6-5ffababeb645,Borra-Mital,Rural Development startup focusing on Renewable Tech,"We build Renewable Tech systems for rural development applications, delivering scalable solutions and intelligent integration.",Rural Development,[],['Renewable Tech'],[],13,10,36,Average,25,46,15100000,32,Series A,2000000,Growth,['ISO 27001'],0,19,14,True,True,Medium,National,Noida,"['UP', 'Tamil Nadu', 'Delhi']",Pan India,6,Basic,8x5,Complete,strong_sector_weak_scale
153e953c-4f64-4b8c-bf44-e8e35bc42754,Dhingra Group,Transportation startup focusing on IoT,An innovative startup leveraging IoT to revolutionize transportation operations.,Transportation,"['Infrastructure', 'Skill Development']",['IoT'],"['NLP', 'Sensors']",10,8,4,Specialized,18,73,44600000,23,Series A,14000000,Prototype,['None'],1,0,13,True,True,High,Local,Indore,"['Kerala', 'Tamil Nadu', 'Gujarat', 'UP']",Pan India,10,Basic,8x5,Complete,established_weak_relevance
d3fd62cb-1639-41d6-85e2-1a58de1feece,Menon Group,"Logistics startup focusing on Blockchain, IoT","We build Blockchain, IoT systems for logistics applications, delivering scalable solutions and intelligent integration.",Logistics,['Environment'],"['Blockchain', 'IoT']",['IoT'],2,2,187,Average,10,86,6900000,72,Seed,0,Growth,['ISO 27001'],3,8,1,True,False,Low,National,Chandigarh,['UP'],Pan India,9,Advanced,24x7,Complete,highly_specialized
3e0d5083-c6a7-43e7-a197-a0a8dcb911f1,"Ramanathan, Chaudhry and Madan",FinTech startup focusing on NLP,"We build NLP systems for fintech applications, delivering scalable solutions and intelligent integration.",FinTech,"['Renewable Energy', 'Skill Development']",['NLP'],"['Recommendation Systems', 'Smart Grids']",8,0,109,Average,14,62,30900000,11,Series B,0,MVP,['CMMI'],1,11,8,True,True,Low,Local,Chennai,['Telangana'],Pan India,10,Basic,Community,Complete,excellent_tech_excellent_exp
aa86e1ad-821c-4ef4-9602-ffe45806e3fe,Dalal Group,FinTech startup focusing on Blockchain,"We build Blockchain systems for fintech applications, delivering scalable solutions and intelligent integration.",FinTech,['Rural Development'],['Blockchain'],['Data Analytics'],13,4,64,Specialized,16,40,35300000,44,Series A,11000000,MVP,['ISO 27001'],4,15,9,True,True,Low,National,Delhi,"['Tamil Nadu', 'West Bengal']",Bengaluru,3,Comprehensive,24x7,Complete,highly_specialized
2f52a486-b56b-4870-9a0a-bc3ae2fb38b3,"Gandhi, Warrior and Comar",Environment startup focusing on Data Analytics,"Gandhi, Warrior and Comar specializes in Data Analytics combined with innovative software to solve environment challenges.",Environment,"['Governance', 'Transportation']",['Data Analytics'],"['Route Optimization', 'Machine Learning']",8,4,4,Average,11,36,42600000,37,Series C,19000000,Prototype,['SOC 2'],2,12,13,True,True,Low,National,Bhopal,"['Karnataka', 'West Bengal']",Pan India,9,Advanced,24x7,Complete,strong_tech_geo_mismatch
2bd93eca-d62f-4e32-86d9-a5028763672f,"Tandon, Chaudhary and Aggarwal",Defence startup focusing on Computer Vision,We provide end-to-end defence services powered by Computer Vision and a strong team of experts.,Defence,[],['Computer Vision'],[],9,7,156,Specialized,9,30,18400000,35,Series A,14000000,Growth,"['ISO 27001', 'CMMI']",0,15,7,True,True,Low,Regional,Patna,['Karnataka'],Pan India,10,Advanced,8x5,Complete,high_exp_weak_tech
de301a37-7a34-4d76-bee6-638b7098535f,Lal Inc,"Transportation startup focusing on Predictive Maintenance, Route Optimization, Computer Vision","We provide end-to-end transportation services powered by Predictive Maintenance, Route Optimization, Computer Vision and a strong team of experts.",Transportation,[],"['Predictive Maintenance', 'Route Optimization', 'Computer Vision']",[],2,0,147,Strong,22,54,38000000,75,Series B,4000000,MVP,['ISO 27001'],2,10,8,False,True,Medium,Local,Patna,"['UP', 'Maharashtra']",Pan India,8,Advanced,24x7,Complete,excellent_tech_excellent_exp
9ce1d0f1-07f1-4073-868d-c1c01e668749,Venkatesh-De,Renewable Energy startup focusing on IoT,Venkatesh-De specializes in IoT combined with innovative software to solve renewable energy challenges.,Renewable Energy,['Healthcare'],['IoT'],['Data Analytics'],8,8,4,Specialized,16,78,17500000,33,Bootstrapped,4000000,Prototype,"['None', 'CMMI']",3,15,5,True,True,Medium,National,Bengaluru,"['Telangana', 'Kerala']",Nagpur,6,Basic,8x5,Complete,established_weak_relevance
e6271fd7-d40e-446d-afb7-8b7a3998382b,"Konda, Dhawan and Guha",Cybersecurity startup focusing on Cryptography,An innovative startup leveraging Cryptography to revolutionize cybersecurity operations.,Cybersecurity,['Governance'],['Cryptography'],['Data Analytics'],2,2,11,Strong,14,32,29900000,79,Seed,3000000,Prototype,['None'],4,18,2,True,False,High,Regional,Visakhapatnam,"['UP', 'Kerala', 'Telangana']",Bhubaneswar,9,Comprehensive,24x7,Complete,early_stage_excellent_prototype
3cf76716-33da-437c-8482-a14d021eaf9d,"Chaudry, Chauhan and Upadhyay","Cybersecurity startup focusing on Cryptography, Threat Detection","Chaudry, Chauhan and Upadhyay specializes in Cryptography, Threat Detection combined with innovative software to solve cybersecurity challenges.",Cybersecurity,[],"['Cryptography', 'Threat Detection']",[],15,0,43,Average,25,65,13200000,13,Bootstrapped,18000000,Prototype,['CMMI'],2,19,4,True,True,Low,Regional,Ahmedabad,['Karnataka'],Pan India,7,Comprehensive,Community,Complete,highly_specialized
288c450e-a93a-4e93-9f2e-e89d13e0d96c,Bali Ltd,"Cybersecurity startup focusing on Network Security, AI","We build Network Security, AI systems for cybersecurity applications, delivering scalable solutions and intelligent integration.",Cybersecurity,[],"['Network Security', 'AI']",[],9,4,37,Strong,25,56,25800000,30,Series A,8000000,Growth,['SOC 2'],5,0,5,True,True,Low,Local,Noida,"['Telangana', 'Karnataka', 'UP', 'Kerala']",Pan India,4,Basic,8x5,Complete,excellent_tech_excellent_exp
7d24708a-0149-4635-8051-95bbae410acb,"Char, Rau and Lala","Smart City startup focusing on Data Analytics, Computer Vision, IoT","We build Data Analytics, Computer Vision, IoT systems for smart city applications, delivering scalable solutions and intelligent integration.",Smart City,[],"['Data Analytics', 'Computer Vision', 'IoT']",[],3,0,111,Strong,11,37,100000,76,Series B,0,Prototype,['CMMI'],4,20,4,True,True,Low,National,Bhubaneswar,"['West Bengal', 'UP']",Pan India,7,Basic,Community,Complete,excellent_tech_low_exp
f7333188-8cb4-477e-a9c7-3ce3c15c5d05,"Varkey, Sinha and Chahal",Waste Management startup focusing on Route Optimization,An innovative startup leveraging Route Optimization to revolutionize waste management operations.,Waste Management,['Infrastructure'],['Route Optimization'],['Sensors'],5,3,5,Specialized,12,45,41700000,75,Series B,3000000,Prototype,['CMMI'],0,3,2,True,True,Medium,Local,Surat,"['Tamil Nadu', 'Gujarat', 'UP']",Delhi,3,Basic,8x5,Incomplete,incomplete_eligibility
e162161c-450b-4850-93f3-816f8b6976e8,Sunder PLC,"Environment startup focusing on Data Analytics, Satellite Imaging","An innovative startup leveraging Data Analytics, Satellite Imaging to revolutionize environment operations.",Environment,"['Smart City', 'Agriculture']","['Data Analytics', 'Satellite Imaging']","['IoT', 'Satellite Imaging']",7,6,38,Specialized,15,85,31000000,42,Series B,13000000,Growth,['ISO 27001'],0,1,4,True,True,Medium,National,Coimbatore,['Telangana'],Pan India,12,Comprehensive,8x5,Incomplete,incomplete_eligibility
4056936e-5eed-4b81-be20-2cd91a3e8f75,Bajwa Inc,"Cybersecurity startup focusing on Blockchain, AI","We provide end-to-end cybersecurity services powered by Blockchain, AI and a strong team of experts.",Cybersecurity,"['Renewable Energy', 'Logistics']","['Blockchain', 'AI']","['IoT', 'Predictive Analytics']",15,12,12,Average,20,87,45400000,18,Seed,14000000,MVP,"['SOC 2', 'CMMI']",2,5,7,True,True,Medium,Regional,Bengaluru,['Tamil Nadu'],Pan India,10,Basic,Community,Complete,multi_sector
753a3fe2-8d72-4b6a-b778-2137ac19d812,Pai-Tata,"Cybersecurity startup focusing on Threat Detection, Cryptography, Blockchain","Pai-Tata specializes in Threat Detection, Cryptography, Blockchain combined with innovative software to solve cybersecurity challenges.",Cybersecurity,"['Waste Management', 'Education']","['Threat Detection', 'Cryptography', 'Blockchain']","['Machine Learning', 'Sensors']",6,4,2,Strong,7,46,3100000,69,Series B,13000000,Prototype,['ISO 27001'],1,17,7,True,True,High,Local,Kochi,['Karnataka'],Pan India,4,Basic,Community,Complete,excellent_tech_excellent_exp
35e852d4-e5c6-4e03-bb27-4d38c6e63f8f,"Saxena, Luthra and Banik","Governance startup focusing on NLP, OCR","An innovative startup leveraging NLP, OCR to revolutionize governance operations.",Governance,[],"['NLP', 'OCR']",[],14,13,33,Average,25,32,11400000,43,Series A,20000000,MVP,['CMMI'],3,7,9,True,True,Medium,Local,Hyderabad,['Gujarat'],Pan India,6,Advanced,Community,Complete,established_weak_relevance
484613db-2f55-4eb7-b77a-f5c9d7d3c7c0,Nigam Inc,Transportation startup focusing on Computer Vision,Nigam Inc specializes in Computer Vision combined with innovative software to solve transportation challenges.,Transportation,"['Water Management', 'Disaster Management']",['Computer Vision'],"['Drones', 'Predictive Analytics']",10,9,154,Average,15,55,38700000,22,Series B,0,Mature,"['CMMI', 'None']",3,11,12,True,True,Low,Local,Chennai,['West Bengal'],Indore,9,Advanced,Community,Complete,high_exp_weak_tech
a08435fc-09ec-4394-ba75-f93132c67436,Dube Ltd,Water Management startup focusing on Predictive Analytics,An innovative startup leveraging Predictive Analytics to revolutionize water management operations.,Water Management,['Rural Development'],['Predictive Analytics'],['IoT'],3,1,10,Strong,7,45,25600000,71,Series A,8000000,MVP,"['ISO 27001', 'SOC 2']",5,13,12,True,True,Low,Local,Mumbai,"['Kerala', 'Tamil Nadu', 'West Bengal']",Coimbatore,3,Advanced,24x7,Complete,excellent_tech_low_exp
dcede4c3-0052-4b05-844d-c1bbad8a3818,Bajwa Group,Tourism startup focusing on Recommendation Systems,"We build Recommendation Systems systems for tourism applications, delivering scalable solutions and intelligent integration.",Tourism,[],['Recommendation Systems'],[],3,1,6,Specialized,7,59,39600000,35,Seed,0,Growth,['None'],1,10,9,True,True,High,Local,Chandigarh,"['Kerala', 'Karnataka', 'Delhi']",Bhopal,1,Advanced,8x5,Complete,excellent_tech_low_exp
b8a2512c-03bf-4ad1-b4fe-160238438be8,Rana-Keer,Education startup focusing on NLP,"We build NLP systems for education applications, delivering scalable solutions and intelligent integration.",Education,[],['NLP'],[],11,11,6,Average,20,77,6000000,61,Series C,13000000,Prototype,['CMMI'],1,3,12,True,True,Low,Local,Noida,"['Karnataka', 'Delhi']",Hyderabad,9,Comprehensive,Community,Complete,high_exp_weak_tech
18918191-5d26-4855-9c9c-c49f3677c325,"Sant, Kalla and Sathe",Skill Development startup focusing on VR/AR,"Sant, Kalla and Sathe specializes in VR/AR combined with innovative software to solve skill development challenges.",Skill Development,[],['VR/AR'],[],13,4,10,Strong,25,74,41600000,24,Series B,3000000,Mature,"['CMMI', 'ISO 27001']",5,3,12,True,True,Low,Regional,Surat,['UP'],Pan India,10,Comprehensive,24x7,Complete,highly_specialized
8ba33df4-1358-4166-a207-25c1384a9e11,Pandey-Doshi,Rural Development startup focusing on IoT,We provide end-to-end rural development services powered by IoT and a strong team of experts.,Rural Development,"['Waste Management', 'FinTech']",['IoT'],"['AI', 'IoT']",1,1,5,Specialized,24,30,47200000,31,Series B,4000000,Growth,['SOC 2'],3,3,13,True,False,Low,National,Nashik,['West Bengal'],Pan India,4,Comprehensive,Community,Complete,excellent_tech_low_exp
348eac6a-7bf5-47a3-89ae-536fd925fa35,"Grover, Chacko and Bobal","Tourism startup focusing on Recommendation Systems, VR/AR","We build Recommendation Systems, VR/AR systems for tourism applications, delivering scalable solutions and intelligent integration.",Tourism,"['Public Safety', 'Environment']","['Recommendation Systems', 'VR/AR']","['IoT', 'Satellite Imaging']",6,6,12,Strong,15,65,44200000,23,Bootstrapped,17000000,Early Revenue,"['CMMI', 'None']",0,0,5,True,True,High,Regional,Surat,"['Delhi', 'Telangana', 'Maharashtra']",Pan India,3,Basic,24x7,Complete,multi_sector
8642f5fb-b16b-47f2-9f5d-9f0c7f432cc3,Biswas-Taneja,"Tourism startup focusing on Recommendation Systems, Mobile Tech","We provide end-to-end tourism services powered by Recommendation Systems, Mobile Tech and a strong team of experts.",Tourism,[],"['Recommendation Systems', 'Mobile Tech']",[],6,6,151,Specialized,17,34,1000000,59,Series B,19000000,Prototype,['None'],5,4,2,True,True,Medium,Local,Coimbatore,['Kerala'],Pan India,7,Basic,8x5,Complete,highly_specialized
7d50d587-2b94-4a2c-8fda-2e31be556ea9,"Morar, Brahmbhatt and Bassi",Disaster Management startup focusing on Predictive Analytics,"Morar, Brahmbhatt and Bassi specializes in Predictive Analytics combined with innovative software to solve disaster management challenges.",Disaster Management,[],['Predictive Analytics'],[],6,0,26,Specialized,10,48,35900000,24,Series C,9000000,Mature,['SOC 2'],0,0,9,True,True,Low,National,Indore,['Karnataka'],Pan India,1,Basic,8x5,Complete,strong_sector_weak_scale
3d6bbe90-74dd-42f3-b41d-7db1811cd3e7,"Rau, Venkatesh and Soman","FinTech startup focusing on NLP, Data Analytics","Rau, Venkatesh and Soman specializes in NLP, Data Analytics combined with innovative software to solve fintech challenges.",FinTech,[],"['NLP', 'Data Analytics']",[],13,12,34,Average,21,35,11800000,52,Bootstrapped,0,Early Revenue,['ISO 27001'],2,15,13,True,True,Medium,Local,Bhubaneswar,"['Maharashtra', 'Gujarat', 'Delhi', 'UP']",Kolkata,6,Comprehensive,8x5,Complete,strong_sector_weak_scale
b18dfa03-6cd3-447d-8ee6-923134243ed2,"Bedi, Narasimhan and Banerjee","Cybersecurity startup focusing on AI, Threat Detection","We build AI, Threat Detection systems for cybersecurity applications, delivering scalable solutions and intelligent integration.",Cybersecurity,"['Agriculture', 'Rural Development']","['AI', 'Threat Detection']","['Mobile Tech', 'IoT']",2,2,42,Specialized,21,59,7900000,58,Seed,7000000,Growth,['SOC 2'],2,9,13,False,False,Medium,Regional,Kochi,"['Karnataka', 'Gujarat']",Mumbai,2,Basic,24x7,Complete,early_stage_excellent_prototype
fa832f1e-a2ab-46eb-b9d1-5bd90c5c29ec,Ahluwalia Group,"Transportation startup focusing on Predictive Maintenance, Route Optimization, IoT","We provide end-to-end transportation services powered by Predictive Maintenance, Route Optimization, IoT and a strong team of experts.",Transportation,[],"['Predictive Maintenance', 'Route Optimization', 'IoT']",[],7,4,44,Average,16,44,11000000,22,Series C,0,MVP,"['None', 'ISO 27001']",2,16,10,True,True,High,Regional,Surat,"['Kerala', 'Karnataka']",Pan India,6,Advanced,24x7,Complete,excellent_tech_excellent_exp
e0f3b67e-f05a-4fbd-8847-4d939cfc0243,Kannan-Oza,"Logistics startup focusing on IoT, Blockchain","We provide end-to-end logistics services powered by IoT, Blockchain and a strong team of experts.",Logistics,['Cybersecurity'],"['IoT', 'Blockchain']",['Blockchain'],14,4,38,Specialized,20,73,6900000,11,Seed,4000000,Growth,['SOC 2'],2,6,12,True,True,Medium,Regional,Nashik,"['Gujarat', 'Telangana']",Noida,12,Comprehensive,24x7,Complete,strong_tech_geo_mismatch
8be9bc11-2473-4e75-8faa-c23e82d8e85c,"Balan, Baral and Raman","Skill Development startup focusing on VR/AR, NLP","An innovative startup leveraging VR/AR, NLP to revolutionize skill development operations.",Skill Development,[],"['VR/AR', 'NLP']",[],9,8,8,Strong,17,30,35500000,52,Series A,0,Mature,['CMMI'],1,18,13,True,True,High,Local,Jaipur,"['Kerala', 'Tamil Nadu', 'UP', 'Karnataka']",Pan India,11,Comprehensive,Community,Complete,excellent_tech_excellent_exp
f475a229-9491-4b84-bc2a-f0be513c3ea7,Kar Inc,Waste Management startup focusing on Route Optimization,An innovative startup leveraging Route Optimization to revolutionize waste management operations.,Waste Management,['Rural Development'],['Route Optimization'],['Renewable Tech'],3,0,26,Strong,8,60,12300000,77,Seed,12000000,MVP,"['SOC 2', 'ISO 27001']",0,5,5,True,True,Medium,Local,Hyderabad,['West Bengal'],Lucknow,7,Comprehensive,8x5,Complete,excellent_tech_low_exp
7feb0620-8250-413c-b61a-1d227d9ff2fb,Issac Inc,"Disaster Management startup focusing on Predictive Analytics, Satellite Imaging","We provide end-to-end disaster management services powered by Predictive Analytics, Satellite Imaging and a strong team of experts.",Disaster Management,[],"['Predictive Analytics', 'Satellite Imaging']",[],2,1,49,Specialized,19,44,42800000,80,Bootstrapped,11000000,MVP,['CMMI'],4,0,6,True,True,Low,Local,Coimbatore,"['UP', 'Karnataka', 'West Bengal', 'Telangana']",New Delhi,5,Advanced,8x5,Complete,excellent_tech_low_exp
58d0ae45-da21-4c24-921f-2a286efe480d,Chad-Sibal,Healthcare startup focusing on Medical AI,An innovative startup leveraging Medical AI to revolutionize healthcare operations.,Healthcare,['Infrastructure'],['Medical AI'],['Sensors'],8,0,5,Specialized,8,90,45400000,15,Bootstrapped,9000000,Mature,['SOC 2'],1,13,14,True,True,Low,Regional,Chennai,"['Delhi', 'Maharashtra', 'Kerala', 'UP']",New Delhi,8,Advanced,8x5,Complete,highly_specialized
07afbf03-2e55-456a-98f5-deea347b37ca,Dube-Brar,"Infrastructure startup focusing on IoT, Computer Vision, Predictive Maintenance","Dube-Brar specializes in IoT, Computer Vision, Predictive Maintenance combined with innovative software to solve infrastructure challenges.",Infrastructure,[],"['IoT', 'Computer Vision', 'Predictive Maintenance']",[],2,2,7,Strong,16,74,5500000,38,Seed,15000000,MVP,['SOC 2'],4,3,12,True,False,High,Local,Ahmedabad,"['Karnataka', 'Telangana', 'Kerala', 'Delhi']",Nashik,8,Advanced,Community,Complete,early_stage_excellent_prototype
5fc0e4a5-6e9f-4e81-90a0-d80d7af0ea12,Bawa Inc,"Waste Management startup focusing on Sensors, Computer Vision","We build Sensors, Computer Vision systems for waste management applications, delivering scalable solutions and intelligent integration.",Waste Management,[],"['Sensors', 'Computer Vision']",[],11,4,23,Average,22,30,31900000,57,Series C,17000000,Growth,"['ISO 27001', 'SOC 2']",5,15,11,True,True,Medium,Local,New Delhi,['UP'],Pan India,10,Basic,Community,Complete,strong_tech_geo_mismatch
65150ab9-7f98-4361-b707-0cfcc4b01eb7,Madan Inc,Healthcare startup focusing on Medical AI,Madan Inc specializes in Medical AI combined with innovative software to solve healthcare challenges.,Healthcare,[],['Medical AI'],[],15,11,25,Strong,17,52,27700000,14,Seed,7000000,MVP,['ISO 27001'],1,7,11,True,True,Low,Local,Delhi,"['Gujarat', 'UP', 'Kerala']",Pan India,10,Comprehensive,8x5,Complete,strong_tech_geo_mismatch
ba2a3d06-e7ab-4fb4-ae67-afda0beba1d1,"Shukla, Biswas and Prakash","Waste Management startup focusing on IoT, Route Optimization, Sensors","Shukla, Biswas and Prakash specializes in IoT, Route Optimization, Sensors combined with innovative software to solve waste management challenges.",Waste Management,[],"['IoT', 'Route Optimization', 'Sensors']",[],10,8,122,Strong,15,48,31900000,34,Seed,12000000,MVP,"['SOC 2', 'ISO 27001']",4,0,11,True,True,High,National,Coimbatore,"['Maharashtra', 'Telangana']",Chennai,2,Basic,Community,Complete,strong_sector_weak_scale
a306967b-af2e-4179-b22b-cf1619e3fceb,Munshi LLC,"Healthcare startup focusing on Wearables, Data Analytics, NLP","We provide end-to-end healthcare services powered by Wearables, Data Analytics, NLP and a strong team of experts.",Healthcare,['Waste Management'],"['Wearables', 'Data Analytics', 'NLP']",['Sensors'],1,0,25,Average,19,53,3800000,71,Series A,5000000,Prototype,['CMMI'],1,19,8,True,True,Medium,Regional,Guwahati,['Telangana'],New Delhi,8,Basic,Community,Complete,strong_sector_weak_scale
0ab0719c-2441-441f-9f4c-7f447e45109e,"Mital, Panchal and Khosla","Renewable Energy startup focusing on Smart Grids, Predictive Analytics","We provide end-to-end renewable energy services powered by Smart Grids, Predictive Analytics and a strong team of experts.",Renewable Energy,[],"['Smart Grids', 'Predictive Analytics']",[],1,1,37,Average,13,36,34100000,75,Seed,0,Mature,"['ISO 27001', 'SOC 2']",1,0,0,True,False,Medium,Local,Chennai,['Delhi'],Pan India,2,Advanced,Community,Complete,early_stage_excellent_prototype
2a4d7651-ce01-447c-8b13-4e9bf699a24e,Arora Ltd,Renewable Energy startup focusing on Smart Grids,We provide end-to-end renewable energy services powered by Smart Grids and a strong team of experts.,Renewable Energy,['FinTech'],['Smart Grids'],['Blockchain'],2,0,198,Average,20,59,34100000,16,Seed,8000000,Growth,['None'],5,8,4,True,True,High,National,Gurugram,"['Gujarat', 'Maharashtra', 'Tamil Nadu']",Pan India,5,Comprehensive,24x7,Complete,excellent_tech_low_exp
1e980e07-aa1b-4b6b-b622-2b882773afc3,Tripathi Ltd,"Disaster Management startup focusing on IoT, Drones","An innovative startup leveraging IoT, Drones to revolutionize disaster management operations.",Disaster Management,[],"['IoT', 'Drones']",[],7,3,93,Strong,18,85,28500000,65,Series C,1000000,MVP,"['CMMI', 'None']",4,9,13,True,True,Medium,Local,Chandigarh,"['UP', 'Gujarat', 'West Bengal']",Pan India,12,Comprehensive,8x5,Incomplete,incomplete_eligibility
21b2ea32-05d5-4b97-9c8c-e5459dfbc9ac,Mohan-Malhotra,Waste Management startup focusing on Route Optimization,An innovative startup leveraging Route Optimization to revolutionize waste management operations.,Waste Management,"['Governance', 'Disaster Management']",['Route Optimization'],"['Satellite Imaging', 'OCR']",12,8,6,Average,15,85,39800000,31,Series A,11000000,Prototype,"['SOC 2', 'None']",1,5,5,True,True,Medium,Local,Visakhapatnam,['UP'],New Delhi,12,Comprehensive,Community,Incomplete,incomplete_eligibility
7c82b848-b1c1-42fe-82f4-f26f7a0454a0,Sarkar PLC,"Public Safety startup focusing on Biometrics, Computer Vision","Sarkar PLC specializes in Biometrics, Computer Vision combined with innovative software to solve public safety challenges.",Public Safety,[],"['Biometrics', 'Computer Vision']",[],9,6,5,Strong,17,35,4600000,31,Series A,18000000,Mature,['ISO 27001'],0,19,13,True,True,Medium,Local,Nashik,"['Karnataka', 'Telangana', 'Delhi', 'Kerala']",Bengaluru,6,Basic,Community,Complete,excellent_tech_excellent_exp
a9525120-3cb0-4a0e-8395-5ba9bdc2bc57,Parikh LLC,FinTech startup focusing on Blockchain,Parikh LLC specializes in Blockchain combined with innovative software to solve fintech challenges.,FinTech,['Transportation'],['Blockchain'],['Predictive Maintenance'],1,0,109,Average,25,42,29400000,38,Series C,19000000,MVP,['SOC 2'],2,14,2,True,True,Medium,Local,Nashik,['Kerala'],Pan India,8,Advanced,Community,Complete,excellent_tech_low_exp
a6bd948c-c029-458a-ace2-6f147d4fa1a9,"Banerjee, Mohan and Morar","Healthcare startup focusing on Wearables, Medical AI","An innovative startup leveraging Wearables, Medical AI to revolutionize healthcare operations.",Healthcare,['Public Safety'],"['Wearables', 'Medical AI']",['Biometrics'],12,12,2,Strong,12,66,36200000,77,Series A,7000000,Growth,['SOC 2'],2,13,2,True,True,Medium,Regional,Surat,"['Delhi', 'Maharashtra']",Pan India,7,Basic,8x5,Complete,established_weak_relevance
9ccdbac7-cc55-4d76-9255-805392c7e10d,Palla-Mand,"Skill Development startup focusing on VR/AR, NLP, Machine Learning","We provide end-to-end skill development services powered by VR/AR, NLP, Machine Learning and a strong team of experts.",Skill Development,['Water Management'],"['VR/AR', 'NLP', 'Machine Learning']",['Predictive Analytics'],3,0,32,Average,24,87,23500000,32,Series B,16000000,Early Revenue,"['CMMI', 'ISO 27001']",3,6,8,True,False,Low,National,Pune,"['Kerala', 'Maharashtra', 'Delhi']",Jaipur,2,Comprehensive,Community,Complete,excellent_tech_low_exp
b0730ad7-170c-4a71-8881-7b35c403dac5,Ben PLC,Rural Development startup focusing on Renewable Tech,We provide end-to-end rural development services powered by Renewable Tech and a strong team of experts.,Rural Development,[],['Renewable Tech'],[],8,8,126,Average,16,79,14600000,38,Series A,2000000,Growth,['SOC 2'],2,11,13,True,True,Medium,Local,Chandigarh,"['Tamil Nadu', 'West Bengal', 'UP', 'Karnataka']",New Delhi,5,Comprehensive,24x7,Complete,high_exp_weak_tech
d2df2c8e-ecc2-486e-adb0-3564d7610378,Mody-Lata,"Renewable Energy startup focusing on Predictive Analytics, IoT","An innovative startup leveraging Predictive Analytics, IoT to revolutionize renewable energy operations.",Renewable Energy,['Cybersecurity'],"['Predictive Analytics', 'IoT']",['Cryptography'],3,1,10,Strong,19,85,49000000,10,Series A,20000000,Early Revenue,"['None', 'ISO 27001']",0,12,8,True,True,Medium,National,Guwahati,['Karnataka'],Pan India,8,Comprehensive,8x5,Complete,excellent_tech_excellent_exp
513c18d6-7397-4023-969f-ee0c02a36338,Kohli LLC,"Environment startup focusing on Satellite Imaging, IoT","We build Satellite Imaging, IoT systems for environment applications, delivering scalable solutions and intelligent integration.",Environment,"['Governance', 'Healthcare']","['Satellite Imaging', 'IoT']","['Medical AI', 'Blockchain']",5,1,42,Average,17,35,10800000,68,Series C,14000000,Early Revenue,"['None', 'SOC 2']",3,4,12,True,True,Low,Regional,Kolkata,['Gujarat'],Surat,12,Basic,Community,Complete,strong_tech_geo_mismatch
d14607ea-db9d-42d8-a062-400df7a1ff84,Parmer-Bal,FinTech startup focusing on Blockchain,We provide end-to-end fintech services powered by Blockchain and a strong team of experts.,FinTech,"['Skill Development', 'Tourism']",['Blockchain'],"['NLP', 'Recommendation Systems']",1,1,10,Strong,10,45,35700000,68,Series A,13000000,Growth,['None'],0,7,7,False,False,Medium,National,Chandigarh,"['Delhi', 'Karnataka']",Bhopal,11,Advanced,Community,Complete,early_stage_excellent_prototype
58cc320a-34e0-4572-95c8-a22a49b3d310,Pandya Inc,"Transportation startup focusing on Predictive Maintenance, Computer Vision","An innovative startup leveraging Predictive Maintenance, Computer Vision to revolutionize transportation operations.",Transportation,[],"['Predictive Maintenance', 'Computer Vision']",[],14,13,96,Strong,23,31,45400000,70,Series C,14000000,Mature,"['None', 'ISO 27001']",4,10,1,True,True,Medium,Regional,Visakhapatnam,"['Kerala', 'Delhi']",Pan India,12,Comprehensive,Community,Complete,high_exp_weak_tech
4636b828-6961-40c3-abce-016e73bddd73,"Dhawan, Issac and Prakash",Skill Development startup focusing on Machine Learning,We provide end-to-end skill development services powered by Machine Learning and a strong team of experts.,Skill Development,"['Disaster Management', 'Public Safety']",['Machine Learning'],"['Computer Vision', 'Drones']",3,1,6,Specialized,5,64,3000000,43,Series B,14000000,Prototype,"['CMMI', 'ISO 27001']",1,1,2,True,False,Low,National,Surat,['West Bengal'],Pan India,9,Comprehensive,8x5,Complete,excellent_tech_low_exp
ae143a37-713e-4539-9945-c48382751803,"Keer, Jayaraman and Lalla",Tourism startup focusing on NLP,An innovative startup leveraging NLP to revolutionize tourism operations.,Tourism,"['Defence', 'Disaster Management']",['NLP'],"['AI', 'Drones']",15,6,39,Specialized,19,40,27300000,64,Series B,18000000,Early Revenue,['ISO 27001'],1,18,7,True,True,Low,National,Visakhapatnam,"['Gujarat', 'Tamil Nadu']",Pan India,2,Advanced,24x7,Complete,excellent_tech_excellent_exp
0eeb7e41-6c84-46a3-aa5b-cc118323a4d0,Sane-Banerjee,Tourism startup focusing on Recommendation Systems,Sane-Banerjee specializes in Recommendation Systems combined with innovative software to solve tourism challenges.,Tourism,"['Governance', 'Rural Development']",['Recommendation Systems'],"['Mobile Tech', 'Data Analytics']",2,2,7,Average,9,65,18800000,43,Series C,8000000,MVP,['SOC 2'],5,2,14,True,False,Medium,National,Bengaluru,"['Kerala', 'Tamil Nadu', 'Gujarat', 'Maharashtra']",Pan India,6,Comprehensive,Community,Complete,excellent_tech_excellent_exp
56b05183-3e99-48de-9385-7ebbdb207a4e,Gole Group,Tourism startup focusing on Recommendation Systems,"We build Recommendation Systems systems for tourism applications, delivering scalable solutions and intelligent integration.",Tourism,[],['Recommendation Systems'],[],11,4,42,Strong,18,33,10200000,67,Series C,4000000,Growth,"['ISO 27001', 'SOC 2']",0,6,0,True,True,High,National,Kolkata,['UP'],Pan India,8,Basic,24x7,Complete,excellent_tech_excellent_exp
c2b4858b-8e23-4335-becb-9d4c773d2fa4,Thaker-Gaba,"Cybersecurity startup focusing on Network Security, AI, Blockchain","Thaker-Gaba specializes in Network Security, AI, Blockchain combined with innovative software to solve cybersecurity challenges.",Cybersecurity,"['Defence', 'Governance']","['Network Security', 'AI', 'Blockchain']","['Robotics', 'Machine Learning']",13,0,87,Specialized,23,59,33700000,53,Series A,2000000,Prototype,"['ISO 27001', 'SOC 2']",4,3,12,True,True,Low,Local,Bhubaneswar,"['Kerala', 'Telangana', 'Karnataka', 'Tamil Nadu']",Pan India,1,Basic,Community,Complete,multi_sector
3b366b4d-1b26-40b0-95a5-22e9eb7ae9b1,Subramanian-Toor,"Education startup focusing on VR/AR, Recommendation Systems, NLP","We build VR/AR, Recommendation Systems, NLP systems for education applications, delivering scalable solutions and intelligent integration.",Education,['Healthcare'],"['VR/AR', 'Recommendation Systems', 'NLP']",['Data Analytics'],12,11,147,Strong,14,30,26700000,72,Series A,4000000,Early Revenue,['None'],1,13,0,True,True,High,Local,Delhi,"['West Bengal', 'Gujarat']",Pan India,3,Comprehensive,24x7,Complete,high_exp_weak_tech
47756d50-4ff4-47fc-bbfb-1f45e0fd4616,Vasa Inc,"Tourism startup focusing on VR/AR, Recommendation Systems, NLP","Vasa Inc specializes in VR/AR, Recommendation Systems, NLP combined with innovative software to solve tourism challenges.",Tourism,['Public Safety'],"['VR/AR', 'Recommendation Systems', 'NLP']",['Biometrics'],12,12,25,Specialized,24,57,18000000,55,Series A,16000000,Prototype,"['None', 'SOC 2']",5,0,7,True,True,Medium,National,Chennai,"['Maharashtra', 'Gujarat']",Nashik,8,Basic,Community,Complete,high_exp_weak_tech
590aad35-b8e6-406e-ac79-7b23a34d58ca,Lall-Lall,"FinTech startup focusing on AI, Fraud Detection","We provide end-to-end fintech services powered by AI, Fraud Detection and a strong team of experts.",FinTech,['Public Safety'],"['AI', 'Fraud Detection']",['IoT'],4,3,34,Average,22,34,39700000,77,Seed,11000000,Mature,"['CMMI', 'None']",1,4,1,True,False,Low,National,Chandigarh,"['Telangana', 'UP', 'Delhi', 'Tamil Nadu']",Pan India,1,Advanced,24x7,Incomplete,incomplete_eligibility
d32a666e-cd1a-493f-933b-c0e96965826b,Butala Group,"Public Safety startup focusing on Biometrics, Computer Vision","Butala Group specializes in Biometrics, Computer Vision combined with innovative software to solve public safety challenges.",Public Safety,[],"['Biometrics', 'Computer Vision']",[],4,2,89,Strong,14,78,40500000,80,Series C,15000000,Growth,"['CMMI', 'SOC 2']",4,5,11,True,False,Low,Regional,Hyderabad,"['Tamil Nadu', 'Telangana']",Pune,10,Basic,8x5,Incomplete,incomplete_eligibility
f0e1ff46-d499-4834-95af-ad652df57be8,"Dutta, Basu and Aurora","Waste Management startup focusing on Sensors, Computer Vision, IoT","We provide end-to-end waste management services powered by Sensors, Computer Vision, IoT and a strong team of experts.",Waste Management,[],"['Sensors', 'Computer Vision', 'IoT']",[],2,1,8,Strong,21,76,2500000,69,Bootstrapped,9000000,MVP,['None'],5,18,2,True,False,Low,Local,Noida,"['Gujarat', 'Telangana', 'UP', 'Tamil Nadu']",Pan India,1,Comprehensive,Community,Complete,excellent_tech_low_exp
a29d2d1c-eca3-4f0b-b2df-2984dc701f4d,Dutt-Sama,"Infrastructure startup focusing on Sensors, IoT, Predictive Maintenance","An innovative startup leveraging Sensors, IoT, Predictive Maintenance to revolutionize infrastructure operations.",Infrastructure,['Waste Management'],"['Sensors', 'IoT', 'Predictive Maintenance']",['Sensors'],5,0,7,Strong,5,66,9300000,39,Series B,13000000,Growth,['None'],4,19,12,True,True,Low,National,Visakhapatnam,['Gujarat'],Pan India,1,Basic,24x7,Complete,multi_sector
b0f1552e-ef68-408e-9ad8-3c86283d5a9c,"Rau, Mammen and Sarma","FinTech startup focusing on Blockchain, NLP, Data Analytics","We build Blockchain, NLP, Data Analytics systems for fintech applications, delivering scalable solutions and intelligent integration.",FinTech,[],"['Blockchain', 'NLP', 'Data Analytics']",[],2,2,160,Average,9,80,7800000,47,Series A,15000000,Early Revenue,['SOC 2'],2,7,2,True,False,High,National,Jaipur,"['Maharashtra', 'Karnataka', 'West Bengal', 'Delhi']",Bhubaneswar,4,Comprehensive,8x5,Complete,early_stage_excellent_prototype
d99e6ea6-5d49-440a-ae00-09378f816991,Lad LLC,Agriculture startup focusing on IoT,We provide end-to-end agriculture services powered by IoT and a strong team of experts.,Agriculture,['FinTech'],['IoT'],['NLP'],1,1,87,Strong,7,59,30200000,35,Bootstrapped,6000000,Early Revenue,['None'],2,8,14,False,True,Medium,Regional,Indore,['West Bengal'],Coimbatore,3,Basic,24x7,Complete,early_stage_excellent_prototype
8987a633-e360-463e-a923-c5a386d047df,Desai LLC,"Agriculture startup focusing on ML, Drones, IoT","We build ML, Drones, IoT systems for agriculture applications, delivering scalable solutions and intelligent integration.",Agriculture,[],"['ML', 'Drones', 'IoT']",[],2,2,58,Average,24,45,43600000,55,Seed,17000000,Mature,"['ISO 27001', 'SOC 2']",2,12,6,False,True,High,Local,Kolkata,"['UP', 'Karnataka', 'Telangana']",Pan India,12,Comprehensive,8x5,Complete,multi_sector
6e3e1613-35dc-4611-b43b-6881c2636543,Menon Ltd,"Waste Management startup focusing on Route Optimization, Computer Vision","We build Route Optimization, Computer Vision systems for waste management applications, delivering scalable solutions and intelligent integration.",Waste Management,['Environment'],"['Route Optimization', 'Computer Vision']",['IoT'],4,4,62,Strong,13,30,42000000,70,Series C,7000000,Prototype,"['None', 'SOC 2']",0,17,8,True,True,Low,National,Nashik,"['Telangana', 'Maharashtra']",Pan India,11,Basic,Community,Complete,highly_specialized
c8d7cdd4-dd04-4d35-a32f-6a8210ff3e23,Bhatnagar Inc,"Public Safety startup focusing on Computer Vision, Biometrics, IoT","We build Computer Vision, Biometrics, IoT systems for public safety applications, delivering scalable solutions and intelligent integration.",Public Safety,['Defence'],"['Computer Vision', 'Biometrics', 'IoT']",['Robotics'],9,6,55,Strong,21,50,27300000,79,Seed,19000000,Early Revenue,['CMMI'],2,13,6,True,True,Low,National,Gurugram,"['Kerala', 'Telangana', 'Maharashtra']",Pan India,10,Advanced,24x7,Complete,highly_specialized
eeba650c-12d7-4fe7-98b5-5d44067bfec7,"Gara, Kar and Walla","Environment startup focusing on Sensors, Data Analytics, IoT","Gara, Kar and Walla specializes in Sensors, Data Analytics, IoT combined with innovative software to solve environment challenges.",Environment,[],"['Sensors', 'Data Analytics', 'IoT']",[],3,0,2,Strong,5,42,27600000,46,Seed,12000000,Growth,['ISO 27001'],2,17,8,True,False,High,Local,Jaipur,"['Kerala', 'Delhi']",Pan India,2,Comprehensive,Community,Complete,excellent_tech_low_exp
4b7f2b4c-d81f-4df8-87f0-4b6039e57d2f,"Kale, Kala and Banik","Public Safety startup focusing on Biometrics, Predictive Analytics","We build Biometrics, Predictive Analytics systems for public safety applications, delivering scalable solutions and intelligent integration.",Public Safety,[],"['Biometrics', 'Predictive Analytics']",[],11,2,4,Average,18,90,46300000,70,Series A,11000000,Early Revenue,"['CMMI', 'None']",5,1,4,True,True,High,Local,Mumbai,"['Maharashtra', 'Tamil Nadu', 'Delhi', 'Gujarat']",Mumbai,12,Basic,Community,Incomplete,incomplete_eligibility
ae240d2f-6bf3-41bc-a43b-dc3e3b91552d,Balan-Barman,"Environment startup focusing on Satellite Imaging, Sensors","Balan-Barman specializes in Satellite Imaging, Sensors combined with innovative software to solve environment challenges.",Environment,['Disaster Management'],"['Satellite Imaging', 'Sensors']",['IoT'],1,1,7,Specialized,13,34,49900000,11,Series C,9000000,Prototype,['None'],3,17,14,True,True,Medium,National,Bhopal,['Gujarat'],Pune,4,Basic,24x7,Complete,early_stage_excellent_prototype
563822d7-e4f7-49a6-bb2b-b6211ae247b6,Chadha and Sons,"Public Safety startup focusing on Computer Vision, IoT","We build Computer Vision, IoT systems for public safety applications, delivering scalable solutions and intelligent integration.",Public Safety,[],"['Computer Vision', 'IoT']",[],1,0,15,Strong,7,67,31900000,79,Bootstrapped,18000000,Prototype,['ISO 27001'],5,7,0,True,False,Low,Local,Guwahati,"['Gujarat', 'Telangana', 'UP']",Noida,6,Comprehensive,24x7,Complete,excellent_tech_excellent_exp
4fd44f71-69c7-49da-95ef-4b2e3e040319,Warrior-Kala,Skill Development startup focusing on NLP,An innovative startup leveraging NLP to revolutionize skill development operations.,Skill Development,['Renewable Energy'],['NLP'],['ML'],1,0,10,Specialized,11,46,17800000,73,Series A,20000000,Mature,['ISO 27001'],2,9,9,False,False,Low,National,Mumbai,['UP'],Pan India,12,Comprehensive,Community,Complete,highly_specialized
ae6fe27c-d302-45de-afbd-f135cebac71e,Purohit-Subramaniam,"Public Safety startup focusing on IoT, Biometrics, Predictive Analytics","We provide end-to-end public safety services powered by IoT, Biometrics, Predictive Analytics and a strong team of experts.",Public Safety,['FinTech'],"['IoT', 'Biometrics', 'Predictive Analytics']",['Data Analytics'],2,1,4,Average,2,45,2600000,50,Series B,3000000,Growth,['None'],4,13,0,False,True,Medium,Regional,Nagpur,"['Kerala', 'UP']",Pan India,4,Advanced,8x5,Complete,excellent_tech_low_exp
c1bf1285-37bd-45ce-b7c5-cce8f66cbb46,Walla and Sons,FinTech startup focusing on Data Analytics,An innovative startup leveraging Data Analytics to revolutionize fintech operations.,FinTech,['Smart City'],['Data Analytics'],['IoT'],2,1,108,Average,3,52,41400000,22,Series C,14000000,Mature,['None'],1,5,8,False,True,Low,Local,Patna,"['Tamil Nadu', 'West Bengal', 'UP']",Pan India,12,Advanced,24x7,Complete,excellent_tech_low_exp
60bf8c9e-c4dc-498f-933e-3a0b34c6c1a6,Bhakta-Nayak,FinTech startup focusing on Data Analytics,We provide end-to-end fintech services powered by Data Analytics and a strong team of experts.,FinTech,[],['Data Analytics'],[],12,7,2,Average,23,89,47700000,20,Series A,12000000,Mature,['CMMI'],2,12,3,True,True,High,Local,Noida,"['West Bengal', 'Tamil Nadu', 'Gujarat']",Surat,7,Comprehensive,8x5,Incomplete,incomplete_eligibility
74ba4b1a-9928-4872-ab74-baf82f7d1d4a,"Narain, Solanki and Kakar",FinTech startup focusing on AI,"Narain, Solanki and Kakar specializes in AI combined with innovative software to solve fintech challenges.",FinTech,"['Rural Development', 'Healthcare']",['AI'],"['Renewable Tech', 'Wearables']",13,11,3,Strong,13,68,41200000,22,Series A,13000000,Growth,['SOC 2'],1,4,15,True,True,Low,National,Delhi,"['Kerala', 'Tamil Nadu']",Pan India,3,Comprehensive,8x5,Complete,excellent_tech_excellent_exp
4a542670-247f-4d56-9391-2fb953c7930d,Varughese-Kala,Waste Management startup focusing on Route Optimization,Varughese-Kala specializes in Route Optimization combined with innovative software to solve waste management challenges.,Waste Management,[],['Route Optimization'],[],15,14,49,Strong,23,85,47000000,40,Series A,20000000,MVP,['SOC 2'],1,5,0,True,True,High,Local,Chennai,['Maharashtra'],Pan India,4,Basic,Community,Complete,high_exp_weak_tech
43dcfe64-7103-4d60-a49c-cabe2bb0bc66,"Kade, Bakshi and Mitter",Environment startup focusing on IoT,"We build IoT systems for environment applications, delivering scalable solutions and intelligent integration.",Environment,['Cybersecurity'],['IoT'],['Cryptography'],11,1,52,Average,24,47,16900000,51,Series A,4000000,Growth,['CMMI'],2,13,2,True,True,Low,National,Gurugram,['Karnataka'],Bengaluru,5,Basic,8x5,Complete,highly_specialized
33fac190-b887-4d91-b60e-1bcc8ac1312a,Rastogi PLC,"Cybersecurity startup focusing on Network Security, Blockchain","We provide end-to-end cybersecurity services powered by Network Security, Blockchain and a strong team of experts.",Cybersecurity,[],"['Network Security', 'Blockchain']",[],2,0,9,Average,25,60,48800000,60,Bootstrapped,14000000,Prototype,['None'],0,7,12,True,False,High,Regional,New Delhi,"['Telangana', 'Tamil Nadu', 'Karnataka']",Pan India,11,Advanced,Community,Complete,excellent_tech_low_exp
f11ea77a-80dd-47fb-8ee0-67dbaf3fb227,Mand-Wason,"Water Management startup focusing on Sensors, IoT","An innovative startup leveraging Sensors, IoT to revolutionize water management operations.",Water Management,"['Healthcare', 'Cybersecurity']","['Sensors', 'IoT']","['Wearables', 'Cryptography']",13,12,42,Specialized,13,83,21500000,27,Series B,5000000,Prototype,['SOC 2'],5,12,6,True,True,High,National,Lucknow,"['Tamil Nadu', 'Kerala', 'Gujarat', 'Karnataka']",Ahmedabad,5,Advanced,Community,Complete,highly_specialized
fed14d4a-b7aa-413d-8c0c-d73e3c793af1,Lad-Varughese,Disaster Management startup focusing on Predictive Analytics,An innovative startup leveraging Predictive Analytics to revolutionize disaster management operations.,Disaster Management,"['Tourism', 'Transportation']",['Predictive Analytics'],"['Computer Vision', 'Recommendation Systems']",14,9,26,Strong,18,68,30100000,50,Seed,4000000,Growth,"['None', 'ISO 27001']",1,4,7,True,True,High,Regional,Bhopal,['Telangana'],Pan India,12,Comprehensive,Community,Complete,excellent_tech_excellent_exp
9c6a3ce9-cb2b-44b1-93c9-875ff8f6ebe1,"Brahmbhatt, Nigam and Varughese","Infrastructure startup focusing on Computer Vision, Sensors","Brahmbhatt, Nigam and Varughese specializes in Computer Vision, Sensors combined with innovative software to solve infrastructure challenges.",Infrastructure,"['Agriculture', 'Education']","['Computer Vision', 'Sensors']","['VR/AR', 'Satellite Imaging']",5,0,96,Strong,23,63,22300000,30,Series A,15000000,Early Revenue,['SOC 2'],2,12,14,True,True,High,National,Nashik,"['Maharashtra', 'Telangana', 'UP', 'Kerala']",Kochi,1,Advanced,Community,Complete,highly_specialized
cdc815f4-24de-419c-9b1f-23041e076dfc,Maharaj-Dara,"Infrastructure startup focusing on Predictive Maintenance, IoT","An innovative startup leveraging Predictive Maintenance, IoT to revolutionize infrastructure operations.",Infrastructure,['Agriculture'],"['Predictive Maintenance', 'IoT']",['Computer Vision'],12,3,46,Average,12,78,23900000,78,Series A,16000000,Growth,"['None', 'CMMI']",3,6,7,True,True,Low,National,Kochi,"['Delhi', 'Kerala']",Pan India,9,Basic,Community,Complete,strong_tech_geo_mismatch
e33fdedd-1802-48ca-aa37-34ff2bf5ade9,Ramaswamy-Tata,"Cybersecurity startup focusing on Cryptography, Network Security","We provide end-to-end cybersecurity services powered by Cryptography, Network Security and a strong team of experts.",Cybersecurity,['Agriculture'],"['Cryptography', 'Network Security']",['Computer Vision'],2,1,131,Average,12,61,35000000,74,Series C,12000000,Early Revenue,"['None', 'SOC 2']",2,3,5,False,False,Medium,Regional,Bengaluru,['Karnataka'],Bhopal,6,Comprehensive,24x7,Complete,highly_specialized
fda696a5-ca93-4b05-8c5a-147b30e0a7c8,Dutta Ltd,"Logistics startup focusing on Route Optimization, IoT","An innovative startup leveraging Route Optimization, IoT to revolutionize logistics operations.",Logistics,[],"['Route Optimization', 'IoT']",[],1,0,32,Average,3,79,45600000,42,Series C,18000000,Mature,"['None', 'ISO 27001']",1,6,6,False,False,Low,National,Visakhapatnam,"['Gujarat', 'West Bengal']",Pan India,8,Basic,8x5,Complete,excellent_tech_low_exp
1f8717d3-49f6-4f16-ace1-4c39298f7a9d,Biswas-Karan,Governance startup focusing on Data Analytics,"We build Data Analytics systems for governance applications, delivering scalable solutions and intelligent integration.",Governance,[],['Data Analytics'],[],8,8,181,Specialized,25,44,2300000,52,Bootstrapped,19000000,Early Revenue,['SOC 2'],2,18,0,True,True,High,Regional,Nagpur,['West Bengal'],Guwahati,10,Advanced,8x5,Complete,established_weak_relevance
baa35e6a-52b9-4937-a777-b2211d8a5a15,Mahajan Group,"Environment startup focusing on IoT, Sensors, Satellite Imaging","An innovative startup leveraging IoT, Sensors, Satellite Imaging to revolutionize environment operations.",Environment,['Cybersecurity'],"['IoT', 'Sensors', 'Satellite Imaging']",['AI'],7,4,10,Average,22,49,23700000,36,Series C,0,Mature,"['CMMI', 'None']",5,7,8,True,True,High,Local,Jaipur,['Telangana'],Surat,1,Basic,Community,Complete,excellent_tech_excellent_exp
7215cf3d-96b9-4229-9922-78acc715340d,"Tailor, Manda and Gala",Skill Development startup focusing on VR/AR,We provide end-to-end skill development services powered by VR/AR and a strong team of experts.,Skill Development,['Environment'],['VR/AR'],['Data Analytics'],2,1,48,Strong,11,39,14300000,12,Bootstrapped,7000000,Prototype,"['CMMI', 'SOC 2']",2,17,13,False,False,High,Regional,Hyderabad,"['Maharashtra', 'Kerala', 'Gujarat']",Pan India,4,Basic,Community,Complete,multi_sector
5e7a6bca-3f2e-4911-9e78-e7b0bd6ad84c,Edwin-Goyal,"Logistics startup focusing on Predictive Analytics, Blockchain, IoT","Edwin-Goyal specializes in Predictive Analytics, Blockchain, IoT combined with innovative software to solve logistics challenges.",Logistics,"['Cybersecurity', 'Waste Management']","['Predictive Analytics', 'Blockchain', 'IoT']","['Route Optimization', 'Threat Detection']",2,2,5,Average,15,83,36600000,45,Series B,9000000,Mature,['ISO 27001'],3,6,0,False,False,Low,National,Noida,['Gujarat'],Pan India,8,Comprehensive,Community,Complete,early_stage_excellent_prototype
43fb51c4-1201-467b-a744-c2eb1be99c89,Apte-Malhotra,"Cybersecurity startup focusing on AI, Blockchain","Apte-Malhotra specializes in AI, Blockchain combined with innovative software to solve cybersecurity challenges.",Cybersecurity,[],"['AI', 'Blockchain']",[],10,4,190,Strong,14,59,47700000,63,Seed,7000000,Growth,['CMMI'],4,16,0,True,True,Low,Local,Gurugram,"['Karnataka', 'UP', 'Gujarat', 'Delhi']",Jaipur,12,Comprehensive,Community,Complete,excellent_tech_excellent_exp
95fe8b59-d9af-490f-b19e-13ab91a8535c,Bhatia Inc,"Rural Development startup focusing on Data Analytics, Mobile Tech, Renewable Tech","Bhatia Inc specializes in Data Analytics, Mobile Tech, Renewable Tech combined with innovative software to solve rural development challenges.",Rural Development,[],"['Data Analytics', 'Mobile Tech', 'Renewable Tech']",[],10,5,14,Specialized,12,82,16000000,50,Series C,17000000,Mature,['CMMI'],5,6,14,True,True,High,Local,Lucknow,['Gujarat'],Pan India,9,Comprehensive,24x7,Complete,highly_specialized
212ee96e-fe91-4514-b49a-00d037119672,"Rana, Khalsa and Dash",FinTech startup focusing on NLP,"We build NLP systems for fintech applications, delivering scalable solutions and intelligent integration.",FinTech,"['Skill Development', 'Public Safety']",['NLP'],"['NLP', 'Predictive Analytics']",9,8,102,Specialized,24,55,44000000,29,Bootstrapped,4000000,MVP,"['ISO 27001', 'CMMI']",0,20,0,True,True,High,Regional,Coimbatore,['UP'],Pan India,3,Comprehensive,Community,Complete,excellent_tech_excellent_exp
7069d255-fb87-43c7-8c5e-1f5bc883e33e,"Saxena, Gaba and Chahal","Infrastructure startup focusing on IoT, Predictive Maintenance, Sensors","Saxena, Gaba and Chahal specializes in IoT, Predictive Maintenance, Sensors combined with innovative software to solve infrastructure challenges.",Infrastructure,"['Public Safety', 'Education']","['IoT', 'Predictive Maintenance', 'Sensors']","['Computer Vision', 'Recommendation Systems']",11,10,166,Average,19,68,39900000,28,Seed,7000000,Early Revenue,"['None', 'CMMI']",3,1,7,True,True,High,Regional,Pune,"['West Bengal', 'Gujarat', 'Delhi', 'Tamil Nadu']",Guwahati,9,Comprehensive,8x5,Complete,high_exp_weak_tech
a4dae2e5-8511-48ac-959b-44fde40ea5d6,"Vala, Dutta and Hayre","Transportation startup focusing on Predictive Maintenance, Route Optimization, IoT","An innovative startup leveraging Predictive Maintenance, Route Optimization, IoT to revolutionize transportation operations.",Transportation,['FinTech'],"['Predictive Maintenance', 'Route Optimization', 'IoT']",['NLP'],2,2,23,Average,23,87,32300000,15,Bootstrapped,11000000,MVP,['CMMI'],4,19,7,False,False,Medium,Local,Ahmedabad,"['UP', 'Delhi', 'Karnataka']",Mumbai,2,Advanced,24x7,Complete,early_stage_excellent_prototype
e910f92c-ce05-437d-9d75-099712e9b46f,Sha LLC,Healthcare startup focusing on Data Analytics,We provide end-to-end healthcare services powered by Data Analytics and a strong team of experts.,Healthcare,"['Education', 'Cybersecurity']",['Data Analytics'],"['NLP', 'Network Security']",7,7,150,Average,21,64,3800000,14,Bootstrapped,4000000,MVP,"['None', 'SOC 2']",3,16,9,True,True,Medium,Regional,Bhubaneswar,"['Karnataka', 'Delhi', 'Kerala']",Visakhapatnam,12,Advanced,24x7,Incomplete,incomplete_eligibility
29618633-70a6-4a9a-a000-a88e98079320,"Malhotra, Mutti and Kamdar","Smart City startup focusing on IoT, Computer Vision","An innovative startup leveraging IoT, Computer Vision to revolutionize smart city operations.",Smart City,[],"['IoT', 'Computer Vision']",[],10,5,177,Specialized,25,53,44400000,25,Series B,5000000,Mature,['CMMI'],1,3,12,True,True,High,National,Noida,['Telangana'],Pan India,6,Comprehensive,24x7,Complete,strong_sector_weak_scale
d86840c5-ddfc-489c-8ca1-7ee6e50a8199,"Shere, Chacko and Devan",Water Management startup focusing on Predictive Analytics,We provide end-to-end water management services powered by Predictive Analytics and a strong team of experts.,Water Management,"['Defence', 'Renewable Energy']",['Predictive Analytics'],"['Cybersecurity', 'Predictive Analytics']",7,5,138,Average,7,90,27500000,41,Series B,6000000,Early Revenue,"['CMMI', 'SOC 2']",5,8,12,True,True,Low,National,Hyderabad,"['Gujarat', 'Tamil Nadu', 'UP']",Mumbai,5,Comprehensive,Community,Complete,strong_tech_geo_mismatch
baacb9c2-012f-4d88-8c54-561eeb77b4e1,Prasad-Nagy,"Education startup focusing on NLP, VR/AR","An innovative startup leveraging NLP, VR/AR to revolutionize education operations.",Education,['Agriculture'],"['NLP', 'VR/AR']",['Computer Vision'],3,1,42,Strong,10,80,28200000,19,Series A,8000000,Growth,"['ISO 27001', 'None']",4,8,6,True,False,Medium,Regional,Bengaluru,"['Telangana', 'Kerala']",Pan India,4,Basic,8x5,Incomplete,incomplete_eligibility
d0f32c5d-a747-4709-a5b9-f84926c15636,"Bhagat, Varty and Viswanathan","Governance startup focusing on Data Analytics, Blockchain, Machine Learning","We provide end-to-end governance services powered by Data Analytics, Blockchain, Machine Learning and a strong team of experts.",Governance,"['FinTech', 'Smart City']","['Data Analytics', 'Blockchain', 'Machine Learning']","['AI', 'Computer Vision']",3,1,34,Strong,3,38,21200000,62,Series A,12000000,MVP,"['SOC 2', 'ISO 27001']",1,4,4,True,True,Medium,National,Patna,['Maharashtra'],Noida,7,Comprehensive,8x5,Complete,excellent_tech_low_exp
6233824c-c881-49a8-bb2d-84c368c32806,Sehgal-Sundaram,"Governance startup focusing on NLP, Data Analytics, OCR","Sehgal-Sundaram specializes in NLP, Data Analytics, OCR combined with innovative software to solve governance challenges.",Governance,['FinTech'],"['NLP', 'Data Analytics', 'OCR']",['NLP'],9,8,19,Strong,16,79,15000000,13,Series A,2000000,Growth,"['CMMI', 'SOC 2']",3,9,4,True,True,Medium,Local,Hyderabad,"['Delhi', 'West Bengal', 'Kerala', 'Maharashtra']",Pan India,2,Comprehensive,Community,Complete,established_weak_relevance
7e9d2ded-f332-4c95-ad22-2a7157f790b8,Brar-Sampath,"FinTech startup focusing on Fraud Detection, AI","Brar-Sampath specializes in Fraud Detection, AI combined with innovative software to solve fintech challenges.",FinTech,"['Public Safety', 'Waste Management']","['Fraud Detection', 'AI']","['Route Optimization', 'IoT']",11,7,26,Specialized,16,30,2300000,13,Seed,10000000,Early Revenue,['SOC 2'],2,9,8,True,True,High,Regional,Bhubaneswar,"['Telangana', 'Delhi']",Pan India,5,Advanced,8x5,Incomplete,incomplete_eligibility
b1828bfa-4cc6-4ada-9d4f-d0a14986a8b5,Hegde-Ganesan,"Renewable Energy startup focusing on Smart Grids, IoT","We build Smart Grids, IoT systems for renewable energy applications, delivering scalable solutions and intelligent integration.",Renewable Energy,[],"['Smart Grids', 'IoT']",[],7,1,124,Strong,15,74,7600000,55,Series C,14000000,Mature,"['None', 'ISO 27001']",0,4,0,True,True,Medium,Local,Patna,"['Tamil Nadu', 'Delhi', 'West Bengal']",Bhubaneswar,7,Basic,Community,Complete,strong_sector_weak_scale
7250a3d9-b582-4ea2-96dc-906e688eec0c,Date Inc,"Transportation startup focusing on Computer Vision, Predictive Maintenance, Route Optimization","An innovative startup leveraging Computer Vision, Predictive Maintenance, Route Optimization to revolutionize transportation operations.",Transportation,[],"['Computer Vision', 'Predictive Maintenance', 'Route Optimization']",[],1,0,10,Strong,3,46,10500000,20,Seed,13000000,Growth,"['SOC 2', 'None']",0,0,15,True,False,Low,Local,Guwahati,"['UP', 'Gujarat', 'Delhi', 'Telangana']",Delhi,8,Basic,24x7,Complete,strong_tech_geo_mismatch
4535433f-0197-495b-816f-13284020520d,Puri-Mangat,"Infrastructure startup focusing on IoT, Predictive Maintenance","We build IoT, Predictive Maintenance systems for infrastructure applications, delivering scalable solutions and intelligent integration.",Infrastructure,"['Smart City', 'Cybersecurity']","['IoT', 'Predictive Maintenance']","['AI', 'Computer Vision']",5,1,5,Strong,21,57,9400000,34,Series A,20000000,Early Revenue,['None'],1,5,9,True,True,High,Local,Hyderabad,"['Telangana', 'Karnataka', 'Delhi']",Indore,1,Basic,24x7,Complete,excellent_tech_excellent_exp
b1f7298a-f560-4e1b-8cb7-ca445374abc9,"Khalsa, Lal and Bakshi","Agriculture startup focusing on Drones, IoT, Computer Vision","Khalsa, Lal and Bakshi specializes in Drones, IoT, Computer Vision combined with innovative software to solve agriculture challenges.",Agriculture,['Waste Management'],"['Drones', 'IoT', 'Computer Vision']",['IoT'],14,6,102,Strong,18,32,7200000,26,Bootstrapped,10000000,MVP,['SOC 2'],5,5,1,True,True,Medium,Regional,Delhi,['Maharashtra'],Pan India,2,Basic,8x5,Complete,multi_sector
1fa93f75-80f5-44c6-9d72-9518fc4e45cb,Subramaniam Ltd,Environment startup focusing on Sensors,An innovative startup leveraging Sensors to revolutionize environment operations.,Environment,"['Water Management', 'Transportation']",['Sensors'],"['IoT', 'Predictive Analytics']",1,0,21,Average,22,48,12400000,42,Series A,4000000,MVP,"['SOC 2', 'None']",3,9,9,False,False,Low,Local,Chennai,"['Kerala', 'Delhi', 'Telangana', 'Maharashtra']",Pan India,12,Comprehensive,24x7,Complete,excellent_tech_low_exp
194e9f61-98b4-490e-9ead-ed21700737f5,"Sengupta, Raju and Loyal","Renewable Energy startup focusing on ML, Smart Grids, Predictive Analytics","An innovative startup leveraging ML, Smart Grids, Predictive Analytics to revolutionize renewable energy operations.",Renewable Energy,['Rural Development'],"['ML', 'Smart Grids', 'Predictive Analytics']",['Data Analytics'],11,9,10,Average,24,79,24100000,39,Bootstrapped,10000000,MVP,"['CMMI', 'SOC 2']",2,18,2,True,True,Medium,Regional,Visakhapatnam,"['Telangana', 'Gujarat', 'Kerala', 'Maharashtra']",Pan India,10,Advanced,24x7,Incomplete,incomplete_eligibility
c80427ef-1e4a-4eae-87f5-ba680f36cd2a,Sabharwal Ltd,"Water Management startup focusing on Machine Learning, Predictive Analytics","An innovative startup leveraging Machine Learning, Predictive Analytics to revolutionize water management operations.",Water Management,[],"['Machine Learning', 'Predictive Analytics']",[],4,1,8,Average,17,76,44900000,66,Series A,7000000,Early Revenue,['CMMI'],1,20,10,True,True,Low,Regional,Noida,"['West Bengal', 'Telangana', 'UP', 'Karnataka']",Jaipur,2,Basic,Community,Complete,strong_tech_geo_mismatch
dbf95926-40d1-4e68-b7ef-7acb3c0be172,Balay-Dayal,"Rural Development startup focusing on Mobile Tech, Renewable Tech, Data Analytics","We build Mobile Tech, Renewable Tech, Data Analytics systems for rural development applications, delivering scalable solutions and intelligent integration.",Rural Development,"['Governance', 'Transportation']","['Mobile Tech', 'Renewable Tech', 'Data Analytics']","['Computer Vision', 'OCR']",7,5,113,Average,24,39,1300000,62,Series A,18000000,Growth,['ISO 27001'],3,3,11,True,True,Low,National,Chandigarh,['Maharashtra'],Pan India,12,Advanced,8x5,Incomplete,incomplete_eligibility
3a1ff3c5-e73a-4f47-92ab-132e2860b761,"Aggarwal, Chaudhary and Pall",Smart City startup focusing on Data Analytics,"We build Data Analytics systems for smart city applications, delivering scalable solutions and intelligent integration.",Smart City,[],['Data Analytics'],[],13,3,9,Strong,17,64,35300000,31,Series C,13000000,Growth,['SOC 2'],3,8,6,True,True,Low,Local,Hyderabad,"['Kerala', 'Delhi', 'Tamil Nadu']",Visakhapatnam,8,Advanced,8x5,Complete,highly_specialized
8b6fdb5c-b7d0-4d98-8145-3168d2a24c4b,Sibal Inc,"Waste Management startup focusing on Sensors, Route Optimization, Computer Vision","We build Sensors, Route Optimization, Computer Vision systems for waste management applications, delivering scalable solutions and intelligent integration.",Waste Management,"['Environment', 'Cybersecurity']","['Sensors', 'Route Optimization', 'Computer Vision']","['IoT', 'Cryptography']",4,1,85,Strong,16,82,44000000,48,Series C,8000000,Mature,['ISO 27001'],1,20,13,True,False,High,Regional,Patna,"['Maharashtra', 'Kerala', 'Delhi', 'Gujarat']",Bengaluru,11,Comprehensive,8x5,Incomplete,incomplete_eligibility
65924e96-48ac-4344-b34c-4232aa995b5f,Panchal-Kamdar,"Transportation startup focusing on Route Optimization, Predictive Maintenance, Computer Vision","We build Route Optimization, Predictive Maintenance, Computer Vision systems for transportation applications, delivering scalable solutions and intelligent integration.",Transportation,['Renewable Energy'],"['Route Optimization', 'Predictive Maintenance', 'Computer Vision']",['ML'],11,9,7,Strong,14,44,30800000,44,Seed,8000000,Early Revenue,['CMMI'],5,13,15,True,True,High,Local,Surat,"['UP', 'Maharashtra', 'Telangana']",Pune,2,Comprehensive,8x5,Complete,established_weak_relevance
c61ad294-bc5e-41d4-bfaa-59687a181682,Gulati-Shroff,"Agriculture startup focusing on IoT, Computer Vision, ML","We build IoT, Computer Vision, ML systems for agriculture applications, delivering scalable solutions and intelligent integration.",Agriculture,['Disaster Management'],"['IoT', 'Computer Vision', 'ML']",['Drones'],15,2,35,Strong,19,71,33500000,20,Seed,1000000,MVP,"['CMMI', 'ISO 27001']",3,17,1,True,True,High,Local,Guwahati,['Delhi'],Pan India,2,Basic,24x7,Incomplete,incomplete_eligibility
59d504d5-2f5b-4305-8198-baa23ff854f0,Dora and Sons,"Logistics startup focusing on Blockchain, Route Optimization, Predictive Analytics","We provide end-to-end logistics services powered by Blockchain, Route Optimization, Predictive Analytics and a strong team of experts.",Logistics,"['Waste Management', 'Water Management']","['Blockchain', 'Route Optimization', 'Predictive Analytics']",['Sensors'],2,0,172,Strong,4,50,10500000,79,Series B,3000000,Prototype,"['ISO 27001', 'CMMI']",1,3,9,True,True,Medium,Regional,Surat,['Telangana'],Pan India,5,Basic,8x5,Complete,excellent_tech_low_exp
51645834-5548-4478-b864-c24040db819a,Saxena-Lall,"Cybersecurity startup focusing on Network Security, Cryptography","Saxena-Lall specializes in Network Security, Cryptography combined with innovative software to solve cybersecurity challenges.",Cybersecurity,"['Rural Development', 'Water Management']","['Network Security', 'Cryptography']","['IoT', 'Predictive Analytics']",7,7,33,Specialized,9,45,44000000,64,Series C,2000000,Prototype,"['None', 'CMMI']",0,12,3,True,True,High,Regional,New Delhi,"['Telangana', 'Maharashtra']",Lucknow,1,Basic,Community,Complete,strong_tech_geo_mismatch
076288bb-bb69-4d83-9e3e-281002c6116c,"Jayaraman, Nagi and Mani","Renewable Energy startup focusing on IoT, ML","An innovative startup leveraging IoT, ML to revolutionize renewable energy operations.",Renewable Energy,[],"['IoT', 'ML']",[],12,11,8,Strong,24,71,17200000,31,Series B,9000000,Prototype,['SOC 2'],5,11,9,True,True,Medium,National,Mumbai,"['UP', 'Tamil Nadu', 'West Bengal', 'Kerala']",Lucknow,7,Comprehensive,24x7,Complete,established_weak_relevance
3c9f06b3-6845-44c2-aba8-cbba1bceedba,"Halder, Raja and Gola",Logistics startup focusing on Route Optimization,An innovative startup leveraging Route Optimization to revolutionize logistics operations.,Logistics,"['Skill Development', 'Renewable Energy']",['Route Optimization'],"['Predictive Analytics', 'Machine Learning']",11,10,37,Strong,24,41,18600000,74,Series B,20000000,Prototype,"['SOC 2', 'CMMI']",3,4,11,True,True,Medium,Regional,Bengaluru,"['Kerala', 'Karnataka', 'Delhi']",Pan India,2,Advanced,Community,Complete,established_weak_relevance
5318b882-d5c5-482a-9ef9-f16898ff36d2,Mandal-Rana,Environment startup focusing on Sensors,We provide end-to-end environment services powered by Sensors and a strong team of experts.,Environment,[],['Sensors'],[],14,6,36,Strong,14,30,40300000,75,Series B,13000000,Mature,['None'],0,15,4,True,True,High,Local,Bengaluru,"['Kerala', 'Telangana', 'Maharashtra', 'Tamil Nadu']",Pan India,2,Advanced,Community,Complete,excellent_tech_excellent_exp
cacd1949-80c3-4480-b60c-7152c0f8e598,Batta Group,Defence startup focusing on Drones,An innovative startup leveraging Drones to revolutionize defence operations.,Defence,[],['Drones'],[],9,2,4,Average,19,85,600000,78,Seed,16000000,MVP,"['None', 'ISO 27001']",0,8,2,True,True,Low,National,Visakhapatnam,"['West Bengal', 'Maharashtra', 'UP']",Pan India,12,Basic,8x5,Complete,strong_tech_geo_mismatch
b9396b75-e025-4560-86db-13320125825d,Jaggi PLC,FinTech startup focusing on Data Analytics,We provide end-to-end fintech services powered by Data Analytics and a strong team of experts.,FinTech,"['Smart City', 'Waste Management']",['Data Analytics'],"['Sensors', 'Data Analytics']",2,2,2,Specialized,9,31,28400000,15,Seed,17000000,Prototype,['ISO 27001'],2,3,9,False,True,Medium,Local,Guwahati,"['Telangana', 'Maharashtra', 'Gujarat']",Chennai,8,Comprehensive,24x7,Complete,early_stage_excellent_prototype
2cd2ef68-f598-4f2e-8860-7c9438d41908,Sarma and Sons,"Rural Development startup focusing on IoT, Renewable Tech, Data Analytics","Sarma and Sons specializes in IoT, Renewable Tech, Data Analytics combined with innovative software to solve rural development challenges.",Rural Development,['Cybersecurity'],"['IoT', 'Renewable Tech', 'Data Analytics']",['Blockchain'],2,2,5,Average,19,67,46700000,13,Bootstrapped,4000000,Prototype,['CMMI'],2,7,12,True,False,Medium,National,Jaipur,"['West Bengal', 'Gujarat', 'Tamil Nadu']",Patna,12,Basic,Community,Complete,early_stage_excellent_prototype
70f3fc26-64a2-40f9-8a2b-ec064592010d,"Lall, Savant and Nayar","Environment startup focusing on Sensors, Data Analytics, IoT","We provide end-to-end environment services powered by Sensors, Data Analytics, IoT and a strong team of experts.",Environment,[],"['Sensors', 'Data Analytics', 'IoT']",[],10,10,2,Strong,22,34,31100000,79,Bootstrapped,12000000,Early Revenue,"['CMMI', 'ISO 27001']",1,14,8,True,True,Medium,Regional,Pune,['Kerala'],Pan India,8,Advanced,8x5,Complete,multi_sector
201ac675-9aed-4ff1-be8e-c8adb5eefb63,"Talwar, Oza and Gala",Renewable Energy startup focusing on Smart Grids,We provide end-to-end renewable energy services powered by Smart Grids and a strong team of experts.,Renewable Energy,['Infrastructure'],['Smart Grids'],['Predictive Maintenance'],3,2,55,Specialized,22,40,9900000,71,Series C,12000000,Early Revenue,"['None', 'SOC 2']",3,5,10,True,True,High,Regional,Surat,"['Delhi', 'Telangana']",Pan India,4,Advanced,Community,Complete,strong_tech_geo_mismatch
b9bd62a7-0a8a-44d4-8efb-04793f14e9d0,Nagarajan-Khurana,"Smart City startup focusing on Computer Vision, IoT","We build Computer Vision, IoT systems for smart city applications, delivering scalable solutions and intelligent integration.",Smart City,[],"['Computer Vision', 'IoT']",[],12,2,17,Average,20,51,48200000,60,Series A,14000000,Early Revenue,['CMMI'],1,15,12,True,True,Low,Local,Chennai,"['Gujarat', 'West Bengal']",Pan India,4,Basic,Community,Complete,strong_sector_weak_scale
937f7051-ad12-4b70-aabf-a13fb69ef41f,Andra-Khatri,"Cybersecurity startup focusing on Network Security, Blockchain","Andra-Khatri specializes in Network Security, Blockchain combined with innovative software to solve cybersecurity challenges.",Cybersecurity,"['Waste Management', 'Water Management']","['Network Security', 'Blockchain']","['IoT', 'Sensors']",11,8,4,Specialized,17,55,14300000,12,Seed,19000000,Mature,['CMMI'],1,3,15,True,True,Medium,Local,Guwahati,"['Telangana', 'Karnataka']",Pan India,7,Advanced,Community,Complete,excellent_tech_excellent_exp
64708783-4ac3-4ed9-8f2b-b6d578e2ecbe,Chowdhury PLC,"Defence startup focusing on Drones, Robotics","Chowdhury PLC specializes in Drones, Robotics combined with innovative software to solve defence challenges.",Defence,[],"['Drones', 'Robotics']",[],15,12,48,Average,15,43,20200000,38,Bootstrapped,7000000,Mature,['ISO 27001'],2,17,11,True,True,Low,Local,Delhi,['Kerala'],Pan India,2,Comprehensive,8x5,Complete,excellent_tech_excellent_exp
a3a5d6f9-4a03-478f-9e34-58ebde7ec532,Kala PLC,"Renewable Energy startup focusing on IoT, ML","Kala PLC specializes in IoT, ML combined with innovative software to solve renewable energy challenges.",Renewable Energy,[],"['IoT', 'ML']",[],10,7,3,Specialized,20,57,33000000,12,Bootstrapped,12000000,MVP,['None'],3,8,15,True,True,Low,National,Coimbatore,"['Gujarat', 'Tamil Nadu', 'Karnataka']",Coimbatore,10,Comprehensive,8x5,Complete,excellent_tech_excellent_exp
b801286a-0531-4605-b29e-9d938c42aa93,Kapur-Naik,"Renewable Energy startup focusing on Smart Grids, ML","We build Smart Grids, ML systems for renewable energy applications, delivering scalable solutions and intelligent integration.",Renewable Energy,[],"['Smart Grids', 'ML']",[],13,3,24,Average,18,54,23800000,78,Series A,14000000,Early Revenue,['CMMI'],0,3,9,True,True,Medium,Local,Surat,['Maharashtra'],Surat,8,Advanced,24x7,Complete,highly_specialized
5d0e4798-9647-4120-9c7a-a150ca79f0dc,Bansal Inc,"Governance startup focusing on OCR, Blockchain","We build OCR, Blockchain systems for governance applications, delivering scalable solutions and intelligent integration.",Governance,['Healthcare'],"['OCR', 'Blockchain']",['Wearables'],3,1,90,Average,24,34,24400000,80,Series C,1000000,MVP,['SOC 2'],0,3,12,True,False,High,National,Surat,"['Karnataka', 'Kerala', 'Gujarat', 'Delhi']",Nagpur,4,Advanced,8x5,Complete,excellent_tech_low_exp
ea315dc4-63a4-411d-b197-70c969cb31ab,Dey-Garde,Cybersecurity startup focusing on Cryptography,An innovative startup leveraging Cryptography to revolutionize cybersecurity operations.,Cybersecurity,[],['Cryptography'],[],14,12,7,Average,17,88,26400000,46,Series B,2000000,Prototype,"['SOC 2', 'None']",2,6,0,True,True,Low,Local,Coimbatore,"['West Bengal', 'Gujarat']",Pan India,10,Comprehensive,Community,Complete,high_exp_weak_tech
8973b8fa-737f-4520-81d1-408f504218ef,Butala LLC,"Cybersecurity startup focusing on Threat Detection, Network Security, Blockchain","An innovative startup leveraging Threat Detection, Network Security, Blockchain to revolutionize cybersecurity operations.",Cybersecurity,[],"['Threat Detection', 'Network Security', 'Blockchain']",[],11,11,48,Strong,18,72,49700000,71,Series C,6000000,Growth,"['None', 'CMMI']",0,10,6,True,True,High,Local,Pune,['Maharashtra'],Visakhapatnam,11,Basic,24x7,Complete,established_weak_relevance
83eaaed2-5d35-43b6-a84d-70cd4844968e,"Ghosh, Chana and Atwal","FinTech startup focusing on NLP, Fraud Detection, AI","An innovative startup leveraging NLP, Fraud Detection, AI to revolutionize fintech operations.",FinTech,[],"['NLP', 'Fraud Detection', 'AI']",[],15,15,9,Strong,18,61,14300000,50,Series A,12000000,Early Revenue,"['CMMI', 'SOC 2']",2,16,14,True,True,High,Regional,Patna,"['Telangana', 'UP', 'West Bengal', 'Tamil Nadu']",Ahmedabad,2,Basic,24x7,Complete,high_exp_weak_tech
a35eb03a-9374-4a9c-89e1-37bae4fe3f35,Bhagat Inc,Governance startup focusing on Blockchain,Bhagat Inc specializes in Blockchain combined with innovative software to solve governance challenges.,Governance,"['Cybersecurity', 'Waste Management']",['Blockchain'],"['Sensors', 'Blockchain']",1,0,34,Average,14,75,44300000,63,Series B,5000000,Mature,['None'],5,0,14,True,False,High,Regional,Delhi,['Telangana'],Pan India,5,Advanced,Community,Complete,excellent_tech_low_exp
626b9b80-a558-46d3-a543-2ba59bcf4644,Bajwa-Loke,FinTech startup focusing on AI,We provide end-to-end fintech services powered by AI and a strong team of experts.,FinTech,[],['AI'],[],13,3,168,Specialized,22,59,14600000,54,Seed,11000000,Prototype,"['ISO 27001', 'SOC 2']",0,6,7,True,True,High,National,Chandigarh,"['Maharashtra', 'Tamil Nadu']",Pan India,4,Basic,24x7,Complete,excellent_tech_excellent_exp
8613beb6-c61f-4d8d-9228-2fc28364be74,"Rout, Mutti and Krishna","Cybersecurity startup focusing on AI, Blockchain, Threat Detection","We provide end-to-end cybersecurity services powered by AI, Blockchain, Threat Detection and a strong team of experts.",Cybersecurity,"['Healthcare', 'Tourism']","['AI', 'Blockchain', 'Threat Detection']","['Wearables', 'Recommendation Systems']",7,7,35,Strong,7,37,34300000,27,Bootstrapped,4000000,MVP,['ISO 27001'],5,16,9,True,True,High,Regional,Delhi,"['Tamil Nadu', 'Delhi', 'Maharashtra', 'Kerala']",Indore,11,Comprehensive,24x7,Complete,strong_sector_weak_scale
f378bca2-2229-423a-acd0-9159419eade5,"Rajan, Sami and Sule","Smart City startup focusing on Data Analytics, IoT, Computer Vision","An innovative startup leveraging Data Analytics, IoT, Computer Vision to revolutionize smart city operations.",Smart City,"['Defence', 'Infrastructure']","['Data Analytics', 'IoT', 'Computer Vision']","['Drones', 'Sensors']",1,1,48,Average,9,66,6800000,13,Bootstrapped,3000000,MVP,['None'],4,11,2,True,False,Low,National,Bengaluru,['Maharashtra'],Jaipur,7,Basic,24x7,Incomplete,incomplete_eligibility
513933bf-47eb-4025-8499-8642dd930445,Bassi-Dhar,FinTech startup focusing on AI,An innovative startup leveraging AI to revolutionize fintech operations.,FinTech,"['Healthcare', 'Infrastructure']",['AI'],"['Predictive Maintenance', 'NLP']",5,2,3,Average,17,87,12300000,18,Series C,10000000,Prototype,['None'],1,16,3,True,True,Medium,National,Nagpur,"['West Bengal', 'Tamil Nadu']",Kochi,6,Comprehensive,8x5,Complete,strong_tech_geo_mismatch
13edbb9b-78c3-4ce1-85aa-29c26b8113d3,"Pau, Sridhar and Sane","Transportation startup focusing on Route Optimization, Predictive Maintenance, IoT","An innovative startup leveraging Route Optimization, Predictive Maintenance, IoT to revolutionize transportation operations.",Transportation,[],"['Route Optimization', 'Predictive Maintenance', 'IoT']",[],9,5,8,Strong,11,89,43000000,67,Series C,1000000,MVP,"['ISO 27001', 'SOC 2']",4,16,6,True,True,Medium,National,Hyderabad,"['Maharashtra', 'UP', 'Telangana', 'Tamil Nadu']",Bhopal,9,Advanced,8x5,Complete,highly_specialized
b081695f-9d1d-48fe-b0d4-0a8cb4fde18f,Menon LLC,"Agriculture startup focusing on ML, Satellite Imaging","Menon LLC specializes in ML, Satellite Imaging combined with innovative software to solve agriculture challenges.",Agriculture,"['Tourism', 'Disaster Management']","['ML', 'Satellite Imaging']","['NLP', 'Predictive Analytics']",1,1,60,Average,7,46,17000000,78,Series A,20000000,Mature,['None'],3,10,14,True,False,Low,Regional,Gurugram,"['UP', 'Telangana']",Pan India,7,Advanced,Community,Complete,early_stage_excellent_prototype
e1223ae1-f82b-462e-8642-2e2fb9de839b,Malhotra-Ganesh,"Cybersecurity startup focusing on Cryptography, AI","We build Cryptography, AI systems for cybersecurity applications, delivering scalable solutions and intelligent integration.",Cybersecurity,[],"['Cryptography', 'AI']",[],14,12,31,Strong,14,39,24800000,36,Series C,10000000,MVP,['CMMI'],1,15,12,True,True,Medium,National,Kolkata,"['Tamil Nadu', 'Gujarat']",Mumbai,12,Comprehensive,8x5,Complete,established_weak_relevance
bd93eb81-5756-494e-a21a-6f5f96e825dd,"Badami, Pal and Agate","Defence startup focusing on Cybersecurity, Robotics, Drones","Badami, Pal and Agate specializes in Cybersecurity, Robotics, Drones combined with innovative software to solve defence challenges.",Defence,['Cybersecurity'],"['Cybersecurity', 'Robotics', 'Drones']",['Threat Detection'],4,0,10,Specialized,4,70,46900000,70,Series B,7000000,Mature,['CMMI'],3,15,14,True,True,Low,National,Ahmedabad,"['Gujarat', 'Telangana']",Nashik,11,Comprehensive,24x7,Complete,multi_sector
9d61f270-482c-4def-a37b-636281e926dd,Khare LLC,"Transportation startup focusing on Route Optimization, Predictive Maintenance, IoT","An innovative startup leveraging Route Optimization, Predictive Maintenance, IoT to revolutionize transportation operations.",Transportation,[],"['Route Optimization', 'Predictive Maintenance', 'IoT']",[],15,2,4,Specialized,19,61,7200000,34,Seed,1000000,Early Revenue,"['CMMI', 'SOC 2']",0,19,13,True,True,Low,National,Patna,"['Maharashtra', 'Kerala', 'Telangana', 'Gujarat']",Guwahati,6,Advanced,24x7,Complete,strong_tech_geo_mismatch
b739fd80-7403-4e87-8aeb-e94a1ce7a6ab,"Dara, Issac and Bir",Rural Development startup focusing on Renewable Tech,"Dara, Issac and Bir specializes in Renewable Tech combined with innovative software to solve rural development challenges.",Rural Development,['Water Management'],['Renewable Tech'],['Predictive Analytics'],1,1,54,Specialized,13,73,8200000,46,Series A,6000000,Growth,['SOC 2'],1,2,2,False,True,High,National,Bengaluru,"['Karnataka', 'Gujarat', 'West Bengal', 'Telangana']",Pan India,7,Basic,8x5,Complete,early_stage_excellent_prototype
1fe21af5-7144-4877-b3bf-30ab244d086f,Tata Group,Waste Management startup focusing on IoT,"We build IoT systems for waste management applications, delivering scalable solutions and intelligent integration.",Waste Management,['Tourism'],['IoT'],['Mobile Tech'],14,14,151,Strong,20,52,1500000,74,Series C,18000000,MVP,"['CMMI', 'SOC 2']",4,14,6,True,True,Low,Regional,Ahmedabad,"['Gujarat', 'West Bengal']",Pan India,2,Advanced,Community,Complete,high_exp_weak_tech
02a59e28-99a7-4cdf-b525-af7c043c5f39,Bandi-De,Public Safety startup focusing on Predictive Analytics,"We build Predictive Analytics systems for public safety applications, delivering scalable solutions and intelligent integration.",Public Safety,['Tourism'],['Predictive Analytics'],['Recommendation Systems'],4,4,50,Strong,6,90,41500000,29,Series B,4000000,Growth,"['None', 'ISO 27001']",4,4,9,True,False,High,Regional,Chennai,"['West Bengal', 'Telangana']",Pan India,1,Basic,Community,Complete,strong_sector_weak_scale
bf993338-1d98-4c1b-822c-1eaffc501e56,"Vohra, Kade and Mukhopadhyay","Cybersecurity startup focusing on Cryptography, Threat Detection, Blockchain","An innovative startup leveraging Cryptography, Threat Detection, Blockchain to revolutionize cybersecurity operations.",Cybersecurity,[],"['Cryptography', 'Threat Detection', 'Blockchain']",[],5,5,8,Strong,9,61,1200000,53,Bootstrapped,12000000,MVP,['SOC 2'],1,10,13,True,True,High,Local,Bhopal,"['Karnataka', 'Maharashtra']",Pan India,12,Basic,Community,Incomplete,incomplete_eligibility
6aa38238-9f31-4cfb-b5a8-c22dea8be790,Lad-Lata,Healthcare startup focusing on Medical AI,An innovative startup leveraging Medical AI to revolutionize healthcare operations.,Healthcare,"['Skill Development', 'Tourism']",['Medical AI'],"['VR/AR', 'Recommendation Systems']",12,0,6,Specialized,16,34,32900000,39,Series A,17000000,Mature,['ISO 27001'],4,7,1,True,True,Medium,National,Gurugram,"['Kerala', 'UP', 'Karnataka', 'Maharashtra']",Visakhapatnam,7,Basic,Community,Complete,multi_sector
a40f82bf-9271-4ccb-bc92-8bbe88d206ed,Dutta Ltd,Smart City startup focusing on Data Analytics,Dutta Ltd specializes in Data Analytics combined with innovative software to solve smart city challenges.,Smart City,"['Agriculture', 'Cybersecurity']",['Data Analytics'],"['Drones', 'Threat Detection']",6,6,39,Strong,8,32,44600000,54,Series A,17000000,MVP,['ISO 27001'],4,13,15,True,True,Low,National,Kochi,"['Telangana', 'Maharashtra', 'Tamil Nadu']",Pan India,12,Advanced,8x5,Complete,excellent_tech_excellent_exp
2f5600ef-f641-4070-8b78-d96be65a9f52,"Dhawan, Sidhu and More","Governance startup focusing on Machine Learning, NLP","Dhawan, Sidhu and More specializes in Machine Learning, NLP combined with innovative software to solve governance challenges.",Governance,"['Renewable Energy', 'Disaster Management']","['Machine Learning', 'NLP']","['IoT', 'Predictive Analytics']",13,7,75,Specialized,21,64,24500000,60,Seed,13000000,MVP,"['None', 'ISO 27001']",0,20,12,True,True,High,Local,Kochi,"['Telangana', 'UP', 'Maharashtra', 'Delhi']",Indore,8,Comprehensive,Community,Complete,highly_specialized
c2eec3e1-693d-4f05-a194-8f3a49501116,Dubey-Khare,"Logistics startup focusing on IoT, Predictive Analytics, Blockchain","We build IoT, Predictive Analytics, Blockchain systems for logistics applications, delivering scalable solutions and intelligent integration.",Logistics,[],"['IoT', 'Predictive Analytics', 'Blockchain']",[],2,1,97,Average,11,67,34600000,78,Series C,7000000,Early Revenue,['SOC 2'],2,10,15,False,False,Low,Regional,Jaipur,"['Kerala', 'Tamil Nadu', 'Karnataka', 'West Bengal']",Noida,12,Comprehensive,8x5,Incomplete,incomplete_eligibility
637f9a6d-7626-4d08-ae93-4a695234084e,"Dada, Yogi and Varma",Waste Management startup focusing on Computer Vision,"We build Computer Vision systems for waste management applications, delivering scalable solutions and intelligent integration.",Waste Management,[],['Computer Vision'],[],2,1,34,Strong,20,90,29800000,34,Series A,12000000,Early Revenue,['CMMI'],0,20,3,False,False,Low,Local,Nagpur,"['Karnataka', 'UP', 'Gujarat']",Pan India,5,Advanced,Community,Complete,multi_sector
718e7889-323f-41a3-aa7e-4090474b89a2,Borra-Sharaf,"Defence startup focusing on Cybersecurity, AI","We build Cybersecurity, AI systems for defence applications, delivering scalable solutions and intelligent integration.",Defence,"['Rural Development', 'Infrastructure']","['Cybersecurity', 'AI']",['IoT'],1,0,4,Specialized,17,55,17400000,11,Bootstrapped,15000000,Early Revenue,['ISO 27001'],3,20,11,True,True,Low,Local,Noida,"['Delhi', 'Maharashtra', 'Gujarat', 'Tamil Nadu']",Bengaluru,3,Basic,8x5,Complete,excellent_tech_low_exp
1895bf4f-1253-440f-8eb4-2d1e971e344b,Lata-Padmanabhan,Disaster Management startup focusing on Drones,Lata-Padmanabhan specializes in Drones combined with innovative software to solve disaster management challenges.,Disaster Management,"['Transportation', 'Smart City']",['Drones'],"['IoT', 'Data Analytics']",11,11,116,Average,23,77,23100000,56,Series A,0,Early Revenue,"['ISO 27001', 'None']",2,9,12,True,True,High,National,Lucknow,"['West Bengal', 'Tamil Nadu', 'Karnataka', 'Gujarat']",Bhopal,4,Advanced,Community,Incomplete,incomplete_eligibility
8e632e3a-6689-4cd2-9e24-211eb29ac05d,Korpal-Date,Water Management startup focusing on Sensors,An innovative startup leveraging Sensors to revolutionize water management operations.,Water Management,['FinTech'],['Sensors'],['Data Analytics'],12,1,159,Specialized,15,72,33900000,63,Series A,16000000,MVP,"['SOC 2', 'None']",2,20,13,True,True,High,Local,Indore,"['Delhi', 'Kerala', 'UP', 'Telangana']",Chandigarh,4,Basic,8x5,Complete,multi_sector
34b6258b-be3d-404c-9d18-6e7e93515158,"Mohan, Kalla and Bose","Rural Development startup focusing on Renewable Tech, IoT, Mobile Tech","An innovative startup leveraging Renewable Tech, IoT, Mobile Tech to revolutionize rural development operations.",Rural Development,['FinTech'],"['Renewable Tech', 'IoT', 'Mobile Tech']",['AI'],3,3,23,Specialized,4,52,44600000,65,Bootstrapped,9000000,Early Revenue,['None'],5,1,5,True,False,Medium,Regional,New Delhi,['Karnataka'],Pan India,5,Basic,Community,Complete,strong_sector_weak_scale
caf69984-7852-45a9-8fbb-2fa65c9d3a00,"Madan, Butala and Oak","Transportation startup focusing on IoT, Computer Vision","We build IoT, Computer Vision systems for transportation applications, delivering scalable solutions and intelligent integration.",Transportation,"['Healthcare', 'Rural Development']","['IoT', 'Computer Vision']","['Mobile Tech', 'Wearables']",14,9,138,Average,16,51,12300000,13,Series C,11000000,Prototype,"['ISO 27001', 'None']",1,20,0,True,True,Medium,Regional,Bengaluru,"['UP', 'Maharashtra']",Pan India,6,Basic,8x5,Complete,excellent_tech_excellent_exp
4fdf6ba7-0881-4a9b-bed3-f9bcc13a17e6,Raman and Sons,"Cybersecurity startup focusing on Network Security, Blockchain","An innovative startup leveraging Network Security, Blockchain to revolutionize cybersecurity operations.",Cybersecurity,['Skill Development'],"['Network Security', 'Blockchain']",['Recommendation Systems'],11,9,5,Strong,17,52,18000000,13,Seed,14000000,Early Revenue,['CMMI'],5,12,5,True,True,High,Regional,Hyderabad,['UP'],Lucknow,4,Comprehensive,8x5,Complete,high_exp_weak_tech
3e24b50b-befd-43d3-8d67-7a9696244119,Sharma-Dube,"Infrastructure startup focusing on Computer Vision, Predictive Maintenance","An innovative startup leveraging Computer Vision, Predictive Maintenance to revolutionize infrastructure operations.",Infrastructure,"['FinTech', 'Skill Development']","['Computer Vision', 'Predictive Maintenance']","['Recommendation Systems', 'Data Analytics']",1,0,5,Average,11,78,34000000,48,Seed,14000000,Prototype,"['SOC 2', 'CMMI']",1,17,3,False,False,Low,Local,Kochi,"['Kerala', 'Maharashtra', 'UP']",Pan India,11,Advanced,24x7,Complete,highly_specialized
4efd4b09-80b7-49e1-8f48-18c0cc0c271c,Parekh-Shah,"FinTech startup focusing on Data Analytics, Blockchain","We build Data Analytics, Blockchain systems for fintech applications, delivering scalable solutions and intelligent integration.",FinTech,['Defence'],"['Data Analytics', 'Blockchain']",['Drones'],3,1,115,Specialized,22,89,20000000,30,Bootstrapped,13000000,Mature,['ISO 27001'],4,13,7,True,True,Low,National,Guwahati,"['Maharashtra', 'Kerala', 'Gujarat']",Pan India,5,Advanced,8x5,Complete,excellent_tech_low_exp
6e5bfbc4-bc8e-4ebf-9464-55c826ac9ba2,Soman-Sule,"Waste Management startup focusing on Sensors, IoT, Route Optimization","We build Sensors, IoT, Route Optimization systems for waste management applications, delivering scalable solutions and intelligent integration.",Waste Management,"['Skill Development', 'Tourism']","['Sensors', 'IoT', 'Route Optimization']","['NLP', 'Recommendation Systems']",11,1,4,Average,19,52,47000000,77,Bootstrapped,9000000,MVP,['SOC 2'],2,19,7,True,True,Medium,Regional,Lucknow,['Telangana'],Pan India,12,Basic,8x5,Complete,multi_sector
66d6b53d-c06c-40a9-9ab7-eb8db23d401c,Ram-Mangat,"Renewable Energy startup focusing on Smart Grids, IoT","An innovative startup leveraging Smart Grids, IoT to revolutionize renewable energy operations.",Renewable Energy,['Cybersecurity'],"['Smart Grids', 'IoT']",['Cryptography'],2,2,4,Specialized,10,42,30200000,13,Bootstrapped,16000000,MVP,"['SOC 2', 'CMMI']",4,11,7,True,True,High,National,New Delhi,"['West Bengal', 'Maharashtra', 'Gujarat', 'Kerala']",Hyderabad,1,Advanced,8x5,Complete,early_stage_excellent_prototype
a6f374f3-a2b4-4ac8-ae6f-e876f104029f,Date-Kapur,"Tourism startup focusing on Recommendation Systems, Mobile Tech, VR/AR","Date-Kapur specializes in Recommendation Systems, Mobile Tech, VR/AR combined with innovative software to solve tourism challenges.",Tourism,[],"['Recommendation Systems', 'Mobile Tech', 'VR/AR']",[],7,5,3,Specialized,9,77,5700000,64,Bootstrapped,16000000,Growth,['SOC 2'],1,3,7,True,True,Medium,National,Mumbai,"['West Bengal', 'Delhi', 'Gujarat']",Kochi,8,Basic,8x5,Complete,multi_sector
41231fe0-be76-49a6-abc7-c4e13d94bcac,Handa and Sons,"FinTech startup focusing on Fraud Detection, NLP, AI","An innovative startup leveraging Fraud Detection, NLP, AI to revolutionize fintech operations.",FinTech,[],"['Fraud Detection', 'NLP', 'AI']",[],1,1,32,Average,2,30,2800000,42,Seed,0,MVP,"['SOC 2', 'None']",3,17,1,True,False,High,Regional,Pune,"['Gujarat', 'Kerala']",Kochi,1,Basic,Community,Complete,strong_sector_weak_scale
99d41acc-6209-4021-8584-37e5a2ca7990,Bera LLC,"Healthcare startup focusing on Computer Vision, Data Analytics, NLP","We build Computer Vision, Data Analytics, NLP systems for healthcare applications, delivering scalable solutions and intelligent integration.",Healthcare,['Smart City'],"['Computer Vision', 'Data Analytics', 'NLP']",['Data Analytics'],11,10,67,Strong,12,86,27700000,74,Seed,17000000,MVP,"['SOC 2', 'ISO 27001']",0,10,3,True,True,Low,Local,Chennai,"['Karnataka', 'Maharashtra', 'Tamil Nadu', 'Telangana']",Pan India,1,Basic,8x5,Complete,high_exp_weak_tech
c9005a73-c6f0-4353-9d85-75fc1a3e15e4,Varughese-Soman,"Infrastructure startup focusing on IoT, Predictive Maintenance","We build IoT, Predictive Maintenance systems for infrastructure applications, delivering scalable solutions and intelligent integration.",Infrastructure,['Defence'],"['IoT', 'Predictive Maintenance']",['Computer Vision'],3,1,149,Strong,20,66,11300000,63,Bootstrapped,20000000,Growth,['CMMI'],4,0,14,True,False,High,Regional,Indore,"['Telangana', 'Karnataka', 'West Bengal', 'Kerala']",Pan India,2,Advanced,Community,Complete,excellent_tech_low_exp
d2bf9cc8-1e92-4737-8e7b-dfea491dd926,Iyengar Ltd,"Education startup focusing on NLP, VR/AR","An innovative startup leveraging NLP, VR/AR to revolutionize education operations.",Education,[],"['NLP', 'VR/AR']",[],2,1,27,Strong,7,43,40600000,78,Series B,0,Mature,"['ISO 27001', 'CMMI']",4,2,8,False,False,Medium,Regional,Indore,"['Telangana', 'Kerala', 'UP', 'West Bengal']",Pan India,10,Basic,24x7,Complete,excellent_tech_excellent_exp
35a6d8a7-7ac7-4f10-a94d-58eb0c87128a,"Ghose, Sangha and Dixit",Governance startup focusing on Blockchain,We provide end-to-end governance services powered by Blockchain and a strong team of experts.,Governance,['Agriculture'],['Blockchain'],['ML'],14,14,42,Strong,16,77,29900000,55,Series B,12000000,Growth,['ISO 27001'],2,11,15,True,True,Low,Regional,Hyderabad,"['UP', 'West Bengal']",Coimbatore,1,Basic,Community,Complete,high_exp_weak_tech
a666cea4-bf02-441a-be43-9a893ce77d62,Oak-Gandhi,"Cybersecurity startup focusing on AI, Cryptography, Threat Detection","An innovative startup leveraging AI, Cryptography, Threat Detection to revolutionize cybersecurity operations.",Cybersecurity,[],"['AI', 'Cryptography', 'Threat Detection']",[],11,9,34,Specialized,12,34,11100000,10,Series B,13000000,Prototype,"['SOC 2', 'None']",5,3,11,True,True,Low,Regional,Chandigarh,"['Maharashtra', 'Kerala']",Kolkata,4,Advanced,24x7,Complete,established_weak_relevance
e52b99bb-af80-4f8d-bd79-73aa608f2d21,"Goel, Saraf and Vaidya","Disaster Management startup focusing on IoT, Predictive Analytics","Goel, Saraf and Vaidya specializes in IoT, Predictive Analytics combined with innovative software to solve disaster management challenges.",Disaster Management,[],"['IoT', 'Predictive Analytics']",[],11,11,10,Average,21,68,1400000,45,Seed,12000000,MVP,['None'],4,5,4,True,True,High,National,Hyderabad,"['West Bengal', 'Karnataka']",Bhopal,10,Basic,24x7,Complete,established_weak_relevance
cf534a81-c461-4b2d-946c-e3922ad180c3,"Sangha, Golla and Bajwa","Agriculture startup focusing on Computer Vision, ML","Sangha, Golla and Bajwa specializes in Computer Vision, ML combined with innovative software to solve agriculture challenges.",Agriculture,[],"['Computer Vision', 'ML']",[],12,10,4,Specialized,14,47,23100000,31,Series B,3000000,Mature,['ISO 27001'],0,17,3,True,True,Medium,National,Patna,"['Karnataka', 'West Bengal', 'Telangana', 'Gujarat']",Kochi,10,Advanced,24x7,Complete,multi_sector
43ea3e06-7f82-482a-a09e-4544982aa76f,"Tak, Bhargava and Seth","Tourism startup focusing on NLP, VR/AR","We build NLP, VR/AR systems for tourism applications, delivering scalable solutions and intelligent integration.",Tourism,"['Rural Development', 'Healthcare']","['NLP', 'VR/AR']","['IoT', 'Wearables']",13,11,44,Strong,19,34,37700000,22,Series B,6000000,Early Revenue,"['SOC 2', 'ISO 27001']",3,6,3,True,True,Low,National,Kochi,"['Gujarat', 'West Bengal', 'Kerala']",New Delhi,2,Advanced,Community,Complete,established_weak_relevance
1d9c95c9-4382-456a-88fa-d7d3f778cb49,"Gala, Hora and Rege","Water Management startup focusing on IoT, Machine Learning","We build IoT, Machine Learning systems for water management applications, delivering scalable solutions and intelligent integration.",Water Management,"['Governance', 'Transportation']","['IoT', 'Machine Learning']","['IoT', 'Data Analytics']",9,9,2,Average,11,57,5800000,36,Series B,11000000,MVP,['ISO 27001'],3,7,6,True,True,Medium,Local,Gurugram,['West Bengal'],Guwahati,5,Comprehensive,8x5,Complete,excellent_tech_excellent_exp
5aec0e46-3747-414a-a905-959e115d6ed1,Mandal Ltd,Healthcare startup focusing on Computer Vision,Mandal Ltd specializes in Computer Vision combined with innovative software to solve healthcare challenges.,Healthcare,['Skill Development'],['Computer Vision'],['Recommendation Systems'],1,1,145,Specialized,20,88,17400000,63,Series C,17000000,Prototype,['CMMI'],2,6,4,True,False,Medium,Local,Kochi,"['Maharashtra', 'Telangana', 'West Bengal']",Pan India,11,Comprehensive,24x7,Complete,early_stage_excellent_prototype
5930f75e-ed5d-47b0-99ff-bda3c5168918,"Koshy, Bedi and Thakkar",Disaster Management startup focusing on Predictive Analytics,An innovative startup leveraging Predictive Analytics to revolutionize disaster management operations.,Disaster Management,['Defence'],['Predictive Analytics'],['Drones'],7,0,3,Average,10,82,30600000,43,Seed,17000000,Early Revenue,"['SOC 2', 'ISO 27001']",2,12,6,True,True,Low,National,Gurugram,['West Bengal'],Guwahati,9,Comprehensive,Community,Incomplete,incomplete_eligibility
182d0868-252a-428e-b07a-748081169df0,Chaudhary-Vora,"Waste Management startup focusing on Computer Vision, Sensors","An innovative startup leveraging Computer Vision, Sensors to revolutionize waste management operations.",Waste Management,"['Healthcare', 'Tourism']","['Computer Vision', 'Sensors']","['NLP', 'Recommendation Systems']",2,1,95,Specialized,4,56,32500000,34,Series B,16000000,Prototype,['SOC 2'],1,19,15,True,False,Medium,Local,Bhubaneswar,"['Maharashtra', 'West Bengal']",Pan India,12,Advanced,8x5,Complete,excellent_tech_low_exp
7d7deb1a-ae7f-46ec-9cd2-c93c3a63da1b,Ravi PLC,"Defence startup focusing on Drones, Robotics, Cybersecurity","We provide end-to-end defence services powered by Drones, Robotics, Cybersecurity and a strong team of experts.",Defence,['Cybersecurity'],"['Drones', 'Robotics', 'Cybersecurity']",['AI'],2,2,24,Average,11,87,9400000,40,Bootstrapped,3000000,Mature,['None'],2,8,5,False,False,Low,National,Surat,['Telangana'],Nashik,4,Advanced,8x5,Complete,strong_sector_weak_scale
7613231d-640d-452e-8939-f46b5ee8668d,Lall PLC,"Skill Development startup focusing on Machine Learning, Recommendation Systems","We build Machine Learning, Recommendation Systems systems for skill development applications, delivering scalable solutions and intelligent integration.",Skill Development,['Rural Development'],"['Machine Learning', 'Recommendation Systems']",['IoT'],12,12,37,Average,19,52,31300000,46,Seed,19000000,Mature,['SOC 2'],3,1,10,True,True,Medium,National,Delhi,"['Gujarat', 'Maharashtra', 'UP']",Pan India,9,Basic,24x7,Complete,established_weak_relevance
53e20dcc-01f0-4f6c-a0bd-9680bf51794f,Subramanian-Chaudhry,"Agriculture startup focusing on IoT, Satellite Imaging, Drones","We provide end-to-end agriculture services powered by IoT, Satellite Imaging, Drones and a strong team of experts.",Agriculture,['Smart City'],"['IoT', 'Satellite Imaging', 'Drones']",['Edge Computing'],11,10,4,Specialized,21,89,19500000,58,Series B,19000000,MVP,['None'],1,7,12,True,True,Low,National,Chennai,['Maharashtra'],Pan India,10,Comprehensive,8x5,Complete,high_exp_weak_tech
cc870230-1df5-4279-bae4-90a5390de37e,"Pal, Thaman and Shanker","Skill Development startup focusing on NLP, Recommendation Systems","An innovative startup leveraging NLP, Recommendation Systems to revolutionize skill development operations.",Skill Development,[],"['NLP', 'Recommendation Systems']",[],10,8,28,Average,16,42,38100000,34,Series A,16000000,Mature,['SOC 2'],2,6,15,True,True,Medium,Local,Coimbatore,"['Kerala', 'Tamil Nadu', 'Gujarat', 'Karnataka']",Chandigarh,6,Advanced,8x5,Complete,established_weak_relevance
a6fb5d35-a134-451e-885d-858c967dd604,Sunder-Zachariah,"Water Management startup focusing on Predictive Analytics, Machine Learning, IoT","An innovative startup leveraging Predictive Analytics, Machine Learning, IoT to revolutionize water management operations.",Water Management,[],"['Predictive Analytics', 'Machine Learning', 'IoT']",[],9,5,11,Strong,25,81,17400000,12,Series C,11000000,Mature,"['CMMI', 'None']",0,7,13,True,True,High,Regional,Ahmedabad,"['Delhi', 'Gujarat', 'Tamil Nadu']",Hyderabad,7,Advanced,8x5,Complete,strong_sector_weak_scale
b53ce279-e4d9-4f1d-bdc5-d289ecfe2a4c,"Dayal, Taneja and Memon","Environment startup focusing on Data Analytics, Sensors, IoT","We provide end-to-end environment services powered by Data Analytics, Sensors, IoT and a strong team of experts.",Environment,['Education'],"['Data Analytics', 'Sensors', 'IoT']",['Machine Learning'],5,1,10,Specialized,18,57,14500000,61,Series B,18000000,Mature,"['CMMI', 'ISO 27001']",3,3,14,True,True,High,National,Bengaluru,"['Karnataka', 'Maharashtra', 'Kerala', 'Telangana']",Guwahati,2,Basic,8x5,Complete,strong_tech_geo_mismatch
b9ef221c-acfb-4eec-ab81-0c4be168b5d7,"Salvi, Hari and Acharya",Transportation startup focusing on Computer Vision,We provide end-to-end transportation services powered by Computer Vision and a strong team of experts.,Transportation,"['Environment', 'Rural Development']",['Computer Vision'],"['Renewable Tech', 'Satellite Imaging']",1,1,8,Strong,22,36,27700000,74,Series B,15000000,Early Revenue,"['SOC 2', 'ISO 27001']",2,6,11,False,False,Low,Regional,Jaipur,['Gujarat'],Indore,12,Comprehensive,8x5,Complete,early_stage_excellent_prototype
5222657b-1350-4cb4-9f62-7351579f6521,Andra and Sons,Disaster Management startup focusing on Predictive Analytics,An innovative startup leveraging Predictive Analytics to revolutionize disaster management operations.,Disaster Management,['Water Management'],['Predictive Analytics'],['Sensors'],15,5,37,Average,16,49,30000000,31,Bootstrapped,4000000,Early Revenue,['SOC 2'],4,10,15,True,True,Medium,National,New Delhi,"['Tamil Nadu', 'Maharashtra', 'Gujarat', 'Delhi']",Pan India,9,Comprehensive,24x7,Complete,multi_sector
824c6953-9a3b-4c89-8f03-b0159389aee4,Chhabra Inc,"Tourism startup focusing on Recommendation Systems, Mobile Tech, VR/AR","We build Recommendation Systems, Mobile Tech, VR/AR systems for tourism applications, delivering scalable solutions and intelligent integration.",Tourism,[],"['Recommendation Systems', 'Mobile Tech', 'VR/AR']",[],11,6,30,Strong,24,78,900000,20,Seed,14000000,Mature,"['None', 'ISO 27001']",4,20,6,True,True,Low,Regional,Nagpur,"['Telangana', 'West Bengal', 'Delhi']",Lucknow,8,Basic,8x5,Complete,strong_sector_weak_scale
7ba223f1-3093-45ae-8e60-e2442f5a6aea,Sura and Sons,Public Safety startup focusing on Computer Vision,We provide end-to-end public safety services powered by Computer Vision and a strong team of experts.,Public Safety,['Governance'],['Computer Vision'],['OCR'],12,6,127,Specialized,24,68,10800000,43,Series B,7000000,MVP,['ISO 27001'],5,4,6,True,True,Low,Regional,Kochi,"['Maharashtra', 'West Bengal', 'Gujarat', 'Kerala']",Pune,4,Basic,24x7,Complete,strong_tech_geo_mismatch
563f7ced-45e6-4df4-91e4-78af2dcc225e,Gera-Ghosh,"Water Management startup focusing on Machine Learning, Predictive Analytics","We build Machine Learning, Predictive Analytics systems for water management applications, delivering scalable solutions and intelligent integration.",Water Management,['FinTech'],"['Machine Learning', 'Predictive Analytics']",['AI'],11,6,34,Specialized,20,87,27500000,50,Series C,19000000,Growth,"['None', 'SOC 2']",2,19,8,True,True,High,Regional,Nagpur,"['Tamil Nadu', 'Gujarat']",Delhi,4,Advanced,Community,Complete,highly_specialized
23f76d13-d2cf-4e86-b342-aa41e69f3747,"Agrawal, Bhavsar and Agarwal",Rural Development startup focusing on Renewable Tech,"We build Renewable Tech systems for rural development applications, delivering scalable solutions and intelligent integration.",Rural Development,['Smart City'],['Renewable Tech'],['Data Analytics'],8,6,10,Average,21,59,44600000,29,Series A,2000000,Early Revenue,"['None', 'ISO 27001']",2,2,2,True,True,Medium,Regional,Visakhapatnam,"['Delhi', 'Karnataka']",Pan India,1,Comprehensive,Community,Complete,strong_tech_geo_mismatch
14494b08-741f-4072-9c25-c1e126d0de60,"Lata, Shanker and Kibe","Healthcare startup focusing on Data Analytics, Wearables","An innovative startup leveraging Data Analytics, Wearables to revolutionize healthcare operations.",Healthcare,['Environment'],"['Data Analytics', 'Wearables']",['IoT'],12,8,124,Specialized,22,57,17500000,41,Series A,7000000,Early Revenue,['SOC 2'],5,4,13,True,True,Medium,Local,Nagpur,['Karnataka'],Chennai,1,Comprehensive,Community,Complete,strong_tech_geo_mismatch
2f02b183-5702-46f3-9a2b-b4880287df86,"Pillai, Dhillon and Tak",Agriculture startup focusing on IoT,We provide end-to-end agriculture services powered by IoT and a strong team of experts.,Agriculture,[],['IoT'],[],14,4,7,Average,15,35,35200000,74,Series C,3000000,Early Revenue,['CMMI'],2,12,13,True,True,Low,Regional,Coimbatore,"['West Bengal', 'UP', 'Delhi']",Mumbai,9,Advanced,Community,Incomplete,incomplete_eligibility
848278c2-f5b5-4d16-9a7c-d10fbe24dca5,Manda-Saha,"Smart City startup focusing on Data Analytics, IoT, Edge Computing","We build Data Analytics, IoT, Edge Computing systems for smart city applications, delivering scalable solutions and intelligent integration.",Smart City,['Rural Development'],"['Data Analytics', 'IoT', 'Edge Computing']",['Mobile Tech'],13,11,33,Specialized,23,69,30000000,57,Bootstrapped,8000000,MVP,['SOC 2'],0,5,5,True,True,Medium,Regional,Ahmedabad,['Gujarat'],Chennai,11,Basic,Community,Complete,established_weak_relevance
a2fe4abc-5ce6-4421-85a4-28f0c11a9d9c,Mani Group,Infrastructure startup focusing on Predictive Maintenance,An innovative startup leveraging Predictive Maintenance to revolutionize infrastructure operations.,Infrastructure,['Defence'],['Predictive Maintenance'],['Cybersecurity'],14,14,72,Average,17,43,15700000,72,Series C,18000000,Prototype,"['CMMI', 'None']",5,16,10,True,True,Low,Regional,Kochi,"['Tamil Nadu', 'Telangana', 'Karnataka']",Noida,10,Advanced,24x7,Complete,established_weak_relevance
feb9cb7b-e69d-448b-955e-b4dee6df40a5,"Kapur, Menon and Karnik","Education startup focusing on VR/AR, Machine Learning, NLP","We provide end-to-end education services powered by VR/AR, Machine Learning, NLP and a strong team of experts.",Education,[],"['VR/AR', 'Machine Learning', 'NLP']",[],13,8,9,Average,20,60,46800000,62,Series A,3000000,MVP,['SOC 2'],2,2,6,True,True,Low,Local,Lucknow,"['Delhi', 'Tamil Nadu', 'UP']",Visakhapatnam,9,Basic,24x7,Complete,multi_sector
e550bd07-0fe1-4f05-9016-fc561bf615e4,Keer-Som,"Transportation startup focusing on IoT, Computer Vision","Keer-Som specializes in IoT, Computer Vision combined with innovative software to solve transportation challenges.",Transportation,"['Logistics', 'Infrastructure']","['IoT', 'Computer Vision']","['Route Optimization', 'Sensors']",9,9,64,Specialized,21,51,15500000,19,Series A,16000000,Prototype,"['CMMI', 'SOC 2']",4,5,6,True,True,High,Local,Hyderabad,"['Tamil Nadu', 'Maharashtra']",Pan India,12,Basic,8x5,Complete,multi_sector
e21daf72-de5a-4717-8526-888ee9970067,"Tiwari, Oak and Bahri","Infrastructure startup focusing on Sensors, Predictive Maintenance","We provide end-to-end infrastructure services powered by Sensors, Predictive Maintenance and a strong team of experts.",Infrastructure,[],"['Sensors', 'Predictive Maintenance']",[],5,1,4,Specialized,12,78,44800000,57,Bootstrapped,18000000,Prototype,['ISO 27001'],4,10,4,True,True,Medium,Local,Ahmedabad,['Maharashtra'],Ahmedabad,2,Basic,8x5,Incomplete,incomplete_eligibility
9835812d-2448-4909-a569-593010f82f0e,"Radhakrishnan, Bajwa and Karnik","Agriculture startup focusing on IoT, Computer Vision","We provide end-to-end agriculture services powered by IoT, Computer Vision and a strong team of experts.",Agriculture,['FinTech'],"['IoT', 'Computer Vision']",['Blockchain'],6,1,22,Specialized,8,72,500000,67,Bootstrapped,1000000,Mature,"['None', 'CMMI']",4,9,10,True,True,Medium,Regional,Indore,"['Delhi', 'Tamil Nadu', 'Telangana', 'Kerala']",Pan India,10,Comprehensive,8x5,Complete,strong_tech_geo_mismatch
0bd667c9-4cb2-41a9-a7a8-fbd1e58f6de9,Bir LLC,"Cybersecurity startup focusing on AI, Blockchain, Threat Detection","We provide end-to-end cybersecurity services powered by AI, Blockchain, Threat Detection and a strong team of experts.",Cybersecurity,['Skill Development'],"['AI', 'Blockchain', 'Threat Detection']",['VR/AR'],9,7,3,Specialized,11,31,38300000,58,Bootstrapped,16000000,MVP,['None'],1,3,12,True,True,High,Local,Indore,"['Telangana', 'Maharashtra']",Nagpur,6,Comprehensive,24x7,Complete,established_weak_relevance
16557dba-2d07-491f-9eb2-300c4b003c41,Kunda-Ravi,"Defence startup focusing on Drones, Computer Vision","We provide end-to-end defence services powered by Drones, Computer Vision and a strong team of experts.",Defence,"['Public Safety', 'Tourism']","['Drones', 'Computer Vision']","['Mobile Tech', 'IoT']",8,1,138,Strong,12,65,7100000,55,Series B,1000000,MVP,['SOC 2'],0,1,14,True,True,Medium,National,Jaipur,"['Telangana', 'Tamil Nadu', 'Kerala', 'Maharashtra']",Kolkata,2,Basic,Community,Complete,strong_sector_weak_scale
157b33c7-38a1-4a25-a447-7e642b42eb6b,Kamdar Inc,"FinTech startup focusing on Data Analytics, AI","We build Data Analytics, AI systems for fintech applications, delivering scalable solutions and intelligent integration.",FinTech,[],"['Data Analytics', 'AI']",[],14,14,55,Average,22,31,41200000,58,Seed,5000000,Early Revenue,['CMMI'],2,9,15,True,True,Medium,Regional,Bhopal,"['Karnataka', 'UP', 'Telangana']",Mumbai,7,Advanced,Community,Complete,high_exp_weak_tech
7dde43d0-3c5c-4e4b-9649-4516c4dd772d,"Seth, Aurora and Swamy",Environment startup focusing on Sensors,We provide end-to-end environment services powered by Sensors and a strong team of experts.,Environment,[],['Sensors'],[],11,9,50,Specialized,25,54,28600000,72,Series A,13000000,Mature,['ISO 27001'],1,12,1,True,True,Medium,National,Delhi,"['Karnataka', 'Maharashtra']",Pan India,9,Advanced,8x5,Complete,high_exp_weak_tech
28b00dab-7a11-462d-86ea-ccebaf9a14c3,Datta and Sons,"Environment startup focusing on Satellite Imaging, Sensors","An innovative startup leveraging Satellite Imaging, Sensors to revolutionize environment operations.",Environment,['Tourism'],"['Satellite Imaging', 'Sensors']",['VR/AR'],4,4,2,Specialized,11,65,43800000,76,Seed,18000000,Early Revenue,"['ISO 27001', 'None']",5,3,8,True,False,High,National,Pune,"['Delhi', 'Tamil Nadu', 'UP']",Pan India,10,Advanced,8x5,Complete,strong_tech_geo_mismatch
78e947e1-654f-4e80-a073-482dc04f0894,Sangha-Warrior,"Governance startup focusing on NLP, Machine Learning, Blockchain","We provide end-to-end governance services powered by NLP, Machine Learning, Blockchain and a strong team of experts.",Governance,['Transportation'],"['NLP', 'Machine Learning', 'Blockchain']",['IoT'],3,3,10,Specialized,19,77,38800000,76,Series B,10000000,Growth,['SOC 2'],2,17,5,True,True,High,Local,Nashik,['Maharashtra'],Pan India,3,Basic,24x7,Complete,multi_sector
d14894df-2594-41b4-a607-28d1969bf9e7,"Mall, Panchal and Buch","Transportation startup focusing on Computer Vision, IoT","We provide end-to-end transportation services powered by Computer Vision, IoT and a strong team of experts.",Transportation,[],"['Computer Vision', 'IoT']",[],9,4,154,Average,19,81,25700000,12,Series C,7000000,Growth,"['None', 'CMMI']",2,18,15,True,True,Medium,Local,Mumbai,"['Gujarat', 'Delhi']",Mumbai,6,Advanced,Community,Complete,highly_specialized
8188de95-e998-4ead-a5bb-d785e8821e74,Bhargava LLC,"Waste Management startup focusing on Route Optimization, Sensors, Computer Vision","We build Route Optimization, Sensors, Computer Vision systems for waste management applications, delivering scalable solutions and intelligent integration.",Waste Management,"['Defence', 'Logistics']","['Route Optimization', 'Sensors', 'Computer Vision']","['Cybersecurity', 'Route Optimization']",14,13,148,Specialized,23,61,16500000,25,Series B,8000000,Early Revenue,['None'],4,13,11,True,True,Medium,Local,Visakhapatnam,"['Kerala', 'Tamil Nadu', 'Karnataka']",Guwahati,8,Comprehensive,Community,Complete,high_exp_weak_tech
754b5ee2-2fe1-474c-8233-bd3a69e1a9fe,Gade-Chakrabarti,"Governance startup focusing on NLP, Data Analytics, Machine Learning","We provide end-to-end governance services powered by NLP, Data Analytics, Machine Learning and a strong team of experts.",Governance,[],"['NLP', 'Data Analytics', 'Machine Learning']",[],11,11,10,Specialized,21,39,4300000,51,Seed,8000000,MVP,['None'],4,6,9,True,True,High,National,New Delhi,"['Kerala', 'UP', 'Tamil Nadu', 'Karnataka']",Patna,7,Comprehensive,Community,Complete,established_weak_relevance
a656e489-b3b0-400f-9fb8-3bc9fc5b675e,Bala-Jha,"Healthcare startup focusing on NLP, Medical AI, Computer Vision","An innovative startup leveraging NLP, Medical AI, Computer Vision to revolutionize healthcare operations.",Healthcare,[],"['NLP', 'Medical AI', 'Computer Vision']",[],2,0,5,Specialized,14,55,22400000,40,Series B,3000000,Early Revenue,"['None', 'SOC 2']",3,0,11,True,True,Medium,Local,Guwahati,"['West Bengal', 'Tamil Nadu', 'Gujarat', 'Delhi']",Pan India,8,Basic,8x5,Complete,excellent_tech_low_exp
afbe9396-eadc-4f1c-8445-32ed770db504,"Sawhney, Vyas and Jaggi","Waste Management startup focusing on Computer Vision, Route Optimization, IoT","We build Computer Vision, Route Optimization, IoT systems for waste management applications, delivering scalable solutions and intelligent integration.",Waste Management,"['Transportation', 'Public Safety']","['Computer Vision', 'Route Optimization', 'IoT']","['Route Optimization', 'IoT']",13,11,163,Average,18,76,2100000,31,Seed,17000000,MVP,['CMMI'],3,10,10,True,True,High,Local,Mumbai,"['Kerala', 'Telangana']",Indore,4,Comprehensive,24x7,Complete,high_exp_weak_tech
6886635d-8bac-42e6-a640-0a830c6c3f3f,"Narula, Banerjee and Keer","Public Safety startup focusing on Predictive Analytics, Biometrics","We build Predictive Analytics, Biometrics systems for public safety applications, delivering scalable solutions and intelligent integration.",Public Safety,['Logistics'],"['Predictive Analytics', 'Biometrics']",['Predictive Analytics'],1,1,49,Average,16,53,34100000,22,Series A,2000000,MVP,"['None', 'ISO 27001']",2,19,5,False,True,High,Local,Indore,"['UP', 'Telangana', 'Tamil Nadu']",Pan India,9,Comprehensive,24x7,Complete,early_stage_excellent_prototype
867d1c90-9adc-476e-b037-91f48f4a93fc,"Rao, Rau and Kashyap","Tourism startup focusing on Recommendation Systems, NLP","Rao, Rau and Kashyap specializes in Recommendation Systems, NLP combined with innovative software to solve tourism challenges.",Tourism,['Environment'],"['Recommendation Systems', 'NLP']",['IoT'],2,2,40,Specialized,11,44,37100000,43,Series B,17000000,Growth,"['ISO 27001', 'SOC 2']",3,18,5,True,True,High,Regional,Visakhapatnam,['West Bengal'],Pan India,5,Basic,24x7,Complete,early_stage_excellent_prototype
4ea870bd-f5ef-43bc-8582-07e8aadf35ee,Kadakia Group,"Transportation startup focusing on Predictive Maintenance, Route Optimization","Kadakia Group specializes in Predictive Maintenance, Route Optimization combined with innovative software to solve transportation challenges.",Transportation,['Tourism'],"['Predictive Maintenance', 'Route Optimization']",['VR/AR'],11,0,135,Average,20,46,23600000,68,Seed,2000000,Early Revenue,"['SOC 2', 'ISO 27001']",2,11,14,True,True,High,Regional,Bhopal,"['Maharashtra', 'Delhi', 'Telangana']",Chennai,5,Basic,24x7,Complete,strong_tech_geo_mismatch
1c2b3e00-b3f5-4c9f-b737-6b2c26899c7b,"Sarma, Ratti and Deep","Infrastructure startup focusing on IoT, Computer Vision","We provide end-to-end infrastructure services powered by IoT, Computer Vision and a strong team of experts.",Infrastructure,['FinTech'],"['IoT', 'Computer Vision']",['Data Analytics'],1,1,44,Specialized,20,49,42700000,54,Series B,11000000,Mature,['CMMI'],3,1,4,False,True,Low,Regional,New Delhi,"['Delhi', 'Tamil Nadu']",Pan India,5,Basic,24x7,Complete,early_stage_excellent_prototype
783e1c6a-fcfa-4a86-96c0-415df8e54970,Badal Inc,"Education startup focusing on Recommendation Systems, Machine Learning, NLP","An innovative startup leveraging Recommendation Systems, Machine Learning, NLP to revolutionize education operations.",Education,['Public Safety'],"['Recommendation Systems', 'Machine Learning', 'NLP']",['Predictive Analytics'],12,7,9,Strong,20,75,17800000,50,Seed,15000000,Early Revenue,"['CMMI', 'ISO 27001']",0,14,0,True,True,Low,National,Bhopal,['Karnataka'],Mumbai,6,Comprehensive,Community,Complete,multi_sector
4fa6c86c-f22a-4812-b6f3-ca97c16914ac,Suresh PLC,"Smart City startup focusing on Computer Vision, IoT","An innovative startup leveraging Computer Vision, IoT to revolutionize smart city operations.",Smart City,"['Healthcare', 'Education']","['Computer Vision', 'IoT']","['Machine Learning', 'Wearables']",10,0,160,Average,13,55,9100000,77,Seed,3000000,Early Revenue,['CMMI'],3,12,7,True,True,Medium,Local,Indore,"['Delhi', 'Gujarat', 'West Bengal', 'Telangana']",Nashik,1,Advanced,8x5,Incomplete,incomplete_eligibility
82a53389-7415-4204-8776-2a59e2b83de6,Madan PLC,Rural Development startup focusing on Mobile Tech,"We build Mobile Tech systems for rural development applications, delivering scalable solutions and intelligent integration.",Rural Development,[],['Mobile Tech'],[],5,0,5,Average,11,33,31300000,10,Series C,14000000,Early Revenue,['CMMI'],5,9,7,True,True,Medium,Regional,Surat,"['Gujarat', 'West Bengal']",Nashik,8,Basic,Community,Complete,strong_sector_weak_scale
af5555e2-a79c-4c97-b52b-2933e79b108a,"Sane, Deo and Modi","Environment startup focusing on Sensors, IoT, Satellite Imaging","Sane, Deo and Modi specializes in Sensors, IoT, Satellite Imaging combined with innovative software to solve environment challenges.",Environment,"['Smart City', 'Transportation']","['Sensors', 'IoT', 'Satellite Imaging']","['IoT', 'Data Analytics']",8,6,8,Specialized,21,45,8900000,53,Series B,18000000,Early Revenue,['SOC 2'],4,16,12,True,True,Medium,National,Hyderabad,['Telangana'],Pan India,4,Basic,8x5,Complete,established_weak_relevance
2d342917-b952-4c04-8bd7-9d4c5c533cd3,"Chand, Rai and Sibal",Environment startup focusing on Satellite Imaging,We provide end-to-end environment services powered by Satellite Imaging and a strong team of experts.,Environment,"['Defence', 'Waste Management']",['Satellite Imaging'],"['Computer Vision', 'IoT']",10,7,46,Average,24,46,44200000,49,Series A,12000000,Early Revenue,['SOC 2'],2,10,8,True,True,Medium,Local,Hyderabad,['UP'],Surat,2,Basic,24x7,Incomplete,incomplete_eligibility
5f09d65e-9d1e-4a4d-add3-eab7ec379238,Ghosh-Din,"Rural Development startup focusing on IoT, Data Analytics, Mobile Tech","We provide end-to-end rural development services powered by IoT, Data Analytics, Mobile Tech and a strong team of experts.",Rural Development,[],"['IoT', 'Data Analytics', 'Mobile Tech']",[],3,0,5,Specialized,12,79,11000000,66,Bootstrapped,17000000,Early Revenue,"['ISO 27001', 'SOC 2']",3,4,5,True,True,Low,Regional,Surat,"['Delhi', 'UP']",Jaipur,1,Basic,8x5,Incomplete,incomplete_eligibility
b9911a51-d6d3-4443-9f31-e3efe59e764c,Shukla Inc,"Defence startup focusing on Drones, AI, Computer Vision","We build Drones, AI, Computer Vision systems for defence applications, delivering scalable solutions and intelligent integration.",Defence,[],"['Drones', 'AI', 'Computer Vision']",[],4,0,40,Specialized,22,30,46400000,71,Series B,15000000,Growth,['SOC 2'],3,12,4,True,False,Low,Regional,Indore,"['Maharashtra', 'Kerala', 'UP', 'Karnataka']",Pan India,1,Advanced,Community,Complete,highly_specialized
05307cba-98d1-4b13-b7a1-6f6fe22a428d,Swamy-Atwal,Logistics startup focusing on Blockchain,We provide end-to-end logistics services powered by Blockchain and a strong team of experts.,Logistics,"['Public Safety', 'Infrastructure']",['Blockchain'],"['Computer Vision', 'Sensors']",14,13,107,Average,23,57,33500000,52,Series B,9000000,Prototype,['CMMI'],0,10,7,True,True,High,National,Bengaluru,"['Tamil Nadu', 'Karnataka', 'UP', 'Gujarat']",Nashik,11,Basic,8x5,Complete,high_exp_weak_tech
0ef384f2-b0d0-499d-85f0-6b04be4d2cb0,Issac-Arora,"Water Management startup focusing on IoT, Sensors","Issac-Arora specializes in IoT, Sensors combined with innovative software to solve water management challenges.",Water Management,[],"['IoT', 'Sensors']",[],1,1,2,Specialized,13,59,9600000,60,Bootstrapped,14000000,Early Revenue,['ISO 27001'],2,7,2,True,False,High,Local,Visakhapatnam,"['Telangana', 'Kerala', 'West Bengal']",Pan India,3,Basic,24x7,Complete,early_stage_excellent_prototype
e4056ac0-7482-45a6-ad81-898a2f04e011,Doctor-Varma,"Tourism startup focusing on Recommendation Systems, NLP, Mobile Tech","An innovative startup leveraging Recommendation Systems, NLP, Mobile Tech to revolutionize tourism operations.",Tourism,"['Smart City', 'Infrastructure']","['Recommendation Systems', 'NLP', 'Mobile Tech']","['Computer Vision', 'IoT']",14,13,144,Strong,24,83,38700000,74,Series C,20000000,Prototype,['CMMI'],2,14,7,True,True,Medium,Local,Bhubaneswar,"['Gujarat', 'Tamil Nadu', 'Delhi']",Pan India,12,Comprehensive,24x7,Complete,strong_sector_weak_scale
0e01580b-2d96-4824-b11a-df4e236eac05,Mukherjee-Mani,Education startup focusing on NLP,An innovative startup leveraging NLP to revolutionize education operations.,Education,[],['NLP'],[],5,0,3,Specialized,25,67,4400000,52,Series B,18000000,Mature,['SOC 2'],2,19,14,True,True,Low,Regional,Bhubaneswar,['West Bengal'],Pan India,4,Basic,24x7,Complete,strong_sector_weak_scale
62c3053e-e342-4f1e-a660-3ba71617da7f,Pathak-Sengupta,"Governance startup focusing on Machine Learning, NLP, Blockchain","Pathak-Sengupta specializes in Machine Learning, NLP, Blockchain combined with innovative software to solve governance challenges.",Governance,"['Rural Development', 'Healthcare']","['Machine Learning', 'NLP', 'Blockchain']","['Wearables', 'Data Analytics']",1,1,114,Strong,15,54,38900000,51,Series C,8000000,Prototype,"['CMMI', 'SOC 2']",3,13,1,True,False,Medium,Local,Ahmedabad,"['West Bengal', 'Delhi', 'Kerala']",Mumbai,4,Basic,8x5,Complete,strong_sector_weak_scale
c4d712be-0fae-4f3e-b37d-6f1af1912f0e,Srinivasan Ltd,"Renewable Energy startup focusing on ML, Smart Grids","An innovative startup leveraging ML, Smart Grids to revolutionize renewable energy operations.",Renewable Energy,[],"['ML', 'Smart Grids']",[],1,1,31,Specialized,9,87,39900000,10,Series C,1000000,Mature,"['CMMI', 'None']",1,3,2,False,False,Low,Regional,Ahmedabad,"['West Bengal', 'Karnataka']",Kochi,10,Comprehensive,24x7,Complete,early_stage_excellent_prototype
6ad25d19-2fe8-4bc3-af54-9360623a6b76,"Baral, Walla and Ghose",Disaster Management startup focusing on Satellite Imaging,We provide end-to-end disaster management services powered by Satellite Imaging and a strong team of experts.,Disaster Management,['Education'],['Satellite Imaging'],['NLP'],8,7,29,Average,22,39,34400000,54,Series C,18000000,Growth,['SOC 2'],3,18,6,True,True,Medium,National,Jaipur,"['Karnataka', 'Delhi', 'Tamil Nadu']",Bengaluru,11,Advanced,Community,Complete,strong_tech_geo_mismatch
cbdc046f-55d7-4a73-9842-6fe5ab018c6d,Varty Ltd,"FinTech startup focusing on NLP, AI","We provide end-to-end fintech services powered by NLP, AI and a strong team of experts.",FinTech,"['Governance', 'Smart City']","['NLP', 'AI']","['Computer Vision', 'Blockchain']",4,4,36,Average,18,68,31900000,66,Series A,14000000,Prototype,['CMMI'],1,12,7,True,False,Medium,National,New Delhi,"['Maharashtra', 'UP', 'Karnataka', 'Delhi']",Pan India,6,Basic,8x5,Complete,excellent_tech_excellent_exp
97b5f0cf-3854-40a5-832c-8f33451a25a9,"Tata, Sood and Lad",Infrastructure startup focusing on Predictive Maintenance,"We build Predictive Maintenance systems for infrastructure applications, delivering scalable solutions and intelligent integration.",Infrastructure,"['Governance', 'Defence']",['Predictive Maintenance'],"['Robotics', 'Blockchain']",15,5,6,Strong,18,69,35000000,40,Series C,7000000,Early Revenue,"['CMMI', 'ISO 27001']",3,0,12,True,True,High,Regional,Nashik,"['Karnataka', 'Kerala']",Guwahati,11,Basic,8x5,Complete,strong_sector_weak_scale
d10d5ec4-d2a2-4e14-8181-8588e737eac0,Hegde Group,"Waste Management startup focusing on Computer Vision, IoT","An innovative startup leveraging Computer Vision, IoT to revolutionize waste management operations.",Waste Management,['Infrastructure'],"['Computer Vision', 'IoT']",['Computer Vision'],2,0,31,Average,18,86,1600000,58,Series C,10000000,Early Revenue,"['None', 'ISO 27001']",0,3,0,False,True,Medium,Regional,Ahmedabad,"['UP', 'Karnataka']",Pan India,8,Advanced,24x7,Complete,excellent_tech_excellent_exp
b98fa841-a48c-46c4-9f2f-d167a936209f,Nayar-Nagi,Cybersecurity startup focusing on Cryptography,Nayar-Nagi specializes in Cryptography combined with innovative software to solve cybersecurity challenges.,Cybersecurity,['Waste Management'],['Cryptography'],['Route Optimization'],8,8,9,Strong,15,86,36900000,26,Bootstrapped,15000000,Prototype,['None'],4,12,13,True,True,Low,National,Visakhapatnam,"['UP', 'West Bengal']",Patna,3,Comprehensive,24x7,Complete,high_exp_weak_tech
d6ecda33-25a5-463f-a586-d7434492e3a5,Kadakia LLC,Transportation startup focusing on Computer Vision,An innovative startup leveraging Computer Vision to revolutionize transportation operations.,Transportation,"['Agriculture', 'Environment']",['Computer Vision'],"['IoT', 'Drones']",13,6,46,Strong,19,30,20000000,49,Seed,6000000,MVP,['CMMI'],0,0,10,True,True,Low,National,Pune,"['UP', 'West Bengal']",Ahmedabad,11,Basic,8x5,Incomplete,incomplete_eligibility
d445d31f-4fbf-4bfe-a053-3072de689793,"Ahluwalia, Tripathi and Mohan","Smart City startup focusing on IoT, Edge Computing, Computer Vision","An innovative startup leveraging IoT, Edge Computing, Computer Vision to revolutionize smart city operations.",Smart City,[],"['IoT', 'Edge Computing', 'Computer Vision']",[],2,2,33,Specialized,17,69,3400000,60,Seed,2000000,Prototype,"['CMMI', 'SOC 2']",1,14,10,True,True,Medium,Local,Bhopal,"['Tamil Nadu', 'UP', 'Maharashtra', 'Karnataka']",Gurugram,1,Advanced,Community,Complete,strong_tech_geo_mismatch
c90ae408-11ce-4170-8536-105d944bf67b,Deep and Sons,Waste Management startup focusing on Sensors,"We build Sensors systems for waste management applications, delivering scalable solutions and intelligent integration.",Waste Management,['Infrastructure'],['Sensors'],['Predictive Maintenance'],10,5,10,Average,11,80,11000000,60,Bootstrapped,8000000,Early Revenue,"['SOC 2', 'ISO 27001']",1,12,15,True,True,Low,Regional,Coimbatore,"['UP', 'Maharashtra', 'Tamil Nadu']",Nagpur,1,Basic,24x7,Complete,multi_sector
8778813e-c9c5-4642-8f26-e2d55f0adda2,Sanghvi-Narayanan,"Healthcare startup focusing on Wearables, NLP","An innovative startup leveraging Wearables, NLP to revolutionize healthcare operations.",Healthcare,"['Education', 'Tourism']","['Wearables', 'NLP']",['VR/AR'],10,2,7,Strong,17,44,6100000,29,Seed,18000000,Growth,['None'],4,20,6,True,True,Medium,National,Jaipur,"['Maharashtra', 'Gujarat']",Kolkata,6,Basic,8x5,Complete,excellent_tech_excellent_exp
fc02e78a-6fbf-46ea-a059-e1d0701d02d7,"Loyal, Misra and Chander","Governance startup focusing on Blockchain, NLP, OCR","An innovative startup leveraging Blockchain, NLP, OCR to revolutionize governance operations.",Governance,[],"['Blockchain', 'NLP', 'OCR']",[],10,2,39,Strong,19,65,35600000,24,Series B,7000000,Mature,"['SOC 2', 'CMMI']",1,11,2,True,True,High,National,Gurugram,['Telangana'],Ahmedabad,12,Advanced,8x5,Complete,strong_tech_geo_mismatch
e12fded7-0e91-42b7-a0d2-a2cb0611239d,"Trivedi, Kari and Tripathi",Governance startup focusing on Machine Learning,We provide end-to-end governance services powered by Machine Learning and a strong team of experts.,Governance,"['Rural Development', 'Disaster Management']",['Machine Learning'],"['Predictive Analytics', 'Data Analytics']",11,4,50,Strong,20,85,45900000,69,Series B,11000000,Growth,['None'],3,9,7,True,True,High,National,Nagpur,['Telangana'],Pan India,4,Advanced,Community,Incomplete,incomplete_eligibility
7a9276c9-9513-4124-88f5-31ad5229feb4,Guha-Bhattacharyya,"Smart City startup focusing on Data Analytics, Edge Computing","An innovative startup leveraging Data Analytics, Edge Computing to revolutionize smart city operations.",Smart City,"['Water Management', 'Cybersecurity']","['Data Analytics', 'Edge Computing']","['Machine Learning', 'Threat Detection']",11,0,2,Average,14,60,3300000,63,Series B,4000000,Early Revenue,['CMMI'],3,4,4,True,True,Medium,Regional,Guwahati,"['Karnataka', 'Delhi']",Pan India,1,Comprehensive,8x5,Incomplete,incomplete_eligibility
4f4448f6-54d2-4bc9-b822-f0b7286d156b,"Doctor, Kalita and Dass","Environment startup focusing on IoT, Sensors, Data Analytics","An innovative startup leveraging IoT, Sensors, Data Analytics to revolutionize environment operations.",Environment,"['Healthcare', 'Education']","['IoT', 'Sensors', 'Data Analytics']","['NLP', 'Computer Vision']",12,1,21,Average,25,51,46600000,18,Series B,18000000,Prototype,['ISO 27001'],4,8,4,True,True,High,Local,Noida,"['UP', 'Tamil Nadu', 'Delhi']",Pan India,3,Comprehensive,Community,Complete,strong_tech_geo_mismatch
64999aeb-ad01-4749-95c9-6ceacb58d8e1,Parmer-Sarma,"Renewable Energy startup focusing on ML, Smart Grids, IoT","We provide end-to-end renewable energy services powered by ML, Smart Grids, IoT and a strong team of experts.",Renewable Energy,"['Waste Management', 'Governance']","['ML', 'Smart Grids', 'IoT']","['NLP', 'Route Optimization']",12,11,20,Average,12,32,37300000,40,Seed,4000000,Mature,['ISO 27001'],5,20,1,True,True,Medium,Regional,Kochi,"['Maharashtra', 'Tamil Nadu', 'Telangana', 'UP']",Kochi,4,Comprehensive,Community,Complete,high_exp_weak_tech
2d7e3f63-a92e-448e-b58e-942e0d8a1e5b,"Bhardwaj, Bhardwaj and Bera","Waste Management startup focusing on IoT, Computer Vision, Sensors","An innovative startup leveraging IoT, Computer Vision, Sensors to revolutionize waste management operations.",Waste Management,['Environment'],"['IoT', 'Computer Vision', 'Sensors']",['Data Analytics'],8,6,176,Average,15,69,22100000,66,Seed,9000000,MVP,"['ISO 27001', 'SOC 2']",2,6,5,True,True,High,Regional,New Delhi,"['UP', 'Delhi', 'Telangana', 'West Bengal']",Pan India,9,Basic,8x5,Complete,high_exp_weak_tech
2ed88b04-1c9f-456f-8a79-926ba858eefd,"Pandey, Pant and Barman","Renewable Energy startup focusing on IoT, ML","Pandey, Pant and Barman specializes in IoT, ML combined with innovative software to solve renewable energy challenges.",Renewable Energy,[],"['IoT', 'ML']",[],12,12,5,Average,24,60,43200000,32,Series A,0,Mature,"['SOC 2', 'None']",3,5,1,True,True,Low,Local,Lucknow,['Gujarat'],Mumbai,1,Basic,8x5,Complete,established_weak_relevance
f290315b-7d73-4b40-b5da-21ba428f9c4f,Tak and Sons,Cybersecurity startup focusing on Cryptography,"We build Cryptography systems for cybersecurity applications, delivering scalable solutions and intelligent integration.",Cybersecurity,['Education'],['Cryptography'],['NLP'],6,2,7,Average,10,39,48900000,44,Series A,10000000,Growth,"['ISO 27001', 'CMMI']",4,19,5,True,True,Medium,Regional,Mumbai,"['Gujarat', 'Delhi']",Pan India,8,Comprehensive,8x5,Incomplete,incomplete_eligibility
1738c694-0725-4f6b-9a91-31cdf3cdc1c6,Morar Group,Tourism startup focusing on Mobile Tech,We provide end-to-end tourism services powered by Mobile Tech and a strong team of experts.,Tourism,[],['Mobile Tech'],[],15,0,129,Strong,20,74,47600000,18,Series B,10000000,Early Revenue,"['ISO 27001', 'SOC 2']",3,7,5,True,True,High,National,Nagpur,"['Tamil Nadu', 'Kerala']",Pan India,7,Basic,Community,Complete,strong_tech_geo_mismatch
ffdd9955-a9e5-4758-ab75-ba8c43580a80,"Tak, Randhawa and Sur",Governance startup focusing on Data Analytics,We provide end-to-end governance services powered by Data Analytics and a strong team of experts.,Governance,[],['Data Analytics'],[],11,5,8,Average,12,50,44700000,10,Bootstrapped,9000000,MVP,['None'],4,17,12,True,True,High,Regional,Surat,"['West Bengal', 'UP', 'Karnataka', 'Telangana']",Pan India,12,Advanced,8x5,Complete,excellent_tech_excellent_exp
0c833f88-5531-4337-a49a-aaa3bdb185c8,Cherian Ltd,"Logistics startup focusing on Route Optimization, Predictive Analytics, Blockchain","We provide end-to-end logistics services powered by Route Optimization, Predictive Analytics, Blockchain and a strong team of experts.",Logistics,[],"['Route Optimization', 'Predictive Analytics', 'Blockchain']",[],2,1,62,Specialized,18,62,30700000,29,Series C,3000000,Mature,['ISO 27001'],2,12,3,False,True,High,National,Hyderabad,"['UP', 'West Bengal', 'Gujarat', 'Tamil Nadu']",Coimbatore,2,Comprehensive,Community,Complete,strong_sector_weak_scale
05b8048c-3456-4653-beb4-a8bb6746aba3,Dora LLC,FinTech startup focusing on Data Analytics,We provide end-to-end fintech services powered by Data Analytics and a strong team of experts.,FinTech,['Skill Development'],['Data Analytics'],['VR/AR'],11,9,152,Average,13,63,38800000,30,Bootstrapped,0,Growth,['CMMI'],1,0,3,True,True,High,National,Ahmedabad,"['Telangana', 'Delhi', 'West Bengal', 'Maharashtra']",Lucknow,5,Basic,24x7,Complete,multi_sector
0bb915b3-c2fa-49dd-ad13-f40410e569ca,Krishnan-Loyal,"Logistics startup focusing on Route Optimization, Blockchain, Predictive Analytics","An innovative startup leveraging Route Optimization, Blockchain, Predictive Analytics to revolutionize logistics operations.",Logistics,[],"['Route Optimization', 'Blockchain', 'Predictive Analytics']",[],1,1,199,Average,10,68,19000000,23,Series C,6000000,Growth,"['ISO 27001', 'SOC 2']",3,15,8,True,False,Medium,National,Chandigarh,"['West Bengal', 'Gujarat', 'Karnataka', 'Tamil Nadu']",Jaipur,2,Basic,24x7,Incomplete,incomplete_eligibility
0f8a4ce3-fdb5-44e6-8bef-826a690bafac,Ray-Dugar,Water Management startup focusing on Sensors,Ray-Dugar specializes in Sensors combined with innovative software to solve water management challenges.,Water Management,['Governance'],['Sensors'],['Data Analytics'],3,0,8,Specialized,7,31,46900000,66,Bootstrapped,4000000,Early Revenue,"['CMMI', 'SOC 2']",1,7,15,True,False,Medium,Local,Bengaluru,"['Maharashtra', 'Kerala']",Bhubaneswar,2,Comprehensive,8x5,Complete,excellent_tech_low_exp
8a5d39c6-a08a-44f3-880f-47e6beed456c,Sarraf-Issac,"Governance startup focusing on Machine Learning, Blockchain","An innovative startup leveraging Machine Learning, Blockchain to revolutionize governance operations.",Governance,[],"['Machine Learning', 'Blockchain']",[],11,2,16,Average,16,31,7000000,57,Bootstrapped,10000000,Early Revenue,['ISO 27001'],5,18,6,True,True,High,Regional,Bhopal,"['Delhi', 'West Bengal', 'Maharashtra', 'Telangana']",Pan India,7,Basic,8x5,Complete,excellent_tech_excellent_exp
8d5a6a54-0e84-40d5-b2e3-cd40ed062e53,Sunder-Dubey,"Transportation startup focusing on IoT, Computer Vision, Route Optimization","We build IoT, Computer Vision, Route Optimization systems for transportation applications, delivering scalable solutions and intelligent integration.",Transportation,['Renewable Energy'],"['IoT', 'Computer Vision', 'Route Optimization']",['Predictive Analytics'],1,0,6,Average,23,75,15700000,38,Series A,3000000,Growth,"['None', 'SOC 2']",3,12,4,False,True,Medium,Local,Chandigarh,"['Telangana', 'UP', 'West Bengal', 'Maharashtra']",Kochi,11,Advanced,8x5,Incomplete,incomplete_eligibility
774a4258-3ab7-4af3-9b6d-08774f5e5cfe,"Parikh, Amble and Khurana",Smart City startup focusing on IoT,"Parikh, Amble and Khurana specializes in IoT combined with innovative software to solve smart city challenges.",Smart City,[],['IoT'],[],15,14,28,Average,16,72,43600000,23,Series A,16000000,Mature,['None'],0,16,5,True,True,High,Local,Jaipur,['Kerala'],Bhopal,1,Comprehensive,Community,Complete,established_weak_relevance
c8d62242-d03e-4a64-88e5-3869acefbb41,Panchal LLC,Education startup focusing on VR/AR,Panchal LLC specializes in VR/AR combined with innovative software to solve education challenges.,Education,[],['VR/AR'],[],8,8,28,Average,10,50,1700000,58,Seed,15000000,Growth,"['None', 'SOC 2']",2,4,0,True,True,Low,Local,Chennai,"['Tamil Nadu', 'Kerala']",Pan India,4,Advanced,8x5,Incomplete,incomplete_eligibility
7cc12ae4-ccb5-41f2-9701-1f376b25a26e,"Narain, Gupta and Parekh","Rural Development startup focusing on Data Analytics, IoT","An innovative startup leveraging Data Analytics, IoT to revolutionize rural development operations.",Rural Development,[],"['Data Analytics', 'IoT']",[],14,12,58,Strong,23,78,19400000,25,Seed,18000000,Growth,['CMMI'],0,0,8,True,True,Medium,Local,Chandigarh,['Maharashtra'],Pan India,12,Advanced,24x7,Complete,high_exp_weak_tech
f3a3aadd-4724-44c2-b68d-5e70882c4ca8,Ben-Shankar,"Skill Development startup focusing on Recommendation Systems, NLP","An innovative startup leveraging Recommendation Systems, NLP to revolutionize skill development operations.",Skill Development,[],"['Recommendation Systems', 'NLP']",[],9,8,5,Strong,15,78,13400000,20,Bootstrapped,16000000,Prototype,['ISO 27001'],2,0,10,True,True,Low,National,Nashik,"['Telangana', 'Gujarat']",Pan India,8,Comprehensive,Community,Complete,strong_sector_weak_scale
5f361dd5-436c-4f95-9de1-b99c78810b84,"Balakrishnan, Krishnamurthy and Bansal","Smart City startup focusing on Computer Vision, Edge Computing","We build Computer Vision, Edge Computing systems for smart city applications, delivering scalable solutions and intelligent integration.",Smart City,['Water Management'],"['Computer Vision', 'Edge Computing']",['Sensors'],2,1,13,Strong,8,36,26900000,37,Series A,11000000,Growth,"['None', 'SOC 2']",1,4,14,False,False,High,Regional,Pune,"['Tamil Nadu', 'Karnataka', 'Maharashtra', 'Kerala']",Kochi,5,Comprehensive,Community,Complete,excellent_tech_low_exp
44d85c87-b968-4011-a84b-11fa70159228,Koshy-Mohan,Tourism startup focusing on NLP,We provide end-to-end tourism services powered by NLP and a strong team of experts.,Tourism,"['Logistics', 'Rural Development']",['NLP'],['IoT'],14,13,8,Strong,17,40,3600000,10,Series B,14000000,Early Revenue,['ISO 27001'],5,20,1,True,True,Medium,Regional,Bhopal,"['Maharashtra', 'Karnataka']",Pan India,9,Comprehensive,24x7,Complete,high_exp_weak_tech
39d091f9-bab1-4fd4-8566-693009541f3c,Talwar-Mahal,Waste Management startup focusing on Sensors,An innovative startup leveraging Sensors to revolutionize waste management operations.,Waste Management,['Governance'],['Sensors'],['Machine Learning'],4,3,2,Specialized,16,59,14300000,66,Series C,9000000,Mature,"['None', 'CMMI']",2,16,2,True,False,Low,National,Gurugram,"['Maharashtra', 'Karnataka', 'West Bengal', 'Delhi']",Pan India,2,Advanced,24x7,Complete,excellent_tech_excellent_exp
4f6c4da0-6c9d-4da3-a99a-b69f16b8418b,Bansal Inc,"Renewable Energy startup focusing on Smart Grids, ML, Predictive Analytics","We build Smart Grids, ML, Predictive Analytics systems for renewable energy applications, delivering scalable solutions and intelligent integration.",Renewable Energy,"['Disaster Management', 'Waste Management']","['Smart Grids', 'ML', 'Predictive Analytics']","['IoT', 'Predictive Analytics']",3,1,17,Average,22,31,42600000,16,Seed,2000000,Early Revenue,"['None', 'ISO 27001']",2,10,13,True,False,Medium,Local,Gurugram,"['UP', 'Tamil Nadu']",Surat,12,Advanced,24x7,Complete,excellent_tech_low_exp
86cb0759-0fe8-4047-afcf-2e051a6203b6,Kala-Parsa,"Defence startup focusing on Computer Vision, AI, Cybersecurity","We provide end-to-end defence services powered by Computer Vision, AI, Cybersecurity and a strong team of experts.",Defence,[],"['Computer Vision', 'AI', 'Cybersecurity']",[],1,0,5,Specialized,13,52,15900000,33,Seed,12000000,Prototype,"['CMMI', 'ISO 27001']",0,14,6,False,False,High,Local,Chennai,"['Telangana', 'Delhi', 'Kerala', 'Gujarat']",Kolkata,9,Advanced,24x7,Complete,excellent_tech_excellent_exp
f84ecfdb-9883-4965-920b-e80c7444e795,"Sarraf, Dubey and Saini","Renewable Energy startup focusing on ML, Smart Grids, IoT","We provide end-to-end renewable energy services powered by ML, Smart Grids, IoT and a strong team of experts.",Renewable Energy,"['Cybersecurity', 'Disaster Management']","['ML', 'Smart Grids', 'IoT']","['Drones', 'Threat Detection']",2,1,5,Strong,13,53,22500000,14,Series C,20000000,Prototype,"['SOC 2', 'CMMI']",3,19,4,True,True,Medium,Local,Jaipur,['Kerala'],Pan India,6,Advanced,24x7,Complete,excellent_tech_low_exp
a97a769a-313e-4860-b96e-371a6428c75e,Kapur-Kothari,"Water Management startup focusing on Machine Learning, IoT, Sensors","An innovative startup leveraging Machine Learning, IoT, Sensors to revolutionize water management operations.",Water Management,['Transportation'],"['Machine Learning', 'IoT', 'Sensors']",['Computer Vision'],11,10,7,Specialized,13,60,30600000,40,Bootstrapped,17000000,Growth,"['SOC 2', 'CMMI']",2,4,1,True,True,Medium,Local,Guwahati,"['Kerala', 'Karnataka']",Pan India,11,Basic,8x5,Complete,strong_sector_weak_scale
560b0994-3648-468c-ba5a-e93a230ef34e,Radhakrishnan PLC,"Healthcare startup focusing on Wearables, Medical AI","We build Wearables, Medical AI systems for healthcare applications, delivering scalable solutions and intelligent integration.",Healthcare,[],"['Wearables', 'Medical AI']",[],7,1,22,Strong,9,84,49500000,75,Seed,0,Prototype,['SOC 2'],4,9,12,True,True,High,National,Pune,"['West Bengal', 'Telangana', 'Maharashtra', 'Gujarat']",Pan India,1,Advanced,Community,Complete,strong_tech_geo_mismatch
f84aaaeb-832f-4289-9f35-1ef15b6cc778,Bhardwaj-Hayer,"Environment startup focusing on Satellite Imaging, IoT, Sensors","We build Satellite Imaging, IoT, Sensors systems for environment applications, delivering scalable solutions and intelligent integration.",Environment,"['Education', 'Disaster Management']","['Satellite Imaging', 'IoT', 'Sensors']","['Drones', 'Recommendation Systems']",3,0,8,Average,9,78,44900000,27,Bootstrapped,16000000,Growth,"['ISO 27001', 'SOC 2']",3,2,7,True,True,Low,Local,Indore,"['Maharashtra', 'Kerala', 'Tamil Nadu']",Gurugram,9,Basic,24x7,Complete,excellent_tech_low_exp
5d30135c-9ac3-4fd0-82d1-25e86b67ab04,Baria PLC,"Skill Development startup focusing on Recommendation Systems, NLP","Baria PLC specializes in Recommendation Systems, NLP combined with innovative software to solve skill development challenges.",Skill Development,"['Agriculture', 'Governance']","['Recommendation Systems', 'NLP']","['Computer Vision', 'OCR']",13,13,108,Specialized,25,55,40300000,78,Series B,3000000,MVP,"['SOC 2', 'CMMI']",4,8,10,True,True,Low,Local,Jaipur,"['Kerala', 'Tamil Nadu']",Chennai,11,Comprehensive,24x7,Complete,high_exp_weak_tech
eb8fffae-e1d3-4800-b6cd-12d0744d557f,"Chad, Mandal and Garde","Renewable Energy startup focusing on Predictive Analytics, ML","We build Predictive Analytics, ML systems for renewable energy applications, delivering scalable solutions and intelligent integration.",Renewable Energy,"['Governance', 'Infrastructure']","['Predictive Analytics', 'ML']","['NLP', 'Computer Vision']",13,3,12,Average,21,61,30900000,76,Series B,2000000,Early Revenue,"['None', 'CMMI']",5,1,12,True,True,High,Local,Visakhapatnam,"['UP', 'West Bengal', 'Tamil Nadu', 'Karnataka']",New Delhi,10,Basic,Community,Complete,excellent_tech_excellent_exp
2d0e607e-65be-4336-bf36-402289ae64e1,"Sankaran, Taneja and Kapur","Cybersecurity startup focusing on AI, Cryptography, Threat Detection","Sankaran, Taneja and Kapur specializes in AI, Cryptography, Threat Detection combined with innovative software to solve cybersecurity challenges.",Cybersecurity,[],"['AI', 'Cryptography', 'Threat Detection']",[],14,12,95,Strong,19,62,1100000,37,Series A,2000000,Mature,['SOC 2'],4,10,11,True,True,High,National,Patna,"['West Bengal', 'Delhi', 'Gujarat', 'UP']",Pan India,10,Advanced,24x7,Complete,established_weak_relevance
73302c09-3f03-49ac-954d-edef979455e5,Yadav-Pillay,Tourism startup focusing on NLP,We provide end-to-end tourism services powered by NLP and a strong team of experts.,Tourism,['FinTech'],['NLP'],['Data Analytics'],12,7,6,Average,12,43,34500000,37,Series C,13000000,MVP,"['CMMI', 'None']",3,13,3,True,True,Low,Local,Lucknow,"['Telangana', 'Delhi', 'Maharashtra']",Pan India,9,Basic,24x7,Complete,highly_specialized
e1057cf0-69ce-4830-9197-71a2bef0f962,Oommen-Lata,Public Safety startup focusing on IoT,Oommen-Lata specializes in IoT combined with innovative software to solve public safety challenges.,Public Safety,[],['IoT'],[],10,2,6,Strong,11,86,23800000,38,Series B,16000000,Mature,['ISO 27001'],1,20,14,True,True,Low,National,Indore,"['Tamil Nadu', 'Gujarat', 'Maharashtra']",Pan India,8,Basic,8x5,Complete,multi_sector
03e8d58a-8975-48af-a9fe-7631c384c220,"Jaggi, Bava and Dubey","Agriculture startup focusing on Satellite Imaging, IoT, Drones","Jaggi, Bava and Dubey specializes in Satellite Imaging, IoT, Drones combined with innovative software to solve agriculture challenges.",Agriculture,"['Rural Development', 'Smart City']","['Satellite Imaging', 'IoT', 'Drones']","['Renewable Tech', 'Edge Computing']",14,10,37,Specialized,20,50,35700000,65,Bootstrapped,5000000,Mature,"['None', 'SOC 2']",0,0,0,True,True,Medium,Local,Pune,['Tamil Nadu'],Nashik,12,Basic,8x5,Incomplete,incomplete_eligibility
c6c2cb55-4fee-4999-a56a-706eb30f42c1,Gole Group,Governance startup focusing on NLP,Gole Group specializes in NLP combined with innovative software to solve governance challenges.,Governance,[],['NLP'],[],11,10,8,Strong,22,87,1900000,29,Seed,8000000,MVP,"['SOC 2', 'CMMI']",2,6,3,True,True,Medium,National,Delhi,['Maharashtra'],Indore,4,Basic,24x7,Complete,high_exp_weak_tech
575822e5-46d9-4b42-be57-d9629644c290,"Date, Arora and Choudhry","Governance startup focusing on Machine Learning, NLP","We provide end-to-end governance services powered by Machine Learning, NLP and a strong team of experts.",Governance,"['Public Safety', 'Infrastructure']","['Machine Learning', 'NLP']",['IoT'],1,1,33,Average,19,59,5000000,65,Bootstrapped,0,Mature,"['None', 'CMMI']",2,17,0,True,False,High,National,Hyderabad,"['Kerala', 'Tamil Nadu', 'Maharashtra', 'West Bengal']",Pan India,9,Basic,Community,Complete,excellent_tech_low_exp
defbf4f6-82e7-41e5-979e-8d764d60d6a6,Bhatia LLC,Cybersecurity startup focusing on AI,"We build AI systems for cybersecurity applications, delivering scalable solutions and intelligent integration.",Cybersecurity,['Education'],['AI'],['NLP'],6,6,154,Specialized,12,37,50000000,63,Series A,5000000,Early Revenue,"['SOC 2', 'None']",1,5,4,True,True,High,National,Pune,"['UP', 'Delhi', 'West Bengal']",Nagpur,11,Advanced,8x5,Incomplete,incomplete_eligibility
765d299f-3ca6-49fc-89cb-f31a862cbe61,Natt-Vala,"FinTech startup focusing on Data Analytics, NLP, AI","Natt-Vala specializes in Data Analytics, NLP, AI combined with innovative software to solve fintech challenges.",FinTech,['Healthcare'],"['Data Analytics', 'NLP', 'AI']",['Computer Vision'],1,0,5,Average,11,62,46800000,52,Series B,5000000,Growth,"['SOC 2', 'CMMI']",0,7,2,False,False,High,National,Bengaluru,"['Karnataka', 'Tamil Nadu']",Pan India,12,Comprehensive,24x7,Complete,excellent_tech_low_exp
40161766-3a30-49cc-b6cb-aed98f453a3d,Sur-Savant,"Education startup focusing on VR/AR, NLP","We provide end-to-end education services powered by VR/AR, NLP and a strong team of experts.",Education,"['Governance', 'Agriculture']","['VR/AR', 'NLP']","['IoT', 'Data Analytics']",8,7,143,Average,18,58,37700000,55,Series B,19000000,Mature,['ISO 27001'],5,6,14,True,True,High,National,Gurugram,['Tamil Nadu'],Visakhapatnam,8,Advanced,8x5,Complete,high_exp_weak_tech
957b5827-b4a6-4581-8cb2-04df5089e75d,"Natt, Madan and Pradhan","Rural Development startup focusing on IoT, Renewable Tech, Mobile Tech","An innovative startup leveraging IoT, Renewable Tech, Mobile Tech to revolutionize rural development operations.",Rural Development,['Waste Management'],"['IoT', 'Renewable Tech', 'Mobile Tech']",['IoT'],9,9,43,Specialized,14,41,40800000,23,Bootstrapped,6000000,MVP,"['CMMI', 'ISO 27001']",0,16,6,True,True,Medium,Regional,Indore,['Telangana'],Pan India,1,Comprehensive,24x7,Complete,excellent_tech_excellent_exp
2f44b158-e741-4229-84eb-51db15c4d761,Saxena-Bhalla,"Environment startup focusing on Sensors, IoT, Satellite Imaging","Saxena-Bhalla specializes in Sensors, IoT, Satellite Imaging combined with innovative software to solve environment challenges.",Environment,['Education'],"['Sensors', 'IoT', 'Satellite Imaging']",['Recommendation Systems'],2,2,76,Strong,18,73,47800000,16,Series B,17000000,Mature,"['SOC 2', 'None']",2,20,12,True,False,Low,National,Kochi,"['Delhi', 'Karnataka', 'Gujarat', 'Tamil Nadu']",Pan India,8,Basic,24x7,Complete,early_stage_excellent_prototype
acabbdd9-aa2e-4593-8257-e8413fc150e9,Iyengar and Sons,"Tourism startup focusing on Mobile Tech, NLP, Recommendation Systems","Iyengar and Sons specializes in Mobile Tech, NLP, Recommendation Systems combined with innovative software to solve tourism challenges.",Tourism,['Skill Development'],"['Mobile Tech', 'NLP', 'Recommendation Systems']",['Recommendation Systems'],11,10,6,Specialized,17,38,23100000,61,Series B,20000000,Early Revenue,"['SOC 2', 'CMMI']",3,11,3,True,True,High,Regional,Bengaluru,"['Delhi', 'Gujarat', 'Tamil Nadu']",Pan India,10,Comprehensive,24x7,Complete,excellent_tech_excellent_exp
1442774a-8387-4b94-8856-cb9613fceb89,"Dyal, Uppal and Devan","Tourism startup focusing on Recommendation Systems, NLP, Mobile Tech","An innovative startup leveraging Recommendation Systems, NLP, Mobile Tech to revolutionize tourism operations.",Tourism,"['Healthcare', 'Rural Development']","['Recommendation Systems', 'NLP', 'Mobile Tech']","['Mobile Tech', 'Wearables']",15,13,7,Specialized,15,61,15800000,37,Seed,1000000,Growth,['CMMI'],3,12,3,True,True,High,National,Noida,"['Karnataka', 'UP', 'Delhi']",Pan India,7,Comprehensive,8x5,Complete,established_weak_relevance
8c9f7050-e42a-4074-8e21-7028965bb6b0,"Srivastava, Vig and Taneja",Cybersecurity startup focusing on Blockchain,"Srivastava, Vig and Taneja specializes in Blockchain combined with innovative software to solve cybersecurity challenges.",Cybersecurity,[],['Blockchain'],[],6,2,25,Specialized,16,73,30000000,53,Bootstrapped,5000000,MVP,['SOC 2'],5,12,10,True,True,Low,Local,Kochi,"['Gujarat', 'UP']",Hyderabad,10,Advanced,8x5,Incomplete,incomplete_eligibility
bf5f5005-1312-4706-a22e-e0ef52f7f45c,Kaur-Singh,Environment startup focusing on Data Analytics,An innovative startup leveraging Data Analytics to revolutionize environment operations.,Environment,"['Healthcare', 'Transportation']",['Data Analytics'],['Computer Vision'],1,1,158,Average,12,52,29900000,41,Series B,1000000,MVP,['ISO 27001'],3,3,15,False,True,Low,Regional,Ahmedabad,"['Gujarat', 'Tamil Nadu', 'Kerala']",Bhubaneswar,2,Basic,8x5,Complete,early_stage_excellent_prototype
73915788-5d66-4047-918b-43157b205caf,Parikh Group,"Infrastructure startup focusing on IoT, Sensors, Predictive Maintenance","An innovative startup leveraging IoT, Sensors, Predictive Maintenance to revolutionize infrastructure operations.",Infrastructure,"['Renewable Energy', 'Agriculture']","['IoT', 'Sensors', 'Predictive Maintenance']","['ML', 'Satellite Imaging']",11,9,8,Average,15,48,36300000,13,Series B,17000000,Early Revenue,['ISO 27001'],2,11,11,True,True,Medium,Regional,Patna,"['Karnataka', 'Telangana', 'Delhi']",Noida,7,Basic,24x7,Complete,high_exp_weak_tech
e0b89025-3c5c-47b7-81b8-5297f5c89d5a,Contractor-Madan,"Disaster Management startup focusing on Drones, Satellite Imaging, IoT","Contractor-Madan specializes in Drones, Satellite Imaging, IoT combined with innovative software to solve disaster management challenges.",Disaster Management,['Infrastructure'],"['Drones', 'Satellite Imaging', 'IoT']",['IoT'],8,8,46,Average,20,76,26600000,32,Seed,13000000,Mature,['SOC 2'],5,5,4,True,True,Low,National,Kochi,"['Gujarat', 'Karnataka', 'Delhi']",Hyderabad,10,Basic,24x7,Complete,established_weak_relevance
f36e9231-4b2c-43b3-bc67-475cd603fca5,Sandal-Parmer,"Rural Development startup focusing on IoT, Mobile Tech, Renewable Tech","We provide end-to-end rural development services powered by IoT, Mobile Tech, Renewable Tech and a strong team of experts.",Rural Development,[],"['IoT', 'Mobile Tech', 'Renewable Tech']",[],3,0,2,Average,22,60,15800000,14,Seed,3000000,Growth,['ISO 27001'],4,20,6,True,True,High,Local,Patna,['Telangana'],Patna,11,Comprehensive,8x5,Complete,strong_tech_geo_mismatch
076bb4ab-4a81-49e7-831b-f1ef1bd4610e,Karpe-Raja,"Education startup focusing on VR/AR, NLP","Karpe-Raja specializes in VR/AR, NLP combined with innovative software to solve education challenges.",Education,[],"['VR/AR', 'NLP']",[],8,1,4,Specialized,15,71,45900000,26,Series B,14000000,Early Revenue,['CMMI'],0,10,9,True,True,High,National,Jaipur,"['UP', 'West Bengal', 'Kerala', 'Maharashtra']",Pan India,1,Advanced,8x5,Complete,excellent_tech_excellent_exp
b2ddf398-b5a2-4ecf-84be-a7543bf5b570,"Talwar, Prabhakar and Bava","Cybersecurity startup focusing on Blockchain, Threat Detection, Cryptography","Talwar, Prabhakar and Bava specializes in Blockchain, Threat Detection, Cryptography combined with innovative software to solve cybersecurity challenges.",Cybersecurity,[],"['Blockchain', 'Threat Detection', 'Cryptography']",[],14,13,13,Specialized,18,61,25700000,51,Series B,0,Mature,"['ISO 27001', 'None']",3,8,14,True,True,Low,National,Nagpur,"['Gujarat', 'Telangana', 'West Bengal']",Pan India,8,Comprehensive,24x7,Complete,established_weak_relevance
0659e776-0766-434b-ad31-6eff0218b319,Setty Ltd,"Environment startup focusing on IoT, Sensors, Data Analytics","We provide end-to-end environment services powered by IoT, Sensors, Data Analytics and a strong team of experts.",Environment,['Disaster Management'],"['IoT', 'Sensors', 'Data Analytics']",['Satellite Imaging'],13,11,36,Strong,15,87,23400000,16,Series C,16000000,Mature,"['SOC 2', 'None']",2,4,12,True,True,High,Local,Guwahati,"['UP', 'Telangana']",Pan India,12,Comprehensive,24x7,Complete,highly_specialized
cd10ef1b-642d-476b-9bcc-bf64a55f9a48,"Chacko, Patel and Sama","Environment startup focusing on Sensors, Satellite Imaging","We provide end-to-end environment services powered by Sensors, Satellite Imaging and a strong team of experts.",Environment,[],"['Sensors', 'Satellite Imaging']",[],6,1,14,Specialized,22,30,17100000,59,Seed,2000000,Growth,"['None', 'SOC 2']",4,11,2,True,True,Low,Regional,Patna,"['Maharashtra', 'Telangana']",Visakhapatnam,3,Comprehensive,Community,Complete,excellent_tech_excellent_exp
2eb276f9-7219-4e40-83d7-c7dc6e9b5272,"Gara, Apte and Grewal","FinTech startup focusing on Data Analytics, Blockchain","We provide end-to-end fintech services powered by Data Analytics, Blockchain and a strong team of experts.",FinTech,[],"['Data Analytics', 'Blockchain']",[],3,1,197,Strong,25,37,28400000,12,Series B,0,Mature,"['CMMI', 'ISO 27001']",2,5,1,True,False,Medium,National,Hyderabad,['West Bengal'],Pan India,5,Basic,8x5,Complete,excellent_tech_low_exp
63ead26f-7110-4a05-9216-6cebfa8c357b,"Varkey, Sachar and Peri","Governance startup focusing on Blockchain, Data Analytics, OCR","We build Blockchain, Data Analytics, OCR systems for governance applications, delivering scalable solutions and intelligent integration.",Governance,"['Tourism', 'FinTech']","['Blockchain', 'Data Analytics', 'OCR']","['NLP', 'Data Analytics']",7,1,2,Specialized,22,33,47400000,10,Bootstrapped,15000000,Mature,"['ISO 27001', 'None']",1,0,11,True,True,Low,Local,Lucknow,"['West Bengal', 'Telangana', 'Gujarat']",Pan India,12,Comprehensive,Community,Complete,excellent_tech_excellent_exp
b160af42-169b-4e83-98be-ab0d7f15cd5b,Anand Inc,Defence startup focusing on Computer Vision,Anand Inc specializes in Computer Vision combined with innovative software to solve defence challenges.,Defence,[],['Computer Vision'],[],11,2,33,Specialized,17,50,34500000,52,Series C,14000000,Early Revenue,"['SOC 2', 'CMMI']",1,12,8,True,True,High,National,New Delhi,['Tamil Nadu'],Mumbai,5,Basic,24x7,Complete,highly_specialized
ecc7d28f-aa67-49a2-9978-e391762b457d,Choudhary Group,Transportation startup focusing on Computer Vision,We provide end-to-end transportation services powered by Computer Vision and a strong team of experts.,Transportation,['Water Management'],['Computer Vision'],['IoT'],14,12,39,Specialized,15,77,29300000,67,Series B,0,Mature,"['None', 'SOC 2']",0,14,9,True,True,High,National,Pune,"['UP', 'Tamil Nadu', 'West Bengal']",Coimbatore,9,Comprehensive,8x5,Complete,established_weak_relevance
517c9076-a4a5-41c3-8a47-5968d681e23b,"Prasad, Nadkarni and Mahajan","Environment startup focusing on Sensors, IoT, Satellite Imaging","An innovative startup leveraging Sensors, IoT, Satellite Imaging to revolutionize environment operations.",Environment,['Tourism'],"['Sensors', 'IoT', 'Satellite Imaging']",['NLP'],14,12,7,Average,18,46,37600000,15,Series A,0,Mature,"['SOC 2', 'ISO 27001']",2,11,7,True,True,Medium,Local,Kochi,['Maharashtra'],Pan India,12,Basic,Community,Complete,strong_tech_geo_mismatch
f0707f93-3550-48c0-b628-b2c7ce1512e2,Bassi-Pillai,"Logistics startup focusing on Blockchain, IoT, Predictive Analytics","We build Blockchain, IoT, Predictive Analytics systems for logistics applications, delivering scalable solutions and intelligent integration.",Logistics,['Agriculture'],"['Blockchain', 'IoT', 'Predictive Analytics']",['Drones'],1,1,7,Specialized,22,43,42300000,62,Bootstrapped,14000000,MVP,"['ISO 27001', 'CMMI']",1,4,13,False,True,Medium,National,Bhubaneswar,"['Karnataka', 'Gujarat']",Jaipur,9,Basic,Community,Complete,excellent_tech_low_exp
f6451b62-2e8a-489e-9095-8c5b05f0d43b,Venkatesh-Pillai,Logistics startup focusing on IoT,An innovative startup leveraging IoT to revolutionize logistics operations.,Logistics,['Infrastructure'],['IoT'],['Predictive Maintenance'],14,12,115,Average,14,48,14300000,67,Seed,18000000,MVP,"['ISO 27001', 'SOC 2']",5,17,8,True,True,High,Regional,New Delhi,['Tamil Nadu'],Pan India,8,Basic,24x7,Complete,multi_sector
f9944a96-b4a7-40a4-b001-f10d2a1b6b95,Narula Ltd,"Waste Management startup focusing on Sensors, Computer Vision","We provide end-to-end waste management services powered by Sensors, Computer Vision and a strong team of experts.",Waste Management,"['Healthcare', 'Environment']","['Sensors', 'Computer Vision']","['Computer Vision', 'Satellite Imaging']",8,6,166,Average,17,47,26800000,69,Series A,16000000,Early Revenue,"['None', 'ISO 27001']",1,8,0,True,True,Low,National,Delhi,"['Kerala', 'Karnataka']",Nashik,10,Advanced,8x5,Complete,multi_sector
c5cb932c-ad37-4d39-b702-1c78a61aa7f1,Mand Ltd,"Rural Development startup focusing on Mobile Tech, Renewable Tech, Data Analytics","We provide end-to-end rural development services powered by Mobile Tech, Renewable Tech, Data Analytics and a strong team of experts.",Rural Development,['Agriculture'],"['Mobile Tech', 'Renewable Tech', 'Data Analytics']",['IoT'],9,9,17,Specialized,16,57,14600000,47,Series A,13000000,Prototype,['None'],3,17,12,True,True,Low,National,Delhi,"['Karnataka', 'West Bengal']",Bengaluru,6,Comprehensive,24x7,Complete,multi_sector
84c317fe-b21a-47c9-89a8-6aed0f134725,Walla-Dara,"Logistics startup focusing on IoT, Route Optimization","We build IoT, Route Optimization systems for logistics applications, delivering scalable solutions and intelligent integration.",Logistics,[],"['IoT', 'Route Optimization']",[],7,0,165,Strong,21,73,12300000,41,Seed,20000000,Growth,['CMMI'],5,20,5,True,True,Medium,Regional,Kochi,"['Kerala', 'Delhi', 'UP']",Pan India,3,Comprehensive,8x5,Complete,strong_tech_geo_mismatch
244fd8a5-24d5-4d35-9d5f-ae08076045ca,"Misra, Mittal and Karpe","Transportation startup focusing on IoT, Computer Vision, Predictive Maintenance","We provide end-to-end transportation services powered by IoT, Computer Vision, Predictive Maintenance and a strong team of experts.",Transportation,"['Smart City', 'Disaster Management']","['IoT', 'Computer Vision', 'Predictive Maintenance']","['Computer Vision', 'IoT']",7,1,138,Average,14,52,16900000,75,Series B,10000000,Early Revenue,['ISO 27001'],1,20,5,True,True,Medium,Local,Mumbai,"['UP', 'Kerala']",Pan India,6,Comprehensive,24x7,Complete,multi_sector
490d8117-301b-4e32-bbe5-2c69369c5e03,"Konda, Samra and Bandi","Public Safety startup focusing on IoT, Predictive Analytics","We provide end-to-end public safety services powered by IoT, Predictive Analytics and a strong team of experts.",Public Safety,"['Skill Development', 'Logistics']","['IoT', 'Predictive Analytics']","['NLP', 'Blockchain']",3,0,7,Strong,8,43,42900000,31,Seed,0,MVP,"['CMMI', 'None']",3,9,4,True,False,High,Regional,Kolkata,"['Telangana', 'Kerala', 'Tamil Nadu', 'Gujarat']",Surat,3,Advanced,8x5,Complete,excellent_tech_low_exp
abbaf12e-a279-4b98-9aaf-0f4eb2ddafc7,Jayaraman PLC,Logistics startup focusing on IoT,"We build IoT systems for logistics applications, delivering scalable solutions and intelligent integration.",Logistics,['Public Safety'],['IoT'],['IoT'],1,1,45,Average,6,72,49600000,20,Series C,7000000,MVP,"['None', 'CMMI']",5,11,15,True,False,Medium,Local,Noida,"['West Bengal', 'UP']",Pan India,1,Advanced,24x7,Complete,highly_specialized
423f233f-d2a1-4ec3-a27b-e84dae7f6dc0,Mall-Sane,"Transportation startup focusing on Predictive Maintenance, Route Optimization","We build Predictive Maintenance, Route Optimization systems for transportation applications, delivering scalable solutions and intelligent integration.",Transportation,['Logistics'],"['Predictive Maintenance', 'Route Optimization']",['Route Optimization'],3,3,5,Average,25,40,17600000,67,Series A,1000000,MVP,"['None', 'SOC 2']",2,13,7,True,False,Medium,National,Pune,"['Maharashtra', 'UP', 'Delhi']",Pan India,6,Comprehensive,24x7,Complete,multi_sector
e2ea4070-5d0c-4685-b89f-e85e0e353d09,Nair Ltd,Water Management startup focusing on Machine Learning,We provide end-to-end water management services powered by Machine Learning and a strong team of experts.,Water Management,['Rural Development'],['Machine Learning'],['Data Analytics'],7,0,181,Specialized,14,43,38200000,65,Seed,5000000,Mature,['SOC 2'],2,17,10,True,True,Medium,National,Kochi,"['Karnataka', 'UP', 'Gujarat', 'Delhi']",Pan India,11,Comprehensive,24x7,Complete,strong_tech_geo_mismatch
fbe1287f-fceb-4ccb-ab3a-80c470713b70,"Arora, Sule and Srinivas",Waste Management startup focusing on Route Optimization,"Arora, Sule and Srinivas specializes in Route Optimization combined with innovative software to solve waste management challenges.",Waste Management,"['Tourism', 'Environment']",['Route Optimization'],"['Mobile Tech', 'Sensors']",1,1,192,Specialized,2,44,3000000,20,Seed,18000000,Mature,['ISO 27001'],1,16,15,True,False,Low,National,Gurugram,"['Gujarat', 'Kerala']",Pan India,6,Comprehensive,8x5,Complete,early_stage_excellent_prototype
36b20074-1180-4410-9ae7-7baffa3aef1d,"Aggarwal, Mital and Palan","Healthcare startup focusing on Computer Vision, NLP","We provide end-to-end healthcare services powered by Computer Vision, NLP and a strong team of experts.",Healthcare,"['Smart City', 'Education']","['Computer Vision', 'NLP']","['Machine Learning', 'Data Analytics']",14,12,30,Strong,22,79,6600000,67,Series B,2000000,Early Revenue,"['None', 'CMMI']",3,19,11,True,True,Medium,National,Patna,"['Gujarat', 'West Bengal', 'Telangana']",Patna,10,Comprehensive,24x7,Complete,excellent_tech_excellent_exp
ef8547c4-729b-445d-b2ec-f8dfcdd6eae2,Sinha Inc,"FinTech startup focusing on Data Analytics, AI","An innovative startup leveraging Data Analytics, AI to revolutionize fintech operations.",FinTech,[],"['Data Analytics', 'AI']",[],2,0,194,Average,4,65,15300000,75,Seed,19000000,Early Revenue,['None'],1,11,4,True,False,High,National,Nagpur,"['Maharashtra', 'Kerala']",Nagpur,2,Basic,Community,Complete,excellent_tech_low_exp
89344834-1ae9-4789-8c87-91a3032c57af,Sha-Patil,"Defence startup focusing on Cybersecurity, AI","We provide end-to-end defence services powered by Cybersecurity, AI and a strong team of experts.",Defence,[],"['Cybersecurity', 'AI']",[],5,5,6,Specialized,17,78,2000000,27,Series C,8000000,Growth,['ISO 27001'],4,17,4,True,True,Medium,Local,Noida,"['Delhi', 'Telangana', 'Gujarat']",Pan India,12,Advanced,24x7,Complete,strong_sector_weak_scale
ff98b0c7-7413-4f67-a14f-263813967364,Mohanty-Mohanty,Smart City startup focusing on Data Analytics,An innovative startup leveraging Data Analytics to revolutionize smart city operations.,Smart City,"['Defence', 'Tourism']",['Data Analytics'],"['Mobile Tech', 'Drones']",3,0,95,Average,21,50,18500000,31,Series C,18000000,Prototype,['None'],3,19,8,True,True,Low,National,Gurugram,"['Gujarat', 'Tamil Nadu']",Pan India,2,Comprehensive,Community,Complete,excellent_tech_low_exp
e355b826-b581-47c2-b131-7ce1b06459b3,Hans Group,Agriculture startup focusing on Satellite Imaging,Hans Group specializes in Satellite Imaging combined with innovative software to solve agriculture challenges.,Agriculture,[],['Satellite Imaging'],[],2,2,178,Specialized,23,69,3500000,35,Series B,5000000,Growth,"['CMMI', 'ISO 27001']",1,15,7,False,True,Low,Local,Delhi,['Telangana'],Pan India,12,Comprehensive,8x5,Complete,early_stage_excellent_prototype
6b312452-9954-40cb-a5b4-af8ad37f776f,Trivedi-Chaudhuri,Logistics startup focusing on Route Optimization,"We build Route Optimization systems for logistics applications, delivering scalable solutions and intelligent integration.",Logistics,[],['Route Optimization'],[],2,1,6,Specialized,14,73,26900000,16,Series B,9000000,Early Revenue,['SOC 2'],0,18,3,True,True,Low,National,Noida,"['Gujarat', 'Kerala']",Pan India,2,Advanced,8x5,Incomplete,incomplete_eligibility
783925f2-4c8d-4867-93ef-b841ace7f7d8,Randhawa and Sons,"Renewable Energy startup focusing on Predictive Analytics, IoT","We build Predictive Analytics, IoT systems for renewable energy applications, delivering scalable solutions and intelligent integration.",Renewable Energy,['Public Safety'],"['Predictive Analytics', 'IoT']",['Computer Vision'],15,15,105,Specialized,22,48,46100000,21,Bootstrapped,10000000,Prototype,['SOC 2'],5,6,5,True,True,Low,Local,Chennai,"['Gujarat', 'Kerala', 'Karnataka']",Pan India,5,Comprehensive,24x7,Complete,multi_sector
60317d09-3deb-4dd5-b21c-8ea987a2bb60,"Krishnamurthy, Batta and Naik","Public Safety startup focusing on Biometrics, IoT, Predictive Analytics","Krishnamurthy, Batta and Naik specializes in Biometrics, IoT, Predictive Analytics combined with innovative software to solve public safety challenges.",Public Safety,['Healthcare'],"['Biometrics', 'IoT', 'Predictive Analytics']",['Computer Vision'],11,11,9,Specialized,18,71,20100000,13,Series C,2000000,Prototype,['None'],5,14,0,True,True,Low,National,Guwahati,"['Delhi', 'Karnataka', 'UP', 'Kerala']",Pan India,1,Advanced,Community,Complete,established_weak_relevance
afa4e193-0f75-45f1-aabf-cf2b7ff3b475,"Dhar, Wali and Borah","Skill Development startup focusing on Recommendation Systems, NLP, VR/AR","We build Recommendation Systems, NLP, VR/AR systems for skill development applications, delivering scalable solutions and intelligent integration.",Skill Development,['Public Safety'],"['Recommendation Systems', 'NLP', 'VR/AR']",['IoT'],13,3,5,Strong,22,61,5500000,50,Bootstrapped,8000000,Prototype,"['SOC 2', 'ISO 27001']",1,6,9,True,True,Low,Local,Visakhapatnam,"['Gujarat', 'West Bengal', 'Telangana', 'Kerala']",Pan India,10,Comprehensive,8x5,Complete,highly_specialized
e56a208d-5ea6-4cc3-89c3-0501a7cbc1a6,Bose LLC,"Renewable Energy startup focusing on Predictive Analytics, Smart Grids, IoT","We build Predictive Analytics, Smart Grids, IoT systems for renewable energy applications, delivering scalable solutions and intelligent integration.",Renewable Energy,['Waste Management'],"['Predictive Analytics', 'Smart Grids', 'IoT']",['Sensors'],2,2,145,Strong,21,79,18200000,50,Bootstrapped,18000000,Growth,['SOC 2'],2,16,5,True,False,Medium,National,Kolkata,"['UP', 'West Bengal']",Noida,10,Comprehensive,8x5,Complete,early_stage_excellent_prototype
b051a780-4e07-4cba-8c97-fe5127fe5e52,Krishna-Kala,"Cybersecurity startup focusing on Threat Detection, Blockchain, Network Security","We provide end-to-end cybersecurity services powered by Threat Detection, Blockchain, Network Security and a strong team of experts.",Cybersecurity,[],"['Threat Detection', 'Blockchain', 'Network Security']",[],12,3,26,Average,20,57,15900000,62,Series B,8000000,Prototype,"['SOC 2', 'CMMI']",0,4,1,True,True,Medium,Local,Hyderabad,"['Gujarat', 'UP', 'Maharashtra', 'Tamil Nadu']",Kochi,7,Basic,8x5,Complete,multi_sector
ebb05413-ef97-4cc9-8a6e-1846b244c1b9,Sundaram PLC,"Environment startup focusing on Sensors, IoT","We build Sensors, IoT systems for environment applications, delivering scalable solutions and intelligent integration.",Environment,['Logistics'],"['Sensors', 'IoT']",['Route Optimization'],2,2,26,Specialized,11,75,9100000,79,Seed,12000000,Prototype,['CMMI'],4,12,3,True,False,Medium,Local,Noida,"['Maharashtra', 'UP', 'Tamil Nadu', 'Kerala']",New Delhi,12,Comprehensive,8x5,Complete,highly_specialized
b7897880-028f-4008-b145-0365d007be7e,Chandra and Sons,"Waste Management startup focusing on Computer Vision, Sensors, Route Optimization","We build Computer Vision, Sensors, Route Optimization systems for waste management applications, delivering scalable solutions and intelligent integration.",Waste Management,[],"['Computer Vision', 'Sensors', 'Route Optimization']",[],12,12,4,Average,24,31,25500000,67,Seed,9000000,Early Revenue,"['None', 'SOC 2']",4,11,13,True,True,Medium,Local,Bengaluru,"['Karnataka', 'Maharashtra']",Mumbai,11,Basic,8x5,Complete,established_weak_relevance
d849c349-c957-4fff-a2f8-c2b4505d16ff,Sule-Om,Disaster Management startup focusing on IoT,We provide end-to-end disaster management services powered by IoT and a strong team of experts.,Disaster Management,[],['IoT'],[],3,1,82,Specialized,10,64,38000000,36,Series A,1000000,Mature,"['CMMI', 'ISO 27001']",4,6,8,True,True,High,National,Patna,['Kerala'],Surat,1,Comprehensive,8x5,Complete,excellent_tech_low_exp
eedea1cc-9294-4e84-973f-762c519899f6,Shankar-Hayer,"Agriculture startup focusing on Satellite Imaging, Computer Vision","We provide end-to-end agriculture services powered by Satellite Imaging, Computer Vision and a strong team of experts.",Agriculture,[],"['Satellite Imaging', 'Computer Vision']",[],4,2,114,Strong,4,74,9600000,70,Series B,5000000,Growth,"['None', 'CMMI']",0,9,5,True,False,Medium,Regional,Guwahati,"['Kerala', 'Gujarat', 'Telangana', 'Maharashtra']",Mumbai,12,Comprehensive,24x7,Complete,strong_tech_geo_mismatch
c3f4e71c-b7a1-444a-9b76-6f84f21b4d0c,Kala Group,"Governance startup focusing on Machine Learning, OCR","An innovative startup leveraging Machine Learning, OCR to revolutionize governance operations.",Governance,[],"['Machine Learning', 'OCR']",[],3,1,156,Average,21,72,10400000,44,Series A,10000000,Mature,['SOC 2'],2,3,13,True,True,High,Local,New Delhi,"['Tamil Nadu', 'West Bengal', 'Gujarat', 'Karnataka']",Pan India,1,Basic,24x7,Complete,excellent_tech_low_exp
5e179167-367f-421f-a9e8-699a1e000e74,"Contractor, Modi and Ramaswamy",Smart City startup focusing on IoT,An innovative startup leveraging IoT to revolutionize smart city operations.,Smart City,['Infrastructure'],['IoT'],['Computer Vision'],11,10,7,Specialized,15,35,2000000,44,Series A,5000000,MVP,"['None', 'ISO 27001']",4,6,6,True,True,Medium,Local,Surat,"['Gujarat', 'Kerala', 'UP', 'Delhi']",Pan India,11,Basic,8x5,Complete,strong_sector_weak_scale
9f5e1dfa-14c2-490d-8572-6a39121253e8,Pall-Buch,"Cybersecurity startup focusing on AI, Cryptography","An innovative startup leveraging AI, Cryptography to revolutionize cybersecurity operations.",Cybersecurity,['Waste Management'],"['AI', 'Cryptography']",['Route Optimization'],3,1,7,Strong,3,61,49100000,14,Series C,3000000,Prototype,"['ISO 27001', 'CMMI']",2,12,8,True,False,Medium,National,Nagpur,['Maharashtra'],Pan India,1,Comprehensive,24x7,Complete,excellent_tech_low_exp
a260dacc-ac37-4e54-ac05-f80b45c60eb6,Comar PLC,"FinTech startup focusing on Data Analytics, NLP, Blockchain","We provide end-to-end fintech services powered by Data Analytics, NLP, Blockchain and a strong team of experts.",FinTech,['Defence'],"['Data Analytics', 'NLP', 'Blockchain']",['Robotics'],15,10,177,Average,15,33,49600000,47,Series B,17000000,Mature,['SOC 2'],2,7,5,True,True,Medium,Local,New Delhi,['UP'],Pan India,3,Advanced,24x7,Complete,highly_specialized
aa7d3b8d-9e11-4b0a-b196-b4833ebefe40,"Borra, Chad and Sachar","Tourism startup focusing on Recommendation Systems, NLP, VR/AR","An innovative startup leveraging Recommendation Systems, NLP, VR/AR to revolutionize tourism operations.",Tourism,"['Healthcare', 'Governance']","['Recommendation Systems', 'NLP', 'VR/AR']","['Computer Vision', 'Data Analytics']",2,2,105,Average,23,63,3200000,62,Seed,3000000,Prototype,['SOC 2'],5,15,0,True,False,Low,Local,Bhubaneswar,['UP'],Nagpur,12,Comprehensive,24x7,Complete,early_stage_excellent_prototype
48612ec6-2baa-4bd3-945d-c2b8229d58fa,"Rana, Bala and Srivastava",Tourism startup focusing on VR/AR,We provide end-to-end tourism services powered by VR/AR and a strong team of experts.,Tourism,[],['VR/AR'],[],8,0,119,Average,17,64,30400000,29,Series B,13000000,MVP,"['None', 'ISO 27001']",3,9,8,True,True,Medium,Regional,Jaipur,"['Telangana', 'Kerala', 'Delhi', 'West Bengal']",Lucknow,2,Comprehensive,Community,Complete,strong_tech_geo_mismatch
9e791f2e-a389-4bd3-8136-3bb731c69fda,Parekh LLC,"Defence startup focusing on Cybersecurity, AI, Drones","Parekh LLC specializes in Cybersecurity, AI, Drones combined with innovative software to solve defence challenges.",Defence,"['Education', 'Rural Development']","['Cybersecurity', 'AI', 'Drones']","['IoT', 'Machine Learning']",10,10,22,Average,17,33,9500000,65,Seed,4000000,Growth,"['None', 'ISO 27001']",2,14,7,True,True,Low,Local,Guwahati,['West Bengal'],Visakhapatnam,1,Comprehensive,24x7,Complete,high_exp_weak_tech
f37e2c4e-b289-45c9-b9f8-4a8a29e9d532,"Anne, Lal and Arya","Renewable Energy startup focusing on Smart Grids, Predictive Analytics","We provide end-to-end renewable energy services powered by Smart Grids, Predictive Analytics and a strong team of experts.",Renewable Energy,['Agriculture'],"['Smart Grids', 'Predictive Analytics']",['IoT'],13,11,8,Specialized,22,67,28500000,35,Bootstrapped,1000000,Early Revenue,['CMMI'],5,13,6,True,True,Low,Local,Bhubaneswar,"['Delhi', 'UP', 'Telangana', 'Maharashtra']",Delhi,12,Advanced,8x5,Complete,high_exp_weak_tech
8d7cffff-ca8b-4f14-851d-9c11fa12f5fc,"Pradhan, Dass and Hora","Logistics startup focusing on IoT, Route Optimization","We provide end-to-end logistics services powered by IoT, Route Optimization and a strong team of experts.",Logistics,[],"['IoT', 'Route Optimization']",[],1,0,4,Specialized,23,75,41400000,39,Bootstrapped,0,Mature,"['SOC 2', 'None']",1,8,1,True,False,Low,Regional,Noida,"['Delhi', 'UP']",Pan India,11,Comprehensive,Community,Complete,excellent_tech_low_exp
f714165c-b4c8-49ef-a490-c95c33df0efd,Wadhwa LLC,"Logistics startup focusing on Blockchain, IoT, Predictive Analytics","Wadhwa LLC specializes in Blockchain, IoT, Predictive Analytics combined with innovative software to solve logistics challenges.",Logistics,[],"['Blockchain', 'IoT', 'Predictive Analytics']",[],11,1,174,Average,12,67,13700000,69,Series C,20000000,Early Revenue,['CMMI'],3,18,12,True,True,High,Local,Nagpur,"['Tamil Nadu', 'Gujarat', 'Kerala', 'West Bengal']",Lucknow,5,Comprehensive,Community,Complete,excellent_tech_excellent_exp
67ceb51b-dd52-42aa-a57a-efa44de2cdb4,Buch LLC,"Cybersecurity startup focusing on Cryptography, Network Security","We provide end-to-end cybersecurity services powered by Cryptography, Network Security and a strong team of experts.",Cybersecurity,[],"['Cryptography', 'Network Security']",[],8,2,28,Strong,21,63,36500000,28,Series C,11000000,Mature,['None'],5,4,6,True,True,High,National,Pune,"['West Bengal', 'UP']",Pan India,11,Basic,8x5,Complete,strong_sector_weak_scale
9e58f728-7fdf-4330-b7c5-4b7492410afc,"Mani, Gokhale and Issac",FinTech startup focusing on AI,"We build AI systems for fintech applications, delivering scalable solutions and intelligent integration.",FinTech,[],['AI'],[],13,12,198,Strong,18,30,39900000,20,Series B,13000000,Growth,"['ISO 27001', 'SOC 2']",5,14,7,True,True,Medium,Regional,Indore,"['Maharashtra', 'Tamil Nadu', 'Kerala', 'West Bengal']",Patna,4,Basic,Community,Complete,established_weak_relevance
dc5b409f-6426-423e-9acf-ed9361e6abc4,"Ramanathan, Kara and Pall",Tourism startup focusing on VR/AR,An innovative startup leveraging VR/AR to revolutionize tourism operations.,Tourism,['Skill Development'],['VR/AR'],['NLP'],10,10,29,Specialized,22,45,5200000,51,Series B,9000000,MVP,"['SOC 2', 'None']",4,8,10,True,True,High,Regional,Bengaluru,"['UP', 'Gujarat']",Jaipur,7,Advanced,24x7,Complete,established_weak_relevance
c5b876ea-d566-4609-9e2d-1ed305aa86fb,Narula and Sons,FinTech startup focusing on NLP,Narula and Sons specializes in NLP combined with innovative software to solve fintech challenges.,FinTech,[],['NLP'],[],1,0,5,Average,22,54,37600000,69,Seed,5000000,Early Revenue,"['CMMI', 'ISO 27001']",5,5,5,True,False,High,Regional,Chennai,"['Maharashtra', 'Kerala']",Surat,1,Basic,Community,Complete,excellent_tech_low_exp
300849d6-b352-40cc-9da4-bc715fe6e98c,Rattan Ltd,"Education startup focusing on NLP, VR/AR, Machine Learning","Rattan Ltd specializes in NLP, VR/AR, Machine Learning combined with innovative software to solve education challenges.",Education,[],"['NLP', 'VR/AR', 'Machine Learning']",[],7,0,23,Specialized,22,62,15500000,67,Series A,19000000,Early Revenue,"['ISO 27001', 'SOC 2']",3,1,0,True,True,High,Local,Bhubaneswar,['Kerala'],Ahmedabad,11,Comprehensive,8x5,Complete,strong_tech_geo_mismatch
eab2e826-3011-47ba-be4b-782c016227b3,Srinivasan PLC,"Smart City startup focusing on IoT, Edge Computing","We build IoT, Edge Computing systems for smart city applications, delivering scalable solutions and intelligent integration.",Smart City,['FinTech'],"['IoT', 'Edge Computing']",['Data Analytics'],7,6,6,Specialized,17,38,27600000,66,Series C,18000000,Prototype,"['CMMI', 'SOC 2']",2,2,6,True,True,Medium,National,Ahmedabad,"['West Bengal', 'Maharashtra', 'Tamil Nadu', 'Kerala']",Pan India,8,Advanced,8x5,Complete,strong_sector_weak_scale
0b6d05cd-088c-4511-b75d-1b9dbe3e133d,Nazareth Inc,"Environment startup focusing on Satellite Imaging, IoT, Data Analytics","We build Satellite Imaging, IoT, Data Analytics systems for environment applications, delivering scalable solutions and intelligent integration.",Environment,['Healthcare'],"['Satellite Imaging', 'IoT', 'Data Analytics']",['NLP'],1,1,90,Specialized,19,71,7600000,40,Series C,12000000,Early Revenue,"['SOC 2', 'CMMI']",1,9,7,False,False,High,Regional,Guwahati,"['Telangana', 'Maharashtra', 'West Bengal']",Hyderabad,7,Basic,8x5,Complete,early_stage_excellent_prototype
f2b06f3c-5291-4f8e-bee8-fd9c39d6a176,"Kale, Pall and Khatri",Logistics startup focusing on Route Optimization,"Kale, Pall and Khatri specializes in Route Optimization combined with innovative software to solve logistics challenges.",Logistics,['Agriculture'],['Route Optimization'],['IoT'],8,7,36,Average,20,46,30000000,17,Series B,8000000,Growth,"['ISO 27001', 'None']",5,2,13,True,True,Low,Local,New Delhi,['Gujarat'],Pan India,12,Comprehensive,Community,Complete,established_weak_relevance
e36dc86f-62d9-4a74-8d73-9b31078c37db,Kapadia-Mani,"Public Safety startup focusing on Biometrics, Predictive Analytics, Computer Vision","Kapadia-Mani specializes in Biometrics, Predictive Analytics, Computer Vision combined with innovative software to solve public safety challenges.",Public Safety,"['Waste Management', 'FinTech']","['Biometrics', 'Predictive Analytics', 'Computer Vision']","['IoT', 'Blockchain']",13,13,130,Average,15,84,11300000,37,Series C,13000000,Growth,['ISO 27001'],1,16,10,True,True,Medium,National,Bengaluru,['Telangana'],Patna,8,Basic,Community,Incomplete,incomplete_eligibility
d2ac7b56-de42-4db2-b41c-9fa5fd1b729b,Venkatesh Inc,Smart City startup focusing on Computer Vision,An innovative startup leveraging Computer Vision to revolutionize smart city operations.,Smart City,[],['Computer Vision'],[],2,0,74,Specialized,20,79,19700000,21,Series C,3000000,MVP,"['None', 'ISO 27001']",2,10,3,True,True,High,Regional,Kolkata,"['Maharashtra', 'Kerala', 'West Bengal', 'Gujarat']",Pan India,8,Basic,Community,Complete,excellent_tech_low_exp
6c4949e1-35bc-4d7e-af3d-1409d82db44b,Murthy Group,"Smart City startup focusing on IoT, Edge Computing, Computer Vision","We build IoT, Edge Computing, Computer Vision systems for smart city applications, delivering scalable solutions and intelligent integration.",Smart City,"['Water Management', 'Cybersecurity']","['IoT', 'Edge Computing', 'Computer Vision']","['Sensors', 'Threat Detection']",8,1,89,Strong,16,66,10600000,27,Series A,5000000,MVP,['None'],0,1,6,True,True,Medium,National,Mumbai,"['West Bengal', 'Gujarat', 'Tamil Nadu', 'Kerala']",Lucknow,3,Comprehensive,24x7,Complete,strong_sector_weak_scale
563b0617-87e3-4d41-80bd-a5de51f6e8c4,Mannan and Sons,"Environment startup focusing on Sensors, Satellite Imaging","We provide end-to-end environment services powered by Sensors, Satellite Imaging and a strong team of experts.",Environment,"['Smart City', 'Public Safety']","['Sensors', 'Satellite Imaging']","['IoT', 'Biometrics']",13,13,4,Specialized,14,40,21900000,50,Bootstrapped,3000000,Mature,"['ISO 27001', 'None']",0,17,2,True,True,Low,National,Coimbatore,"['Delhi', 'UP']",Pan India,3,Advanced,24x7,Complete,established_weak_relevance
71e98250-3766-4f79-8ce4-9eccbfaa8100,Char PLC,"Tourism startup focusing on NLP, VR/AR, Recommendation Systems","We build NLP, VR/AR, Recommendation Systems systems for tourism applications, delivering scalable solutions and intelligent integration.",Tourism,"['Logistics', 'Disaster Management']","['NLP', 'VR/AR', 'Recommendation Systems']","['IoT', 'Predictive Analytics']",2,1,160,Specialized,24,54,35800000,23,Bootstrapped,18000000,Growth,['None'],2,0,11,True,True,Low,Local,Visakhapatnam,['Delhi'],Pan India,9,Basic,24x7,Complete,multi_sector
94c4ccbb-e5ab-4192-9c44-4023f42cc613,Parikh-Sarkar,"Environment startup focusing on Sensors, Data Analytics, IoT","An innovative startup leveraging Sensors, Data Analytics, IoT to revolutionize environment operations.",Environment,[],"['Sensors', 'Data Analytics', 'IoT']",[],3,1,188,Strong,20,83,46400000,23,Seed,8000000,Growth,"['None', 'SOC 2']",4,11,0,True,False,Low,National,Surat,"['UP', 'Karnataka', 'Delhi']",Delhi,5,Advanced,24x7,Complete,excellent_tech_low_exp
c96f7db6-0966-427b-bebb-6631acf00125,"Behl, Dalal and Prabhakar","Governance startup focusing on Data Analytics, Machine Learning, Blockchain","An innovative startup leveraging Data Analytics, Machine Learning, Blockchain to revolutionize governance operations.",Governance,"['Infrastructure', 'Renewable Energy']","['Data Analytics', 'Machine Learning', 'Blockchain']","['Predictive Maintenance', 'ML']",5,1,6,Specialized,16,59,33600000,12,Series B,13000000,MVP,"['SOC 2', 'None']",5,17,9,True,True,Medium,Regional,Visakhapatnam,"['Maharashtra', 'Gujarat', 'UP', 'Karnataka']",Hyderabad,5,Advanced,8x5,Incomplete,incomplete_eligibility
2ead47b1-ab6c-4275-9b5d-3e16ee47e079,Bhattacharyya-Raghavan,"Logistics startup focusing on Blockchain, Predictive Analytics","We build Blockchain, Predictive Analytics systems for logistics applications, delivering scalable solutions and intelligent integration.",Logistics,"['Public Safety', 'Education']","['Blockchain', 'Predictive Analytics']","['Machine Learning', 'Biometrics']",10,0,83,Strong,22,54,49000000,59,Seed,17000000,Growth,"['ISO 27001', 'CMMI']",2,19,4,True,True,Medium,Regional,Kolkata,"['West Bengal', 'Karnataka', 'UP', 'Delhi']",Lucknow,3,Advanced,Community,Complete,highly_specialized
a3b4b6f8-653a-4865-b856-fa390245aad8,Vohra LLC,Disaster Management startup focusing on Satellite Imaging,An innovative startup leveraging Satellite Imaging to revolutionize disaster management operations.,Disaster Management,"['Water Management', 'Healthcare']",['Satellite Imaging'],"['Wearables', 'Sensors']",3,1,3,Strong,13,82,9100000,35,Series B,1000000,Prototype,"['None', 'CMMI']",3,2,14,True,True,Low,Regional,Pune,"['Telangana', 'Karnataka', 'Gujarat']",Pan India,6,Basic,8x5,Complete,strong_tech_geo_mismatch
778db9e7-4a7c-4b4e-a4f9-5a26e5ce7629,Gola Inc,"Transportation startup focusing on Computer Vision, IoT","We build Computer Vision, IoT systems for transportation applications, delivering scalable solutions and intelligent integration.",Transportation,"['Education', 'Logistics']","['Computer Vision', 'IoT']","['NLP', 'Blockchain']",10,8,5,Specialized,12,86,36700000,25,Seed,18000000,Early Revenue,"['SOC 2', 'None']",0,8,2,True,True,Medium,Local,Kolkata,"['UP', 'Delhi', 'Telangana', 'Gujarat']",Noida,8,Comprehensive,Community,Complete,high_exp_weak_tech
c16bd41f-7237-45af-8d6b-203f985b3be7,Basu-Narasimhan,Cybersecurity startup focusing on Threat Detection,"We build Threat Detection systems for cybersecurity applications, delivering scalable solutions and intelligent integration.",Cybersecurity,"['Water Management', 'Healthcare']",['Threat Detection'],"['IoT', 'Wearables']",15,4,15,Specialized,16,71,48100000,76,Bootstrapped,1000000,Mature,"['SOC 2', 'CMMI']",1,13,11,True,True,Medium,National,Visakhapatnam,"['Delhi', 'Gujarat', 'Telangana', 'Tamil Nadu']",Bhubaneswar,5,Advanced,8x5,Incomplete,incomplete_eligibility
8d149291-e144-46f8-8790-e4c7548590bc,Bhavsar and Sons,"Governance startup focusing on Machine Learning, OCR, NLP","Bhavsar and Sons specializes in Machine Learning, OCR, NLP combined with innovative software to solve governance challenges.",Governance,[],"['Machine Learning', 'OCR', 'NLP']",[],12,12,50,Specialized,17,42,15100000,33,Series A,3000000,Prototype,"['SOC 2', 'None']",0,10,1,True,True,Low,Regional,Jaipur,"['Delhi', 'Telangana', 'Tamil Nadu']",Pan India,1,Advanced,24x7,Complete,strong_tech_geo_mismatch
d6ba2297-73f4-42fa-a4cc-d74832a64195,Dugal-Buch,"Public Safety startup focusing on Biometrics, Predictive Analytics","We build Biometrics, Predictive Analytics systems for public safety applications, delivering scalable solutions and intelligent integration.",Public Safety,['Governance'],"['Biometrics', 'Predictive Analytics']",['NLP'],2,2,44,Specialized,17,50,4000000,26,Seed,2000000,MVP,"['None', 'CMMI']",1,3,11,True,False,Low,Local,Surat,['West Bengal'],Pan India,5,Advanced,8x5,Complete,early_stage_excellent_prototype
abb85f70-7ff7-49cc-97e6-a33e203111d4,Rama-Bhat,"Smart City startup focusing on Computer Vision, IoT","Rama-Bhat specializes in Computer Vision, IoT combined with innovative software to solve smart city challenges.",Smart City,['Education'],"['Computer Vision', 'IoT']",['Machine Learning'],6,1,140,Strong,8,68,15900000,44,Series C,15000000,Prototype,['None'],1,7,7,True,True,Medium,National,Kochi,"['Kerala', 'West Bengal']",Pan India,1,Basic,Community,Complete,highly_specialized
2880540b-aee6-4cab-8f0b-ec2f50b2bdad,"De, Toor and Mukherjee","Transportation startup focusing on Computer Vision, Predictive Maintenance","We build Computer Vision, Predictive Maintenance systems for transportation applications, delivering scalable solutions and intelligent integration.",Transportation,"['Water Management', 'Renewable Energy']","['Computer Vision', 'Predictive Maintenance']","['Machine Learning', 'Smart Grids']",9,7,191,Average,25,55,27100000,77,Bootstrapped,4000000,Prototype,"['SOC 2', 'CMMI']",4,8,6,True,True,Medium,Regional,Gurugram,"['West Bengal', 'Tamil Nadu']",Pan India,4,Basic,8x5,Complete,established_weak_relevance
034d8695-daaf-42b8-be9b-0d97fc44b0a7,"Buch, Saini and Narasimhan",Defence startup focusing on Drones,We provide end-to-end defence services powered by Drones and a strong team of experts.,Defence,[],['Drones'],[],14,9,7,Strong,24,37,700000,47,Series A,16000000,MVP,"['CMMI', 'SOC 2']",3,15,15,True,True,Medium,Local,Kochi,['Delhi'],Bhopal,7,Advanced,24x7,Complete,highly_specialized
b6b4a025-fe13-4a6c-94ee-827e1be34e1d,More-Naidu,"Smart City startup focusing on Data Analytics, IoT, Computer Vision","We provide end-to-end smart city services powered by Data Analytics, IoT, Computer Vision and a strong team of experts.",Smart City,[],"['Data Analytics', 'IoT', 'Computer Vision']",[],3,0,3,Specialized,8,60,43900000,74,Series C,8000000,Growth,['CMMI'],2,6,6,True,True,Low,Regional,Coimbatore,"['Kerala', 'Telangana', 'Gujarat']",Pan India,7,Advanced,Community,Complete,excellent_tech_low_exp
484b6042-96fc-4072-9b56-cf3dccd4855e,"Bobal, Mahajan and Krishnan","Public Safety startup focusing on Predictive Analytics, Computer Vision","We build Predictive Analytics, Computer Vision systems for public safety applications, delivering scalable solutions and intelligent integration.",Public Safety,[],"['Predictive Analytics', 'Computer Vision']",[],2,2,5,Specialized,23,49,29600000,21,Series B,11000000,Prototype,['None'],1,3,0,False,True,Medium,National,Surat,['West Bengal'],Pan India,5,Comprehensive,Community,Complete,early_stage_excellent_prototype
acbb0758-9afa-44e9-a6fc-8772cee5ddbc,Natt Inc,"Renewable Energy startup focusing on Predictive Analytics, ML, IoT","Natt Inc specializes in Predictive Analytics, ML, IoT combined with innovative software to solve renewable energy challenges.",Renewable Energy,['Environment'],"['Predictive Analytics', 'ML', 'IoT']",['IoT'],10,5,145,Average,16,88,8500000,19,Bootstrapped,6000000,Growth,['CMMI'],2,18,15,True,True,Low,Regional,Bhopal,"['Kerala', 'West Bengal', 'Delhi', 'UP']",Pan India,6,Comprehensive,24x7,Complete,strong_tech_geo_mismatch
ca2506f3-c64c-4b01-86ab-24bea18f6187,"Krish, Malhotra and Dalal","Agriculture startup focusing on Computer Vision, ML","An innovative startup leveraging Computer Vision, ML to revolutionize agriculture operations.",Agriculture,[],"['Computer Vision', 'ML']",[],5,4,3,Strong,18,80,1200000,80,Series B,4000000,MVP,['ISO 27001'],5,15,12,True,True,Low,Regional,Bengaluru,['Maharashtra'],Pan India,4,Comprehensive,8x5,Complete,multi_sector
ad4020db-5274-41fc-88f0-5cd7c08be7ef,"Narayanan, Aggarwal and Chowdhury",Waste Management startup focusing on Computer Vision,"We build Computer Vision systems for waste management applications, delivering scalable solutions and intelligent integration.",Waste Management,['Logistics'],['Computer Vision'],['Blockchain'],9,8,177,Strong,25,90,29900000,11,Series B,3000000,Growth,"['CMMI', 'None']",4,0,9,True,True,High,National,Guwahati,['Gujarat'],Pan India,9,Comprehensive,8x5,Complete,high_exp_weak_tech
4af545a0-3846-482d-ba08-064086b0597a,Chahal-Bajaj,"Public Safety startup focusing on Biometrics, IoT, Computer Vision","Chahal-Bajaj specializes in Biometrics, IoT, Computer Vision combined with innovative software to solve public safety challenges.",Public Safety,['Skill Development'],"['Biometrics', 'IoT', 'Computer Vision']",['Recommendation Systems'],8,2,2,Average,13,57,41000000,33,Series A,7000000,MVP,['None'],4,12,14,True,True,Low,Regional,Lucknow,"['Maharashtra', 'Gujarat', 'Telangana', 'West Bengal']",Pan India,3,Advanced,24x7,Complete,excellent_tech_excellent_exp
197a82c2-a599-46fe-86ce-9b9ed0522b1a,Lal Inc,Smart City startup focusing on Edge Computing,An innovative startup leveraging Edge Computing to revolutionize smart city operations.,Smart City,[],['Edge Computing'],[],14,14,3,Average,22,65,41800000,64,Series C,20000000,Mature,"['ISO 27001', 'CMMI']",4,10,15,True,True,Low,Regional,Chandigarh,"['West Bengal', 'Tamil Nadu', 'Kerala', 'Maharashtra']",Pan India,7,Advanced,24x7,Complete,high_exp_weak_tech
b81e1e7a-c54e-47d6-8931-a3bb83da1263,Dua-Baria,Disaster Management startup focusing on IoT,An innovative startup leveraging IoT to revolutionize disaster management operations.,Disaster Management,[],['IoT'],[],13,11,176,Specialized,20,71,20100000,43,Series B,12000000,Mature,"['None', 'SOC 2']",5,2,11,True,True,Medium,National,Coimbatore,"['Tamil Nadu', 'West Bengal']",Chennai,11,Basic,Community,Complete,established_weak_relevance
6ce64310-e85f-42e7-b5f6-0029c520124f,Balan-Mane,"Cybersecurity startup focusing on Network Security, Cryptography","An innovative startup leveraging Network Security, Cryptography to revolutionize cybersecurity operations.",Cybersecurity,['Smart City'],"['Network Security', 'Cryptography']",['Data Analytics'],13,13,184,Strong,16,58,32800000,43,Series A,8000000,Mature,['CMMI'],4,0,11,True,True,Low,National,Noida,"['UP', 'Gujarat']",Pan India,3,Comprehensive,Community,Complete,established_weak_relevance
7557f67f-6461-47af-adac-c41d1d768886,Iyengar Group,"Education startup focusing on Recommendation Systems, VR/AR","We build Recommendation Systems, VR/AR systems for education applications, delivering scalable solutions and intelligent integration.",Education,[],"['Recommendation Systems', 'VR/AR']",[],12,8,27,Average,13,52,23400000,36,Bootstrapped,12000000,MVP,['None'],0,10,3,True,True,Low,National,Delhi,"['Gujarat', 'Delhi', 'Kerala', 'Tamil Nadu']",Kochi,4,Basic,24x7,Complete,strong_sector_weak_scale
5ed89bc4-fc25-433b-99f3-0a666a3697fd,Mitra LLC,"Public Safety startup focusing on Biometrics, IoT, Predictive Analytics","An innovative startup leveraging Biometrics, IoT, Predictive Analytics to revolutionize public safety operations.",Public Safety,['Environment'],"['Biometrics', 'IoT', 'Predictive Analytics']",['Satellite Imaging'],12,0,23,Strong,17,68,42000000,70,Seed,1000000,Mature,"['ISO 27001', 'CMMI']",0,0,5,True,True,High,Regional,Indore,['West Bengal'],Pan India,11,Comprehensive,24x7,Complete,strong_sector_weak_scale
160479ef-2a38-410d-adf7-c62313697c35,Banik-Narang,"Education startup focusing on Machine Learning, Recommendation Systems, VR/AR","We provide end-to-end education services powered by Machine Learning, Recommendation Systems, VR/AR and a strong team of experts.",Education,['Water Management'],"['Machine Learning', 'Recommendation Systems', 'VR/AR']",['Machine Learning'],10,10,9,Strong,18,46,44100000,12,Seed,10000000,Growth,"['None', 'CMMI']",3,16,6,True,True,Medium,Local,Lucknow,"['Kerala', 'Karnataka']",New Delhi,1,Comprehensive,24x7,Complete,strong_sector_weak_scale
8eabedd5-cd83-47e5-adc0-e3625b72d250,Kothari PLC,"Logistics startup focusing on Predictive Analytics, Route Optimization","Kothari PLC specializes in Predictive Analytics, Route Optimization combined with innovative software to solve logistics challenges.",Logistics,['Waste Management'],"['Predictive Analytics', 'Route Optimization']",['Route Optimization'],11,9,90,Specialized,12,38,20400000,22,Seed,15000000,Growth,"['None', 'CMMI']",5,18,9,True,True,High,Local,Nashik,"['Delhi', 'West Bengal']",Indore,1,Advanced,Community,Complete,high_exp_weak_tech
5eb50ec3-fe4d-4837-a58a-30909d6b013f,Devi-Sinha,"Logistics startup focusing on Route Optimization, Predictive Analytics","We build Route Optimization, Predictive Analytics systems for logistics applications, delivering scalable solutions and intelligent integration.",Logistics,[],"['Route Optimization', 'Predictive Analytics']",[],11,6,17,Average,19,43,2000000,73,Series C,20000000,Early Revenue,"['None', 'CMMI']",1,0,7,True,True,Medium,National,Visakhapatnam,"['West Bengal', 'Delhi', 'UP']",Jaipur,12,Comprehensive,8x5,Complete,strong_tech_geo_mismatch
19a73e66-bf9c-43be-9ae9-bddd76d56a20,"Shukla, Sane and Zacharia",Water Management startup focusing on Machine Learning,"Shukla, Sane and Zacharia specializes in Machine Learning combined with innovative software to solve water management challenges.",Water Management,['Skill Development'],['Machine Learning'],['NLP'],9,0,22,Specialized,21,81,44400000,74,Series A,7000000,Prototype,"['CMMI', 'None']",4,10,8,True,True,Medium,Regional,Pune,"['Delhi', 'Karnataka', 'Maharashtra']",Pan India,8,Comprehensive,24x7,Complete,multi_sector
07067cf7-61bd-48f9-8b1c-857f0c3c924a,"Prakash, Sur and Bora","Governance startup focusing on Machine Learning, OCR, Blockchain","Prakash, Sur and Bora specializes in Machine Learning, OCR, Blockchain combined with innovative software to solve governance challenges.",Governance,[],"['Machine Learning', 'OCR', 'Blockchain']",[],10,9,2,Specialized,22,54,42600000,14,Seed,7000000,Prototype,['SOC 2'],2,12,11,True,True,Medium,Local,Gurugram,['West Bengal'],Pan India,6,Advanced,8x5,Complete,strong_sector_weak_scale
565ff821-2ce3-49c0-b8a4-249bc9ff887a,Parsa Inc,Defence startup focusing on Computer Vision,Parsa Inc specializes in Computer Vision combined with innovative software to solve defence challenges.,Defence,"['Rural Development', 'Transportation']",['Computer Vision'],['IoT'],1,1,73,Strong,3,72,1100000,47,Series C,4000000,Prototype,"['SOC 2', 'ISO 27001']",2,16,3,True,True,Low,Regional,Ahmedabad,"['West Bengal', 'Delhi', 'Tamil Nadu']",Lucknow,8,Comprehensive,24x7,Complete,early_stage_excellent_prototype
c76e857b-46d5-4d01-aedf-35a8bb001ec4,"Ghose, Sibal and Dhar","Transportation startup focusing on Computer Vision, Predictive Maintenance","Ghose, Sibal and Dhar specializes in Computer Vision, Predictive Maintenance combined with innovative software to solve transportation challenges.",Transportation,"['Logistics', 'Cybersecurity']","['Computer Vision', 'Predictive Maintenance']","['Network Security', 'Blockchain']",9,1,7,Average,17,84,7400000,34,Seed,18000000,Early Revenue,['None'],1,11,11,True,True,High,Regional,Surat,"['UP', 'Maharashtra', 'Telangana', 'Kerala']",Pan India,4,Basic,Community,Complete,highly_specialized
c88d5ebf-a34e-4d8c-a8c1-b14607dabd00,"Tank, Bora and Bumb","Education startup focusing on Machine Learning, Recommendation Systems","An innovative startup leveraging Machine Learning, Recommendation Systems to revolutionize education operations.",Education,"['Governance', 'Waste Management']","['Machine Learning', 'Recommendation Systems']","['Route Optimization', 'Data Analytics']",7,1,125,Specialized,7,62,14400000,24,Series C,4000000,Early Revenue,"['CMMI', 'None']",2,1,7,True,True,Medium,Local,Kochi,"['Gujarat', 'UP', 'Kerala', 'Telangana']",Pan India,6,Advanced,Community,Complete,multi_sector
b6b30219-122d-4806-939c-3e55e24bc242,"Ghosh, Bhavsar and Morar",Logistics startup focusing on IoT,We provide end-to-end logistics services powered by IoT and a strong team of experts.,Logistics,[],['IoT'],[],11,2,38,Average,15,53,39300000,67,Series C,5000000,Early Revenue,"['ISO 27001', 'CMMI']",1,16,14,True,True,Low,Regional,Coimbatore,"['West Bengal', 'UP']",Pan India,1,Advanced,8x5,Complete,highly_specialized
405a0f27-c69a-42bd-a046-4a69fa1bf654,De-Krishnan,"Water Management startup focusing on Sensors, Machine Learning, Predictive Analytics","An innovative startup leveraging Sensors, Machine Learning, Predictive Analytics to revolutionize water management operations.",Water Management,['FinTech'],"['Sensors', 'Machine Learning', 'Predictive Analytics']",['Fraud Detection'],2,1,117,Average,23,84,6700000,35,Series B,3000000,MVP,"['None', 'CMMI']",1,10,0,True,False,Medium,Regional,Chennai,['Kerala'],Pan India,3,Basic,24x7,Complete,excellent_tech_low_exp
0e94fe1b-7ef7-49d5-960d-59896b775555,De Group,"Cybersecurity startup focusing on Network Security, Threat Detection","An innovative startup leveraging Network Security, Threat Detection to revolutionize cybersecurity operations.",Cybersecurity,"['Disaster Management', 'Public Safety']","['Network Security', 'Threat Detection']","['Drones', 'Predictive Analytics']",2,2,27,Average,12,65,2800000,53,Seed,9000000,Early Revenue,"['None', 'SOC 2']",3,5,3,False,True,Low,Regional,Surat,"['Kerala', 'UP', 'Tamil Nadu', 'Karnataka']",Kolkata,1,Advanced,Community,Complete,excellent_tech_excellent_exp
f216174c-897c-48d5-8016-f0369248a43f,"Kamdar, Gara and Mand",Tourism startup focusing on Recommendation Systems,An innovative startup leveraging Recommendation Systems to revolutionize tourism operations.,Tourism,[],['Recommendation Systems'],[],13,11,2,Specialized,20,65,4500000,57,Series A,5000000,Prototype,"['SOC 2', 'ISO 27001']",3,17,12,True,True,Low,National,Surat,"['Maharashtra', 'Kerala']",Pune,11,Comprehensive,8x5,Complete,highly_specialized
02c8276f-13d2-4d72-b1d3-3d61fc61fa0d,Walia LLC,"Agriculture startup focusing on Satellite Imaging, IoT","We build Satellite Imaging, IoT systems for agriculture applications, delivering scalable solutions and intelligent integration.",Agriculture,[],"['Satellite Imaging', 'IoT']",[],8,8,3,Strong,14,73,20700000,46,Seed,6000000,Mature,"['SOC 2', 'CMMI']",4,1,5,True,True,Low,National,Surat,"['UP', 'West Bengal']",Pan India,11,Basic,Community,Complete,high_exp_weak_tech
e3167db0-b619-49c7-a046-befb889b89f4,Bhagat-Shetty,"Infrastructure startup focusing on Computer Vision, IoT","We build Computer Vision, IoT systems for infrastructure applications, delivering scalable solutions and intelligent integration.",Infrastructure,"['Transportation', 'Logistics']","['Computer Vision', 'IoT']","['Route Optimization', 'Predictive Analytics']",13,7,113,Specialized,16,49,45000000,27,Series C,2000000,MVP,"['SOC 2', 'None']",3,13,9,True,True,Medium,Regional,Delhi,"['Tamil Nadu', 'UP', 'Kerala', 'Karnataka']",Chennai,11,Comprehensive,8x5,Complete,strong_tech_geo_mismatch
0e7930d9-7a22-4869-b399-5f656738f307,Kamdar-Mani,"Defence startup focusing on AI, Drones","An innovative startup leveraging AI, Drones to revolutionize defence operations.",Defence,['Skill Development'],"['AI', 'Drones']",['Recommendation Systems'],10,10,73,Average,15,49,24200000,66,Series B,16000000,Growth,['None'],2,12,6,True,True,High,National,Nashik,"['Delhi', 'Maharashtra', 'Kerala']",Jaipur,7,Advanced,24x7,Complete,multi_sector
1cde932e-5029-4d16-90b4-9e9b782713ee,"Chahal, Sunder and Bhakta","Cybersecurity startup focusing on AI, Threat Detection, Cryptography","We provide end-to-end cybersecurity services powered by AI, Threat Detection, Cryptography and a strong team of experts.",Cybersecurity,[],"['AI', 'Threat Detection', 'Cryptography']",[],11,6,45,Average,21,81,39200000,59,Series C,2000000,Prototype,['SOC 2'],4,4,7,True,True,High,National,Nagpur,"['Tamil Nadu', 'Kerala']",Kolkata,3,Basic,8x5,Complete,strong_tech_geo_mismatch
291e4904-4d5b-478c-921b-73428d8a44e0,"Barad, Raj and Sachdeva",Renewable Energy startup focusing on ML,An innovative startup leveraging ML to revolutionize renewable energy operations.,Renewable Energy,['Transportation'],['ML'],['Computer Vision'],1,1,23,Average,17,45,47000000,48,Bootstrapped,8000000,Early Revenue,"['CMMI', 'None']",2,14,12,False,False,High,Regional,Kolkata,['Karnataka'],Lucknow,2,Comprehensive,8x5,Complete,highly_specialized
91b16965-d8fc-4fe5-b010-0844f38bddae,Padmanabhan-Thaker,"Public Safety startup focusing on Predictive Analytics, Biometrics","An innovative startup leveraging Predictive Analytics, Biometrics to revolutionize public safety operations.",Public Safety,"['Disaster Management', 'Governance']","['Predictive Analytics', 'Biometrics']","['Drones', 'OCR']",9,8,39,Strong,17,81,49200000,65,Series A,5000000,Prototype,['None'],1,2,13,True,True,Medium,Regional,Kochi,['Gujarat'],Pan India,4,Advanced,8x5,Complete,established_weak_relevance
9f196c6e-e570-42a1-a069-6d0e6ce4eeb4,"Chaudhari, Golla and Dave","Tourism startup focusing on Mobile Tech, Recommendation Systems, VR/AR","An innovative startup leveraging Mobile Tech, Recommendation Systems, VR/AR to revolutionize tourism operations.",Tourism,[],"['Mobile Tech', 'Recommendation Systems', 'VR/AR']",[],13,5,8,Strong,21,35,16200000,80,Series A,6000000,MVP,['CMMI'],3,13,6,True,True,Low,Regional,Surat,['Tamil Nadu'],Pan India,4,Comprehensive,8x5,Complete,strong_sector_weak_scale
76a040af-fa6f-40ac-a373-00e286c3f63a,Kurian PLC,"Smart City startup focusing on Computer Vision, Edge Computing, IoT","An innovative startup leveraging Computer Vision, Edge Computing, IoT to revolutionize smart city operations.",Smart City,['Healthcare'],"['Computer Vision', 'Edge Computing', 'IoT']",['Medical AI'],1,1,70,Specialized,25,56,17800000,68,Series A,19000000,Mature,['None'],1,15,0,True,False,High,National,Indore,['Maharashtra'],Pan India,6,Comprehensive,8x5,Complete,strong_tech_geo_mismatch
ce94d404-ba08-4deb-a15a-caa07d4ae9cd,"Ramaswamy, Pradhan and Rajagopal","Healthcare startup focusing on Wearables, NLP, Data Analytics","Ramaswamy, Pradhan and Rajagopal specializes in Wearables, NLP, Data Analytics combined with innovative software to solve healthcare challenges.",Healthcare,['Smart City'],"['Wearables', 'NLP', 'Data Analytics']",['Edge Computing'],2,0,2,Strong,14,65,38400000,29,Series C,14000000,Early Revenue,"['SOC 2', 'CMMI']",0,9,14,True,True,Low,Regional,Gurugram,['Telangana'],Kochi,4,Basic,8x5,Incomplete,incomplete_eligibility
133a51ae-cb4d-4bb7-9ad9-ebf2c4108e05,Mahal-Pandya,"Governance startup focusing on Blockchain, NLP","We provide end-to-end governance services powered by Blockchain, NLP and a strong team of experts.",Governance,[],"['Blockchain', 'NLP']",[],2,2,35,Strong,10,59,26100000,12,Series A,10000000,Early Revenue,['CMMI'],3,4,1,True,False,High,Regional,Coimbatore,['Telangana'],Kochi,2,Basic,8x5,Complete,early_stage_excellent_prototype
e447bd35-d791-4518-a623-60c371903a15,"Ram, Bava and Parekh","FinTech startup focusing on Blockchain, NLP","We provide end-to-end fintech services powered by Blockchain, NLP and a strong team of experts.",FinTech,"['Governance', 'Infrastructure']","['Blockchain', 'NLP']","['Predictive Maintenance', 'Data Analytics']",6,3,3,Specialized,25,42,4600000,59,Seed,7000000,Early Revenue,['SOC 2'],5,7,0,True,True,High,Regional,Chennai,"['Gujarat', 'Maharashtra', 'Kerala']",Indore,8,Basic,24x7,Complete,multi_sector
dc046e4d-f348-4bbd-ba3f-d213930f6611,"Kari, Chand and Parmer",Tourism startup focusing on VR/AR,An innovative startup leveraging VR/AR to revolutionize tourism operations.,Tourism,['Transportation'],['VR/AR'],['IoT'],1,0,151,Specialized,22,51,21100000,77,Bootstrapped,18000000,Prototype,['ISO 27001'],2,2,2,False,False,High,National,Pune,"['Maharashtra', 'Karnataka', 'Tamil Nadu']",Pan India,5,Advanced,24x7,Complete,strong_tech_geo_mismatch
99ab595e-50fd-4df5-8167-c713061b17ea,Sachdeva LLC,"Renewable Energy startup focusing on IoT, Predictive Analytics","We build IoT, Predictive Analytics systems for renewable energy applications, delivering scalable solutions and intelligent integration.",Renewable Energy,[],"['IoT', 'Predictive Analytics']",[],1,1,9,Specialized,18,87,35800000,16,Series A,3000000,Growth,"['SOC 2', 'CMMI']",3,1,4,True,False,Low,National,Chennai,"['Karnataka', 'Maharashtra', 'Kerala', 'West Bengal']",Pan India,9,Comprehensive,8x5,Complete,highly_specialized
f88cbd18-803d-4b16-a1cd-1d9a093b1a62,Varty-Magar,Transportation startup focusing on Predictive Maintenance,We provide end-to-end transportation services powered by Predictive Maintenance and a strong team of experts.,Transportation,"['Tourism', 'Disaster Management']",['Predictive Maintenance'],"['Mobile Tech', 'IoT']",9,1,34,Specialized,16,74,18100000,22,Series C,7000000,Prototype,['ISO 27001'],5,11,11,True,True,High,Local,Visakhapatnam,"['UP', 'Delhi', 'Maharashtra', 'Gujarat']",Pan India,8,Comprehensive,8x5,Complete,excellent_tech_excellent_exp
5c58e0c1-2e99-4574-b768-b366e5152537,Bora-Wason,Public Safety startup focusing on Predictive Analytics,We provide end-to-end public safety services powered by Predictive Analytics and a strong team of experts.,Public Safety,['Disaster Management'],['Predictive Analytics'],['Drones'],13,11,50,Strong,23,61,10300000,57,Series B,11000000,Prototype,"['CMMI', 'ISO 27001']",0,15,10,True,True,Medium,Local,Nagpur,"['West Bengal', 'Maharashtra']",Pan India,7,Basic,8x5,Complete,high_exp_weak_tech
36bab244-cc1b-4ae6-a675-c69acb809d9c,Chandra-Dua,"Public Safety startup focusing on Biometrics, Predictive Analytics, Computer Vision","We build Biometrics, Predictive Analytics, Computer Vision systems for public safety applications, delivering scalable solutions and intelligent integration.",Public Safety,"['Agriculture', 'Education']","['Biometrics', 'Predictive Analytics', 'Computer Vision']","['NLP', 'Computer Vision']",3,1,200,Specialized,17,33,43200000,10,Bootstrapped,6000000,MVP,"['CMMI', 'None']",1,16,0,True,False,High,National,Nashik,"['West Bengal', 'UP', 'Kerala', 'Delhi']",Pan India,5,Comprehensive,Community,Complete,excellent_tech_low_exp
24045671-30de-4a7f-8ffa-e7aa26472f72,Sha and Sons,"Rural Development startup focusing on Renewable Tech, Data Analytics, IoT","An innovative startup leveraging Renewable Tech, Data Analytics, IoT to revolutionize rural development operations.",Rural Development,[],"['Renewable Tech', 'Data Analytics', 'IoT']",[],15,3,46,Average,15,61,46500000,61,Series B,6000000,Early Revenue,"['CMMI', 'None']",4,3,5,True,True,Low,Local,Lucknow,['Delhi'],Lucknow,4,Comprehensive,Community,Incomplete,incomplete_eligibility
d9891192-bab2-4fdc-b6c5-6fe2ae6a942f,Saha Ltd,"Rural Development startup focusing on Mobile Tech, Renewable Tech, IoT","We provide end-to-end rural development services powered by Mobile Tech, Renewable Tech, IoT and a strong team of experts.",Rural Development,['Logistics'],"['Mobile Tech', 'Renewable Tech', 'IoT']",['Route Optimization'],8,5,169,Specialized,23,42,45000000,77,Series A,17000000,Prototype,['ISO 27001'],3,15,8,True,True,High,Regional,Ahmedabad,"['West Bengal', 'Delhi', 'Telangana', 'Tamil Nadu']",Guwahati,11,Comprehensive,24x7,Complete,strong_tech_geo_mismatch
d07aaa39-234c-4aff-a1c0-f5cee6f5eefe,Yogi and Sons,"Transportation startup focusing on Predictive Maintenance, Route Optimization","Yogi and Sons specializes in Predictive Maintenance, Route Optimization combined with innovative software to solve transportation challenges.",Transportation,"['Renewable Energy', 'FinTech']","['Predictive Maintenance', 'Route Optimization']","['IoT', 'Data Analytics']",12,11,3,Average,24,61,32700000,25,Bootstrapped,18000000,Prototype,"['SOC 2', 'ISO 27001']",2,7,1,True,True,Low,National,Mumbai,"['UP', 'West Bengal']",Pan India,1,Advanced,Community,Complete,established_weak_relevance
87005098-6a0c-4ad9-9135-05497f2e5789,Banerjee and Sons,"Public Safety startup focusing on Biometrics, IoT, Computer Vision","An innovative startup leveraging Biometrics, IoT, Computer Vision to revolutionize public safety operations.",Public Safety,"['Cybersecurity', 'Logistics']","['Biometrics', 'IoT', 'Computer Vision']","['Network Security', 'Blockchain']",12,10,4,Average,20,37,48900000,72,Bootstrapped,5000000,Mature,['CMMI'],4,18,6,True,True,Medium,National,Lucknow,['West Bengal'],Pan India,3,Basic,Community,Complete,high_exp_weak_tech
263e9336-f9f5-41fc-8672-41b46abda81b,Vora and Sons,"Renewable Energy startup focusing on ML, Smart Grids","An innovative startup leveraging ML, Smart Grids to revolutionize renewable energy operations.",Renewable Energy,[],"['ML', 'Smart Grids']",[],7,5,195,Specialized,8,50,35100000,66,Series A,15000000,Growth,"['ISO 27001', 'SOC 2']",2,6,2,True,True,Low,National,Ahmedabad,"['Tamil Nadu', 'Gujarat']",Noida,4,Comprehensive,Community,Complete,strong_tech_geo_mismatch
19075070-587b-4766-94cf-742a026cc24a,Mitra-Walia,"Agriculture startup focusing on Satellite Imaging, ML, IoT","Mitra-Walia specializes in Satellite Imaging, ML, IoT combined with innovative software to solve agriculture challenges.",Agriculture,[],"['Satellite Imaging', 'ML', 'IoT']",[],1,0,62,Average,19,74,26300000,14,Series A,14000000,Early Revenue,"['SOC 2', 'None']",2,6,6,True,False,High,Regional,Kochi,['UP'],Kolkata,6,Basic,24x7,Complete,strong_tech_geo_mismatch
1de3d76f-8fa3-42ef-9945-0e775a61b7c1,"Mohanty, Dayal and Krishna","Tourism startup focusing on Mobile Tech, NLP, VR/AR","An innovative startup leveraging Mobile Tech, NLP, VR/AR to revolutionize tourism operations.",Tourism,['Renewable Energy'],"['Mobile Tech', 'NLP', 'VR/AR']",['Predictive Analytics'],13,11,3,Specialized,16,52,39900000,70,Series A,18000000,MVP,['ISO 27001'],0,16,2,True,True,High,National,Nagpur,"['Maharashtra', 'Delhi', 'UP', 'Gujarat']",Pan India,6,Advanced,24x7,Complete,highly_specialized
9d496613-d2ab-4c45-8a81-b8a57fa54e23,Chawla-Yadav,"Transportation startup focusing on Route Optimization, Predictive Maintenance, Computer Vision","We provide end-to-end transportation services powered by Route Optimization, Predictive Maintenance, Computer Vision and a strong team of experts.",Transportation,"['Water Management', 'Logistics']","['Route Optimization', 'Predictive Maintenance', 'Computer Vision']","['Predictive Analytics', 'Sensors']",1,0,39,Average,22,40,32900000,21,Series B,5000000,Early Revenue,"['None', 'SOC 2']",3,5,0,True,True,Low,Regional,Nashik,"['Kerala', 'Telangana', 'Maharashtra']",Pan India,10,Advanced,8x5,Complete,excellent_tech_excellent_exp
dbf94807-a620-4fc8-bccc-b3c70d8148be,Mangal-Tara,"Disaster Management startup focusing on Predictive Analytics, Drones","An innovative startup leveraging Predictive Analytics, Drones to revolutionize disaster management operations.",Disaster Management,[],"['Predictive Analytics', 'Drones']",[],5,1,6,Average,6,76,47400000,53,Bootstrapped,13000000,Prototype,['ISO 27001'],0,14,11,True,True,Low,Regional,Noida,"['Telangana', 'Maharashtra', 'UP']",Pan India,12,Basic,8x5,Incomplete,incomplete_eligibility
661c2d74-a6b1-4be8-af37-fc1462815cf0,Mital-Patla,"Defence startup focusing on Computer Vision, AI","An innovative startup leveraging Computer Vision, AI to revolutionize defence operations.",Defence,[],"['Computer Vision', 'AI']",[],6,3,3,Specialized,8,63,17200000,65,Series A,8000000,Prototype,['SOC 2'],5,6,13,True,True,Medium,Regional,Coimbatore,['Telangana'],Chandigarh,10,Basic,24x7,Incomplete,incomplete_eligibility
ae2d29b2-3a08-4660-afc1-2ecabbae78ce,"Bedi, Roy and Arya",Governance startup focusing on Blockchain,"Bedi, Roy and Arya specializes in Blockchain combined with innovative software to solve governance challenges.",Governance,"['Waste Management', 'Infrastructure']",['Blockchain'],"['Computer Vision', 'IoT']",1,1,10,Strong,3,82,37700000,48,Series C,3000000,Prototype,"['SOC 2', 'None']",4,19,8,True,False,Low,Regional,Bengaluru,['Delhi'],Chandigarh,12,Comprehensive,24x7,Complete,early_stage_excellent_prototype
4068e2f6-0bf1-48ad-b18a-1dc509c7f79d,Dewan-Reddy,Tourism startup focusing on Mobile Tech,An innovative startup leveraging Mobile Tech to revolutionize tourism operations.,Tourism,['Transportation'],['Mobile Tech'],['IoT'],7,5,4,Strong,11,33,5500000,67,Series C,16000000,Early Revenue,"['CMMI', 'None']",4,16,12,True,True,Medium,Regional,Guwahati,"['UP', 'Maharashtra', 'Gujarat']",Pan India,8,Basic,Community,Complete,excellent_tech_excellent_exp
8ebfd870-2787-4853-8ba6-965c00db2695,"Sarin, Merchant and Kala","Education startup focusing on Recommendation Systems, VR/AR, Machine Learning","Sarin, Merchant and Kala specializes in Recommendation Systems, VR/AR, Machine Learning combined with innovative software to solve education challenges.",Education,[],"['Recommendation Systems', 'VR/AR', 'Machine Learning']",[],10,1,119,Strong,13,65,6300000,50,Bootstrapped,3000000,Prototype,['ISO 27001'],4,10,4,True,True,Low,Local,Lucknow,"['UP', 'Telangana', 'Maharashtra', 'West Bengal']",New Delhi,12,Basic,Community,Incomplete,incomplete_eligibility
f7375cca-25ee-4258-8cb9-d2b8e55addd9,Chand Inc,"Cybersecurity startup focusing on AI, Cryptography, Threat Detection","Chand Inc specializes in AI, Cryptography, Threat Detection combined with innovative software to solve cybersecurity challenges.",Cybersecurity,[],"['AI', 'Cryptography', 'Threat Detection']",[],7,7,3,Average,12,45,7100000,50,Series C,13000000,Growth,['CMMI'],3,12,0,True,True,Medium,Local,Guwahati,"['UP', 'West Bengal']",Nagpur,12,Advanced,24x7,Complete,excellent_tech_excellent_exp
4a08e08d-0673-4c6f-8366-9e220b2c395a,Rana LLC,"Water Management startup focusing on Machine Learning, Predictive Analytics, IoT","Rana LLC specializes in Machine Learning, Predictive Analytics, IoT combined with innovative software to solve water management challenges.",Water Management,[],"['Machine Learning', 'Predictive Analytics', 'IoT']",[],2,0,31,Specialized,3,86,1000000,40,Series A,2000000,Prototype,"['SOC 2', 'CMMI']",3,4,11,False,True,Medium,Regional,Ahmedabad,['Kerala'],Pan India,10,Basic,24x7,Complete,excellent_tech_excellent_exp
b81b6478-1581-4181-b39b-b6ea13cc2dee,"Narang, Nazareth and Konda","Governance startup focusing on Machine Learning, OCR, NLP","We build Machine Learning, OCR, NLP systems for governance applications, delivering scalable solutions and intelligent integration.",Governance,"['Renewable Energy', 'Tourism']","['Machine Learning', 'OCR', 'NLP']","['NLP', 'Predictive Analytics']",15,13,99,Average,15,47,33300000,64,Seed,20000000,MVP,"['CMMI', 'None']",1,2,11,True,True,High,Local,Mumbai,['Kerala'],Pan India,11,Basic,Community,Complete,high_exp_weak_tech
db9ad055-4ead-442d-a12c-bbbc906be5ad,Toor-Ratti,"Transportation startup focusing on Predictive Maintenance, Computer Vision","An innovative startup leveraging Predictive Maintenance, Computer Vision to revolutionize transportation operations.",Transportation,['Renewable Energy'],"['Predictive Maintenance', 'Computer Vision']",['Predictive Analytics'],1,1,10,Specialized,10,72,37000000,80,Series C,19000000,Mature,"['SOC 2', 'CMMI']",3,12,13,False,True,Low,Local,Kolkata,['Gujarat'],Patna,2,Comprehensive,24x7,Complete,early_stage_excellent_prototype
3a584256-8809-44f8-9585-c2e83e1323a2,"Garde, Mahajan and Doshi","Infrastructure startup focusing on IoT, Predictive Maintenance","We build IoT, Predictive Maintenance systems for infrastructure applications, delivering scalable solutions and intelligent integration.",Infrastructure,['FinTech'],"['IoT', 'Predictive Maintenance']",['Data Analytics'],10,5,7,Average,19,36,38000000,51,Series C,13000000,MVP,"['ISO 27001', 'None']",5,3,0,True,True,High,Regional,Bhubaneswar,"['Gujarat', 'Maharashtra', 'UP']",Gurugram,4,Advanced,24x7,Complete,excellent_tech_excellent_exp
827d789b-cb03-4fbb-8299-cb6f5ba7a679,"Bahl, Chacko and Chakrabarti","Skill Development startup focusing on VR/AR, NLP","We provide end-to-end skill development services powered by VR/AR, NLP and a strong team of experts.",Skill Development,[],"['VR/AR', 'NLP']",[],2,1,5,Specialized,17,83,13300000,27,Series C,14000000,Prototype,['SOC 2'],1,20,3,True,True,Medium,Local,Chandigarh,"['Gujarat', 'Tamil Nadu']",Surat,12,Comprehensive,Community,Complete,strong_sector_weak_scale
1931df0d-6afb-4f63-ab07-33d145758715,"Balan, Singhal and Korpal",Waste Management startup focusing on IoT,"Balan, Singhal and Korpal specializes in IoT combined with innovative software to solve waste management challenges.",Waste Management,[],['IoT'],[],15,5,30,Strong,16,49,38700000,73,Series C,6000000,MVP,['ISO 27001'],4,16,12,True,True,Low,Local,Pune,"['Gujarat', 'Tamil Nadu', 'UP', 'Karnataka']",Pan India,9,Basic,Community,Complete,strong_sector_weak_scale
eebb25b0-22ed-4a88-b5b3-9e6e5e03186a,Mannan Inc,"Smart City startup focusing on Data Analytics, IoT, Edge Computing","We build Data Analytics, IoT, Edge Computing systems for smart city applications, delivering scalable solutions and intelligent integration.",Smart City,[],"['Data Analytics', 'IoT', 'Edge Computing']",[],12,1,2,Specialized,16,31,7800000,48,Series C,2000000,Growth,['SOC 2'],4,8,13,True,True,Low,Regional,Nagpur,"['UP', 'West Bengal', 'Gujarat', 'Kerala']",Pan India,2,Advanced,Community,Complete,multi_sector
4b6a53d1-5386-4473-9a65-4f9bdc652ef9,Barad-Majumdar,Skill Development startup focusing on NLP,Barad-Majumdar specializes in NLP combined with innovative software to solve skill development challenges.,Skill Development,"['Disaster Management', 'Smart City']",['NLP'],"['Satellite Imaging', 'Edge Computing']",4,2,104,Strong,5,56,15700000,49,Series A,2000000,Prototype,['None'],3,0,2,True,True,High,Regional,Hyderabad,"['Maharashtra', 'Delhi']",Jaipur,6,Comprehensive,24x7,Complete,strong_sector_weak_scale
d28dd07a-1384-4747-83e3-24d7e1db24a4,Gade-Rattan,Tourism startup focusing on Recommendation Systems,We provide end-to-end tourism services powered by Recommendation Systems and a strong team of experts.,Tourism,['Cybersecurity'],['Recommendation Systems'],['Network Security'],11,10,24,Average,23,79,6600000,20,Bootstrapped,16000000,Mature,"['CMMI', 'SOC 2']",3,15,14,True,True,Medium,Local,Noida,"['West Bengal', 'Maharashtra', 'UP', 'Kerala']",Pan India,9,Comprehensive,8x5,Complete,highly_specialized
849dc4f3-df8a-4c8f-a730-9cde0a500b60,"Mann, Chaudhry and Mody",Skill Development startup focusing on Machine Learning,An innovative startup leveraging Machine Learning to revolutionize skill development operations.,Skill Development,['Defence'],['Machine Learning'],['Robotics'],8,3,2,Specialized,24,56,12900000,50,Series C,2000000,Growth,['None'],0,17,0,True,True,Medium,National,Surat,"['Tamil Nadu', 'Karnataka', 'Maharashtra', 'Gujarat']",Pan India,6,Advanced,24x7,Incomplete,incomplete_eligibility
71af496d-23ca-4c20-b546-89d33ca3f889,Bhasin-Thaman,Logistics startup focusing on Route Optimization,Bhasin-Thaman specializes in Route Optimization combined with innovative software to solve logistics challenges.,Logistics,['Skill Development'],['Route Optimization'],['Machine Learning'],4,3,12,Specialized,9,58,30700000,34,Bootstrapped,18000000,Early Revenue,"['ISO 27001', 'SOC 2']",1,16,10,True,False,Medium,Local,Delhi,['West Bengal'],Pan India,6,Basic,24x7,Complete,strong_tech_geo_mismatch
b4d7c72e-b764-4f29-a265-579a44bf7fee,Ratti-Choudhary,Infrastructure startup focusing on Computer Vision,We provide end-to-end infrastructure services powered by Computer Vision and a strong team of experts.,Infrastructure,"['Environment', 'Defence']",['Computer Vision'],"['Cybersecurity', 'IoT']",12,5,30,Average,19,74,23000000,76,Series C,16000000,Mature,['SOC 2'],0,1,1,True,True,Medium,Local,Surat,['Tamil Nadu'],Bengaluru,8,Basic,8x5,Complete,excellent_tech_excellent_exp
6a9a5844-4a34-43de-b4b2-bb4dd36c2b5e,"Divan, Pradhan and Venkatesh",Defence startup focusing on AI,We provide end-to-end defence services powered by AI and a strong team of experts.,Defence,['Public Safety'],['AI'],['Predictive Analytics'],11,7,10,Average,18,35,48700000,49,Series C,13000000,Early Revenue,"['SOC 2', 'CMMI']",1,9,9,True,True,Medium,Local,Nashik,"['UP', 'Kerala', 'Delhi']",Pan India,1,Basic,Community,Complete,excellent_tech_excellent_exp
355a930a-073b-453b-a9b2-20af598b109e,Ben Inc,Rural Development startup focusing on Mobile Tech,Ben Inc specializes in Mobile Tech combined with innovative software to solve rural development challenges.,Rural Development,['Smart City'],['Mobile Tech'],['IoT'],6,3,2,Average,18,72,23700000,41,Series B,16000000,Mature,"['None', 'CMMI']",5,1,6,True,True,High,Local,Chennai,"['UP', 'Maharashtra']",Kochi,10,Comprehensive,Community,Complete,excellent_tech_excellent_exp
de0da7d9-97a7-46f6-b6af-202a60209d1f,"Ganesh, Dara and Basu","Logistics startup focusing on Predictive Analytics, Blockchain","We provide end-to-end logistics services powered by Predictive Analytics, Blockchain and a strong team of experts.",Logistics,"['Tourism', 'Cybersecurity']","['Predictive Analytics', 'Blockchain']","['NLP', 'AI']",8,0,6,Average,15,38,3000000,21,Seed,2000000,Early Revenue,"['CMMI', 'SOC 2']",0,16,3,True,True,Low,Regional,Lucknow,['West Bengal'],Pan India,4,Advanced,8x5,Complete,strong_sector_weak_scale
d563fc7a-b1a9-4a91-8bc7-0ab54eb94b8c,"Bhattacharyya, Dalal and Bala","Rural Development startup focusing on Mobile Tech, Renewable Tech, Data Analytics","Bhattacharyya, Dalal and Bala specializes in Mobile Tech, Renewable Tech, Data Analytics combined with innovative software to solve rural development challenges.",Rural Development,['Transportation'],"['Mobile Tech', 'Renewable Tech', 'Data Analytics']",['Predictive Maintenance'],1,1,7,Strong,3,82,44800000,29,Series A,8000000,Prototype,['ISO 27001'],4,0,4,True,False,Low,Regional,Hyderabad,"['Kerala', 'Delhi']",Pan India,6,Basic,8x5,Complete,early_stage_excellent_prototype
72c8bfcf-6c61-4eab-a7ce-c45703c8941b,Chandran and Sons,Agriculture startup focusing on ML,We provide end-to-end agriculture services powered by ML and a strong team of experts.,Agriculture,"['Water Management', 'Environment']",['ML'],"['Machine Learning', 'Data Analytics']",13,12,22,Strong,23,50,6100000,25,Series C,18000000,Mature,"['None', 'CMMI']",1,13,2,True,True,High,Regional,Jaipur,"['Delhi', 'West Bengal', 'Kerala']",Visakhapatnam,9,Basic,24x7,Complete,high_exp_weak_tech
425d7fad-4aa2-44f3-82a3-7e088880ac06,"Nigam, Kalita and Soni","Logistics startup focusing on Blockchain, Route Optimization, Predictive Analytics","Nigam, Kalita and Soni specializes in Blockchain, Route Optimization, Predictive Analytics combined with innovative software to solve logistics challenges.",Logistics,[],"['Blockchain', 'Route Optimization', 'Predictive Analytics']",[],11,10,6,Average,19,33,28400000,57,Seed,20000000,Early Revenue,['ISO 27001'],2,0,15,True,True,Medium,Local,Bhubaneswar,['West Bengal'],Noida,5,Advanced,8x5,Complete,high_exp_weak_tech
7c32194d-ac8b-4b98-8484-f4ce8bb4b488,"Ramesh, Kaur and Chokshi","FinTech startup focusing on NLP, Fraud Detection","An innovative startup leveraging NLP, Fraud Detection to revolutionize fintech operations.",FinTech,[],"['NLP', 'Fraud Detection']",[],12,10,120,Average,16,81,12500000,14,Bootstrapped,1000000,Growth,['CMMI'],4,17,4,True,True,Medium,Regional,Kolkata,"['Telangana', 'West Bengal', 'UP', 'Kerala']",Noida,8,Comprehensive,8x5,Complete,established_weak_relevance
78dae3ab-9411-4a3b-84f7-8e3d6fffdff4,Varma-Behl,"Infrastructure startup focusing on Sensors, Predictive Maintenance, Computer Vision","Varma-Behl specializes in Sensors, Predictive Maintenance, Computer Vision combined with innovative software to solve infrastructure challenges.",Infrastructure,['Water Management'],"['Sensors', 'Predictive Maintenance', 'Computer Vision']",['Predictive Analytics'],2,2,6,Specialized,15,32,41400000,55,Bootstrapped,13000000,Prototype,['SOC 2'],5,8,14,True,False,High,Local,Bhopal,"['Gujarat', 'Maharashtra']",Nashik,5,Basic,8x5,Complete,early_stage_excellent_prototype
19e14b68-9748-4b6c-b4a6-e0b8c60cc4b3,Chadha Inc,Public Safety startup focusing on IoT,An innovative startup leveraging IoT to revolutionize public safety operations.,Public Safety,[],['IoT'],[],6,0,5,Average,10,59,26000000,77,Series C,18000000,Early Revenue,['SOC 2'],3,2,15,True,True,High,Regional,Patna,"['Tamil Nadu', 'Gujarat', 'Kerala', 'Telangana']",Guwahati,12,Comprehensive,24x7,Incomplete,incomplete_eligibility
c42950cd-60a0-4129-93f7-462260f62685,"Sami, Raman and Mohanty",Rural Development startup focusing on Renewable Tech,An innovative startup leveraging Renewable Tech to revolutionize rural development operations.,Rural Development,"['Logistics', 'Education']",['Renewable Tech'],"['NLP', 'IoT']",8,4,77,Strong,13,43,6700000,28,Series C,6000000,Growth,['CMMI'],3,3,14,True,True,Medium,Regional,Nashik,['Tamil Nadu'],Pune,12,Advanced,24x7,Complete,strong_sector_weak_scale
8439035b-f7d2-4810-80d1-f10219ce4d88,Ramaswamy and Sons,FinTech startup focusing on AI,Ramaswamy and Sons specializes in AI combined with innovative software to solve fintech challenges.,FinTech,[],['AI'],[],9,6,5,Specialized,13,64,17900000,10,Series C,5000000,Prototype,"['None', 'CMMI']",5,10,11,True,True,Low,National,Nashik,"['West Bengal', 'Kerala']",Bhubaneswar,5,Basic,8x5,Complete,excellent_tech_excellent_exp
c7923fe2-3125-480a-a75b-66a06649dd58,Sha-Desai,"Skill Development startup focusing on Machine Learning, VR/AR","We provide end-to-end skill development services powered by Machine Learning, VR/AR and a strong team of experts.",Skill Development,[],"['Machine Learning', 'VR/AR']",[],15,7,84,Specialized,24,41,26600000,37,Bootstrapped,11000000,Prototype,['ISO 27001'],1,12,0,True,True,Medium,Regional,Visakhapatnam,"['Maharashtra', 'Tamil Nadu']",Noida,12,Comprehensive,24x7,Complete,highly_specialized
1dac8d95-17c0-432d-8bd5-3e31d5d2f13b,"Chadha, Tak and Ghosh",Tourism startup focusing on Recommendation Systems,"We build Recommendation Systems systems for tourism applications, delivering scalable solutions and intelligent integration.",Tourism,"['Public Safety', 'Waste Management']",['Recommendation Systems'],['Computer Vision'],1,1,9,Specialized,15,44,200000,34,Bootstrapped,18000000,Early Revenue,['CMMI'],4,6,7,False,False,Low,Local,Delhi,"['Delhi', 'Tamil Nadu', 'Karnataka', 'Gujarat']",Ahmedabad,1,Basic,Community,Complete,early_stage_excellent_prototype
6984a203-00e3-46f5-b524-f864a846c84d,"Choudhary, Kalita and Ganguly","Rural Development startup focusing on Mobile Tech, Renewable Tech, IoT","We build Mobile Tech, Renewable Tech, IoT systems for rural development applications, delivering scalable solutions and intelligent integration.",Rural Development,"['FinTech', 'Smart City']","['Mobile Tech', 'Renewable Tech', 'IoT']","['Computer Vision', 'Blockchain']",8,2,193,Specialized,16,52,4300000,30,Seed,7000000,Mature,"['CMMI', 'ISO 27001']",1,7,6,True,True,Low,Regional,Guwahati,"['Gujarat', 'Maharashtra', 'Delhi', 'Telangana']",Pan India,4,Basic,8x5,Complete,highly_specialized
07d16a3a-3fa6-42b5-8e21-6cfd0999244a,Kurian and Sons,Smart City startup focusing on Data Analytics,"We build Data Analytics systems for smart city applications, delivering scalable solutions and intelligent integration.",Smart City,"['Logistics', 'Infrastructure']",['Data Analytics'],"['Route Optimization', 'Computer Vision']",2,1,93,Strong,16,62,6200000,38,Series C,13000000,Growth,"['CMMI', 'SOC 2']",2,17,10,True,False,High,Local,Ahmedabad,"['Karnataka', 'Tamil Nadu', 'West Bengal']",Pan India,4,Advanced,24x7,Complete,strong_tech_geo_mismatch
560c8afb-355d-4aa9-a4e1-1a2a2bf3ddcc,"Mann, Seshadri and Jani",Skill Development startup focusing on Recommendation Systems,"We build Recommendation Systems systems for skill development applications, delivering scalable solutions and intelligent integration.",Skill Development,['Public Safety'],['Recommendation Systems'],['IoT'],9,6,7,Average,16,71,39200000,27,Series C,8000000,Early Revenue,['None'],3,4,3,True,True,Medium,Regional,Chennai,"['Tamil Nadu', 'Delhi']",Patna,2,Advanced,Community,Complete,strong_tech_geo_mismatch
a2463b65-3329-4e41-b8ee-3ec8c0b0f15c,Sundaram-Bahri,Public Safety startup focusing on Biometrics,"We build Biometrics systems for public safety applications, delivering scalable solutions and intelligent integration.",Public Safety,['Environment'],['Biometrics'],['Satellite Imaging'],10,8,44,Strong,22,71,31700000,19,Series B,14000000,MVP,"['None', 'ISO 27001']",4,14,7,True,True,High,National,Kochi,"['Delhi', 'West Bengal', 'UP']",Pan India,3,Advanced,Community,Complete,strong_tech_geo_mismatch
33673532-e371-40f3-a0b0-432733e03617,"Sunder, Chahal and Bajwa","Transportation startup focusing on Computer Vision, IoT","An innovative startup leveraging Computer Vision, IoT to revolutionize transportation operations.",Transportation,[],"['Computer Vision', 'IoT']",[],11,10,10,Average,11,48,27900000,11,Bootstrapped,15000000,Mature,['CMMI'],2,2,14,True,True,Medium,Regional,Patna,"['Kerala', 'Telangana']",Pan India,4,Comprehensive,Community,Complete,highly_specialized
8e923d01-2035-4f33-960d-de536f467113,Sura-Sidhu,"Defence startup focusing on AI, Computer Vision","An innovative startup leveraging AI, Computer Vision to revolutionize defence operations.",Defence,['Transportation'],"['AI', 'Computer Vision']",['IoT'],6,3,9,Average,22,85,200000,13,Series C,11000000,Mature,['None'],1,4,9,True,True,Low,Regional,Visakhapatnam,"['Kerala', 'Karnataka', 'West Bengal', 'Tamil Nadu']",Pan India,6,Advanced,Community,Complete,strong_sector_weak_scale
f84bdc1e-1ca0-4d75-af22-8d84e0ce29f7,"Sehgal, Bail and Kamdar",Transportation startup focusing on IoT,An innovative startup leveraging IoT to revolutionize transportation operations.,Transportation,['Skill Development'],['IoT'],['VR/AR'],4,2,25,Average,21,47,6400000,75,Series C,19000000,Growth,"['ISO 27001', 'None']",3,1,13,True,True,Low,Regional,Chennai,"['Maharashtra', 'Tamil Nadu', 'Kerala', 'UP']",Gurugram,1,Basic,24x7,Complete,strong_sector_weak_scale
30511508-8548-487d-a9f4-9e7d2bfdff6d,Uppal-Parmar,"Tourism startup focusing on Recommendation Systems, NLP, Mobile Tech","We provide end-to-end tourism services powered by Recommendation Systems, NLP, Mobile Tech and a strong team of experts.",Tourism,[],"['Recommendation Systems', 'NLP', 'Mobile Tech']",[],11,9,71,Strong,24,35,46600000,68,Series A,15000000,Growth,"['ISO 27001', 'None']",2,8,11,True,True,High,Regional,Indore,['UP'],Delhi,9,Comprehensive,24x7,Complete,established_weak_relevance
9e33fe12-c7ba-4b76-b123-994f6589bda6,Lall and Sons,"Water Management startup focusing on Predictive Analytics, Machine Learning","Lall and Sons specializes in Predictive Analytics, Machine Learning combined with innovative software to solve water management challenges.",Water Management,[],"['Predictive Analytics', 'Machine Learning']",[],3,1,50,Specialized,11,73,8800000,63,Series C,5000000,Prototype,['SOC 2'],1,7,5,True,True,Medium,National,Bengaluru,['West Bengal'],Pan India,4,Basic,Community,Complete,excellent_tech_low_exp
b1d71880-726f-485b-8ab4-d877bdd7d2e0,Nadkarni-Yogi,"Smart City startup focusing on Edge Computing, IoT, Data Analytics","We provide end-to-end smart city services powered by Edge Computing, IoT, Data Analytics and a strong team of experts.",Smart City,['Environment'],"['Edge Computing', 'IoT', 'Data Analytics']",['Satellite Imaging'],15,15,3,Strong,19,50,33200000,58,Series B,17000000,Mature,['ISO 27001'],0,12,9,True,True,Medium,Regional,Nagpur,"['West Bengal', 'UP', 'Kerala', 'Delhi']",Lucknow,12,Advanced,24x7,Complete,highly_specialized
6517cbdc-709e-462d-8076-13f6d9551057,"Raghavan, Bansal and Bir","Public Safety startup focusing on Computer Vision, Predictive Analytics","Raghavan, Bansal and Bir specializes in Computer Vision, Predictive Analytics combined with innovative software to solve public safety challenges.",Public Safety,['Disaster Management'],"['Computer Vision', 'Predictive Analytics']",['Drones'],12,11,85,Strong,19,53,45000000,51,Bootstrapped,9000000,Mature,"['SOC 2', 'None']",4,16,15,True,True,Low,Regional,Lucknow,"['Tamil Nadu', 'Telangana', 'Maharashtra']",Bengaluru,2,Comprehensive,Community,Complete,established_weak_relevance
25c2db0f-c28f-44f8-b812-5ff45d4bc408,"Karpe, Chander and Devan","Infrastructure startup focusing on IoT, Computer Vision","Karpe, Chander and Devan specializes in IoT, Computer Vision combined with innovative software to solve infrastructure challenges.",Infrastructure,['Healthcare'],"['IoT', 'Computer Vision']",['NLP'],8,3,10,Average,21,85,19400000,71,Series B,6000000,Mature,['SOC 2'],1,2,8,True,True,Low,Local,Noida,['UP'],Pan India,10,Basic,8x5,Complete,excellent_tech_excellent_exp
9d20ed74-b2c3-46a7-9f2d-5e00430660bd,"Khatri, Arya and Natt",Smart City startup focusing on Computer Vision,An innovative startup leveraging Computer Vision to revolutionize smart city operations.,Smart City,[],['Computer Vision'],[],2,2,26,Average,18,61,25600000,78,Series A,11000000,MVP,"['None', 'ISO 27001']",4,12,3,False,True,Medium,Local,Indore,"['Tamil Nadu', 'Gujarat', 'Delhi', 'West Bengal']",Pan India,6,Basic,24x7,Complete,early_stage_excellent_prototype
a1378804-9c77-47f9-9174-b1656dd82cb4,Sehgal Ltd,"Tourism startup focusing on VR/AR, Mobile Tech","An innovative startup leveraging VR/AR, Mobile Tech to revolutionize tourism operations.",Tourism,"['Transportation', 'Logistics']","['VR/AR', 'Mobile Tech']","['IoT', 'Blockchain']",6,3,8,Specialized,23,57,41300000,79,Series A,2000000,Growth,['None'],5,12,1,True,True,High,Local,Guwahati,['Kerala'],Delhi,7,Comprehensive,24x7,Complete,strong_sector_weak_scale
0e01dc91-e914-4f60-a88f-f0edf02b6233,Datta-Rattan,"Disaster Management startup focusing on Predictive Analytics, IoT, Drones","We build Predictive Analytics, IoT, Drones systems for disaster management applications, delivering scalable solutions and intelligent integration.",Disaster Management,['Defence'],"['Predictive Analytics', 'IoT', 'Drones']",['Drones'],15,13,3,Strong,17,71,37200000,16,Series B,2000000,Mature,['None'],5,4,0,True,True,Low,National,Surat,"['Telangana', 'Maharashtra', 'West Bengal', 'Karnataka']",Visakhapatnam,11,Basic,Community,Complete,established_weak_relevance
f8286fa8-1640-4949-8bb3-96b95f57dc7e,Dasgupta-Tandon,"Healthcare startup focusing on Wearables, Computer Vision, NLP","Dasgupta-Tandon specializes in Wearables, Computer Vision, NLP combined with innovative software to solve healthcare challenges.",Healthcare,"['Environment', 'FinTech']","['Wearables', 'Computer Vision', 'NLP']","['NLP', 'IoT']",2,2,12,Specialized,8,73,20800000,37,Series A,1000000,Mature,['None'],1,4,12,True,False,Low,National,Kolkata,['Tamil Nadu'],Pan India,1,Comprehensive,24x7,Complete,early_stage_excellent_prototype
19598bab-3427-4edc-90f8-9489d5a7fcc6,"Tella, Batta and Mane","Waste Management startup focusing on Computer Vision, IoT, Sensors","An innovative startup leveraging Computer Vision, IoT, Sensors to revolutionize waste management operations.",Waste Management,['Skill Development'],"['Computer Vision', 'IoT', 'Sensors']",['NLP'],1,1,6,Strong,25,77,24900000,45,Series C,6000000,MVP,['ISO 27001'],4,20,14,True,True,Medium,Regional,Bengaluru,"['Delhi', 'Maharashtra', 'Karnataka']",Pan India,8,Advanced,8x5,Complete,early_stage_excellent_prototype
7479adac-1df8-4762-801c-09c5cb2d287f,Saini Group,Infrastructure startup focusing on Computer Vision,An innovative startup leveraging Computer Vision to revolutionize infrastructure operations.,Infrastructure,[],['Computer Vision'],[],12,11,18,Average,16,58,25000000,65,Series B,2000000,Growth,['CMMI'],2,15,7,True,True,Medium,Regional,Ahmedabad,['Tamil Nadu'],Pan India,3,Advanced,24x7,Complete,strong_sector_weak_scale
dae61bb6-860e-47f5-abdc-3276d4791ff8,Kakar PLC,"Governance startup focusing on OCR, Data Analytics","Kakar PLC specializes in OCR, Data Analytics combined with innovative software to solve governance challenges.",Governance,[],"['OCR', 'Data Analytics']",[],13,12,4,Strong,18,33,36200000,16,Bootstrapped,6000000,Early Revenue,['SOC 2'],4,1,13,True,True,Low,Regional,Guwahati,"['UP', 'Telangana', 'West Bengal']",Kochi,4,Basic,Community,Complete,highly_specialized
3101add7-1c73-4c40-996c-d1b3e5ecb479,"Bhagat, Bava and Chacko",Tourism startup focusing on VR/AR,An innovative startup leveraging VR/AR to revolutionize tourism operations.,Tourism,[],['VR/AR'],[],4,3,3,Average,18,72,17700000,41,Bootstrapped,9000000,MVP,['ISO 27001'],3,5,5,True,True,High,Regional,Nagpur,"['Maharashtra', 'Karnataka', 'West Bengal']",Nashik,5,Basic,24x7,Complete,highly_specialized
56fb2842-c4e4-4f8a-909e-e8160a59663c,Sinha-Hari,"Environment startup focusing on IoT, Data Analytics","We build IoT, Data Analytics systems for environment applications, delivering scalable solutions and intelligent integration.",Environment,[],"['IoT', 'Data Analytics']",[],2,0,157,Average,22,39,8000000,10,Seed,14000000,Growth,['None'],1,14,1,False,False,High,Regional,Hyderabad,['Delhi'],Noida,4,Basic,8x5,Complete,excellent_tech_low_exp
6ea6523c-a959-4523-8ae0-6ba39e25ca84,Sachdeva-Bhatnagar,"Healthcare startup focusing on Wearables, Computer Vision, Data Analytics","We provide end-to-end healthcare services powered by Wearables, Computer Vision, Data Analytics and a strong team of experts.",Healthcare,['Skill Development'],"['Wearables', 'Computer Vision', 'Data Analytics']",['NLP'],6,4,40,Strong,21,40,20600000,57,Series C,9000000,Growth,['SOC 2'],2,8,13,True,True,High,Local,Gurugram,"['Tamil Nadu', 'Kerala']",Lucknow,9,Advanced,8x5,Complete,strong_tech_geo_mismatch
15406a89-ec09-4b4e-9d67-dca7dee1889d,"Handa, Dutta and Chandran","Waste Management startup focusing on Sensors, Route Optimization, IoT","We provide end-to-end waste management services powered by Sensors, Route Optimization, IoT and a strong team of experts.",Waste Management,['Governance'],"['Sensors', 'Route Optimization', 'IoT']",['Blockchain'],1,1,67,Specialized,22,54,40300000,73,Series A,18000000,Early Revenue,"['None', 'SOC 2']",0,1,7,True,False,High,Regional,Delhi,"['Kerala', 'Tamil Nadu']",Chandigarh,11,Basic,8x5,Complete,early_stage_excellent_prototype
174d2a2c-2e06-46da-920b-2bb544f47165,"Malhotra, Tak and Deshmukh",Smart City startup focusing on Edge Computing,"Malhotra, Tak and Deshmukh specializes in Edge Computing combined with innovative software to solve smart city challenges.",Smart City,"['Defence', 'Skill Development']",['Edge Computing'],"['Computer Vision', 'Machine Learning']",6,2,144,Average,18,56,23200000,26,Bootstrapped,8000000,Prototype,"['SOC 2', 'CMMI']",2,6,1,True,True,Low,National,Bhubaneswar,['UP'],Pan India,8,Basic,8x5,Complete,strong_sector_weak_scale
f3408637-697a-4dbb-b136-334c7f7845d5,Chaudhari-Chacko,Tourism startup focusing on NLP,"We build NLP systems for tourism applications, delivering scalable solutions and intelligent integration.",Tourism,"['Cybersecurity', 'Education']",['NLP'],"['VR/AR', 'AI']",5,5,5,Strong,14,66,32600000,57,Series B,4000000,Mature,"['ISO 27001', 'SOC 2']",3,20,10,True,True,Low,National,Pune,"['UP', 'Delhi', 'Gujarat', 'Kerala']",Ahmedabad,7,Advanced,Community,Incomplete,incomplete_eligibility
1e54c8fc-b16b-41ef-bf02-c908c77010a7,"Swamy, Patil and Radhakrishnan",Skill Development startup focusing on Recommendation Systems,We provide end-to-end skill development services powered by Recommendation Systems and a strong team of experts.,Skill Development,[],['Recommendation Systems'],[],14,12,29,Specialized,14,73,15800000,38,Series C,20000000,Early Revenue,['CMMI'],4,5,11,True,True,High,Local,Chandigarh,"['Gujarat', 'Telangana', 'West Bengal']",Nagpur,3,Comprehensive,24x7,Complete,established_weak_relevance
ddc704ac-1355-4bf1-9e8b-bed5a1c76e40,Dalal Ltd,"Defence startup focusing on Drones, Robotics, Computer Vision","An innovative startup leveraging Drones, Robotics, Computer Vision to revolutionize defence operations.",Defence,['Public Safety'],"['Drones', 'Robotics', 'Computer Vision']",['Predictive Analytics'],10,9,127,Average,15,42,49200000,17,Seed,8000000,Early Revenue,"['CMMI', 'SOC 2']",0,1,11,True,True,Low,Regional,Guwahati,"['Maharashtra', 'Karnataka', 'Delhi', 'Tamil Nadu']",Pan India,9,Comprehensive,24x7,Complete,established_weak_relevance
51427d54-1fb1-48d1-add7-1f8fad721228,"Sankaran, Desai and Borra","Logistics startup focusing on IoT, Predictive Analytics, Blockchain","An innovative startup leveraging IoT, Predictive Analytics, Blockchain to revolutionize logistics operations.",Logistics,['Disaster Management'],"['IoT', 'Predictive Analytics', 'Blockchain']",['Drones'],15,0,5,Average,16,44,49000000,64,Series A,8000000,Prototype,['SOC 2'],0,17,7,True,True,High,Local,Hyderabad,"['Delhi', 'Tamil Nadu', 'UP', 'Kerala']",Pan India,3,Comprehensive,8x5,Complete,multi_sector
2cfa0732-7d24-4bcb-a1fb-57a989cea4e9,Verma-Ray,Disaster Management startup focusing on Satellite Imaging,Verma-Ray specializes in Satellite Imaging combined with innovative software to solve disaster management challenges.,Disaster Management,['Skill Development'],['Satellite Imaging'],['VR/AR'],11,11,4,Strong,11,70,25600000,56,Seed,7000000,Mature,['None'],1,6,2,True,True,Low,Local,Bhopal,"['Maharashtra', 'Tamil Nadu']",Pan India,10,Comprehensive,8x5,Complete,established_weak_relevance
67e3534c-2c33-40d3-9af2-29506919f018,Walia and Sons,"Agriculture startup focusing on Computer Vision, IoT","We build Computer Vision, IoT systems for agriculture applications, delivering scalable solutions and intelligent integration.",Agriculture,[],"['Computer Vision', 'IoT']",[],8,8,48,Strong,11,72,9300000,54,Series B,15000000,Early Revenue,"['ISO 27001', 'CMMI']",5,0,3,True,True,High,National,Nagpur,['West Bengal'],Bhopal,4,Basic,24x7,Complete,high_exp_weak_tech
b02deb4d-0f60-4248-8438-0e50469c5da1,"Bhalla, Chand and Tandon",Water Management startup focusing on Machine Learning,We provide end-to-end water management services powered by Machine Learning and a strong team of experts.,Water Management,"['Renewable Energy', 'Environment']",['Machine Learning'],"['IoT', 'Predictive Analytics']",9,9,28,Strong,13,60,23800000,17,Seed,17000000,MVP,['None'],0,1,7,True,True,High,National,Coimbatore,['UP'],Pan India,5,Comprehensive,Community,Complete,established_weak_relevance
